timestamp,vehicle_type,energy_consumed_kWh,charging_power_kW,queue_length,station_load,electricity_price
2025-01-01 00:00:00,Two-Wheeler,30.52861581613373,7,4,15.16167224336399,13.66
2025-01-01 00:15:00,Two-Wheeler,41.50450739190028,50,3,20.99721943430511,5.47
2025-01-01 00:30:00,Car,45.01630646806008,50,8,31.606150771755594,9.5
2025-01-01 00:45:00,Two-Wheeler,28.29166994920168,11,3,21.803049874792027,6.22
2025-01-01 01:00:00,Two-Wheeler,55.81083464664709,11,5,15.62626584911117,13.42
2025-01-01 01:15:00,Bus,45.0787507945843,50,0,20.416685200516476,14.61
2025-01-01 01:30:00,Bus,22.78598235468929,50,2,15.30533878126005,5.16
2025-01-01 01:45:00,Car,48.03472787733584,50,7,18.480893034681806,8.58
2025-01-01 02:00:00,Car,53.5196910830968,50,6,23.658537495075798,14.72
2025-01-01 02:15:00,Two-Wheeler,38.04203637839725,22,2,16.034384046707924,13.96
2025-01-01 02:30:00,Car,63.007945434916344,7,2,30.59395304685146,13.08
2025-01-01 02:45:00,Two-Wheeler,59.30848360436874,50,7,33.14880310328125,13.96
2025-01-01 03:00:00,Two-Wheeler,51.59555714922644,22,5,23.348220062975578,7.22
2025-01-01 03:15:00,Car,35.588913415680395,50,8,19.29784494217963,7.54
2025-01-01 03:30:00,Two-Wheeler,22.998284785870723,11,3,18.57292928473223,14.08
2025-01-01 03:45:00,Bus,50.70813132850907,11,1,26.23239230657435,7.38
2025-01-01 04:00:00,Car,29.50704380341848,50,3,16.730370207997083,5.41
2025-01-01 04:15:00,Bus,32.66551402685946,22,1,14.48732858009983,11.91
2025-01-01 04:30:00,Two-Wheeler,22.24048633691473,22,3,26.19968092068358,13.17
2025-01-01 04:45:00,Car,14.754888011131362,11,8,24.984191492253217,12.26
2025-01-01 05:00:00,Car,25.930950173371574,50,5,15.183941032332593,6.01
2025-01-01 05:15:00,Bus,24.103668516737283,22,6,30.24358442695072,7.37
2025-01-01 05:30:00,Two-Wheeler,22.37908812221416,50,4,19.30404735363451,7.44
2025-01-01 05:45:00,Two-Wheeler,40.96816903468714,7,5,24.850353876377277,6.95
2025-01-01 06:00:00,Bus,11.955909839033554,11,4,33.33309638087339,14.64
2025-01-01 06:15:00,Two-Wheeler,79.91425458127601,7,3,24.136025249167005,14.36
2025-01-01 06:30:00,Bus,30.175201534830723,11,6,29.94031481990536,12.02
2025-01-01 06:45:00,Bus,19.370177277640874,7,5,15.103697255479736,11.28
2025-01-01 07:00:00,Car,43.32791684252107,50,0,86.88104541180797,8.28
2025-01-01 07:15:00,Car,18.270920807482785,7,3,83.88973040219217,12.7
2025-01-01 07:30:00,Bus,62.522046665888645,11,0,91.80744779074814,7.71
2025-01-01 07:45:00,Two-Wheeler,80.7833162834315,11,7,83.3581177765708,6.73
2025-01-01 08:00:00,Two-Wheeler,76.00330515270286,50,11,88.42691594711565,12.3
2025-01-01 08:15:00,Bus,30.867947491166788,7,4,67.7662795307424,8.11
2025-01-01 08:30:00,Car,70.07476328013132,11,5,86.57509793600249,11.84
2025-01-01 08:45:00,Bus,35.46977378916756,50,6,93.08673369531927,10.73
2025-01-01 09:00:00,Car,12.582141542641288,11,2,70.58356478833497,8.77
2025-01-01 09:15:00,Car,16.82036436107142,7,7,71.72659310486625,11.97
2025-01-01 09:30:00,Two-Wheeler,18.78042175127869,7,7,100.0,9.13
2025-01-01 09:45:00,Two-Wheeler,78.07015701048299,22,7,71.12495475343731,14.03
2025-01-01 10:00:00,Car,26.016731607443283,7,5,100.0,10.73
2025-01-01 10:15:00,Car,35.92677222296643,50,7,98.66316174903395,12.9
2025-01-01 10:30:00,Car,52.75321116206748,7,2,67.71966728211343,12.62
2025-01-01 10:45:00,Car,78.87117912144848,7,7,70.25395122567599,5.85
2025-01-01 11:00:00,Car,16.1325783736169,50,2,55.3144074778231,10.58
2025-01-01 11:15:00,Bus,45.76405406611236,11,4,37.564537488042156,6.18
2025-01-01 11:30:00,Car,56.78579676443022,50,0,54.06327747080202,14.78
2025-01-01 11:45:00,Two-Wheeler,40.35176019403498,7,1,33.263036412693076,6.66
2025-01-01 12:00:00,Two-Wheeler,42.647354408033806,50,4,37.202681978076534,8.36
2025-01-01 12:15:00,Car,23.442494598133425,50,6,60.41385059120846,11.85
2025-01-01 12:30:00,Car,34.345031599293876,11,4,58.31659992345499,14.87
2025-01-01 12:45:00,Two-Wheeler,11.178683118017211,22,5,36.10465602907974,6.34
2025-01-01 13:00:00,Bus,40.168158146304734,7,9,61.71243606127368,8.78
2025-01-01 13:15:00,Car,12.689234591119163,7,4,56.70997396516686,5.47
2025-01-01 13:30:00,Car,37.27733220851724,50,3,45.61607335995225,12.85
2025-01-01 13:45:00,Two-Wheeler,29.146014130584064,11,9,52.12424766071187,14.04
2025-01-01 14:00:00,Car,18.752725825065095,7,4,59.26274245056129,12.69
2025-01-01 14:15:00,Two-Wheeler,71.43356587993318,11,7,39.27589984325992,6.29
2025-01-01 14:30:00,Two-Wheeler,52.814363933754976,22,5,64.19331047810313,11.02
2025-01-01 14:45:00,Bus,30.42819321936083,7,3,49.03270511197569,8.56
2025-01-01 15:00:00,Bus,19.334935757078725,7,5,39.709330481485814,8.77
2025-01-01 15:15:00,Two-Wheeler,15.760496114762201,50,1,45.53568955573064,11.18
2025-01-01 15:30:00,Car,37.46029953199255,7,3,44.91491497512247,6.05
2025-01-01 15:45:00,Bus,13.68056065558261,11,3,59.71581842219685,10.94
2025-01-01 16:00:00,Two-Wheeler,24.831421679627283,50,1,39.51327717396173,8.63
2025-01-01 16:15:00,Bus,24.044573131376602,7,1,45.63429402426214,13.51
2025-01-01 16:30:00,Car,28.03478622318059,11,4,55.686882898653266,13.21
2025-01-01 16:45:00,Two-Wheeler,26.610030834509097,50,6,58.08741551095464,10.3
2025-01-01 17:00:00,Two-Wheeler,53.8704701009616,22,4,69.37658707755897,5.63
2025-01-01 17:15:00,Bus,34.24263777514686,22,7,90.82554962431377,9.72
2025-01-01 17:30:00,Two-Wheeler,53.27892806385748,7,6,99.67315107033087,6.4
2025-01-01 17:45:00,Bus,49.072026062070215,7,1,97.31464521850063,8.16
2025-01-01 18:00:00,Bus,35.04456919694166,7,5,74.2885078058727,14.0
2025-01-01 18:15:00,Bus,37.714520681597726,11,6,79.39622458628344,6.39
2025-01-01 18:30:00,Two-Wheeler,30.08652690285588,7,1,90.75785170290708,5.34
2025-01-01 18:45:00,Car,31.3609412441965,11,3,68.99669709395096,7.29
2025-01-01 19:00:00,Car,40.6432846975143,22,1,97.33802245334513,10.83
2025-01-01 19:15:00,Bus,49.39945790651759,7,2,85.71851621035286,6.02
2025-01-01 19:30:00,Bus,20.63803993046421,7,3,70.45283517976483,13.37
2025-01-01 19:45:00,Bus,36.261736927652116,7,2,70.2231923350255,12.88
2025-01-01 20:00:00,Two-Wheeler,26.23249001038021,22,3,71.98419291759927,9.52
2025-01-01 20:15:00,Bus,51.79029564357945,50,2,73.10348690517672,7.2
2025-01-01 20:30:00,Bus,51.95159536023661,50,0,71.98383647065909,8.1
2025-01-01 20:45:00,Bus,43.51839002852001,11,1,63.6283455771341,12.76
2025-01-01 21:00:00,Bus,48.6190859100942,7,3,93.12984882989804,7.72
2025-01-01 21:15:00,Bus,26.619204665094827,50,0,70.15554256173218,6.96
2025-01-01 21:30:00,Two-Wheeler,30.969681854107158,22,7,100.0,11.03
2025-01-01 21:45:00,Car,41.459068776686735,7,2,65.47700059801397,11.33
2025-01-01 22:00:00,Car,14.738346573923385,50,8,25.26118424390181,5.34
2025-01-01 22:15:00,Bus,18.978800697775572,50,5,26.31553239933121,14.85
2025-01-01 22:30:00,Bus,17.25148431328581,7,0,22.90108335538659,9.22
2025-01-01 22:45:00,Bus,30.55385346961262,22,8,34.30108856804914,9.98
2025-01-01 23:00:00,Car,89.43804679002132,7,2,26.643691569181247,7.51
2025-01-01 23:15:00,Bus,17.711761081500804,11,3,21.440721191013747,8.54
2025-01-01 23:30:00,Bus,69.60796316385475,50,7,31.430657222438114,11.1
2025-01-01 23:45:00,Car,65.28458489599473,11,5,24.927324944024726,10.97
2025-01-02 00:00:00,Two-Wheeler,36.05141825195536,7,7,32.98831757937958,11.95
2025-01-02 00:15:00,Bus,44.425642009034256,22,6,19.702658576772393,10.42
2025-01-02 00:30:00,Bus,13.449542810459626,50,6,19.611506902546672,10.68
2025-01-02 00:45:00,Bus,53.376298645015396,22,7,34.24085301978627,13.45
2025-01-02 01:00:00,Bus,36.910023594816636,7,5,21.797499275361325,12.25
2025-01-02 01:15:00,Car,18.92397764428819,11,0,27.71955496472374,11.16
2025-01-02 01:30:00,Two-Wheeler,51.899108827575866,11,8,26.03861827218484,9.8
2025-01-02 01:45:00,Bus,15.475898792032227,7,0,24.645436143692905,5.03
2025-01-02 02:00:00,Bus,87.89534051818191,7,4,16.488751145937126,14.56
2025-01-02 02:15:00,Bus,51.84072090806518,50,7,35.07447934350541,14.89
2025-01-02 02:30:00,Car,48.163919706894184,11,3,17.409724181403508,6.86
2025-01-02 02:45:00,Car,58.511103850192335,22,3,26.920412361075844,6.54
2025-01-02 03:00:00,Car,12.691994314500683,7,3,30.774961597379544,14.56
2025-01-02 03:15:00,Bus,16.966840507754807,22,2,12.101642796360519,11.96
2025-01-02 03:30:00,Car,43.565723762934205,11,8,32.67819837907403,10.21
2025-01-02 03:45:00,Bus,27.29931781618992,7,2,30.601807010194772,6.06
2025-01-02 04:00:00,Car,33.24888813230403,22,5,15.02240222960219,10.56
2025-01-02 04:15:00,Car,30.259237336501744,11,0,12.316877135605154,8.77
2025-01-02 04:30:00,Two-Wheeler,26.740622052357345,11,8,36.64056211020035,6.03
2025-01-02 04:45:00,Car,15.541720239170294,50,5,26.643409203525465,8.46
2025-01-02 05:00:00,Two-Wheeler,88.41183415184658,11,8,23.050174993767644,5.01
2025-01-02 05:15:00,Two-Wheeler,51.51820116615101,7,8,34.51841531599793,7.98
2025-01-02 05:30:00,Two-Wheeler,23.996492370264797,50,0,16.41485480876255,12.24
2025-01-02 05:45:00,Car,12.378245368985043,50,12,32.864656115799164,6.59
2025-01-02 06:00:00,Car,18.604010732637434,22,3,31.236720699198223,14.68
2025-01-02 06:15:00,Bus,12.230939956379297,50,4,23.83189093482874,5.64
2025-01-02 06:30:00,Bus,82.5209678666217,7,4,23.59877669434247,11.0
2025-01-02 06:45:00,Car,12.69616719277867,7,3,15.098603568363497,7.42
2025-01-02 07:00:00,Bus,54.43019917396509,50,2,76.02507724836723,5.33
2025-01-02 07:15:00,Car,16.450672273704285,11,6,74.0060097697924,6.67
2025-01-02 07:30:00,Two-Wheeler,23.493906795721045,50,8,71.204593855387,13.95
2025-01-02 07:45:00,Two-Wheeler,26.381923371020303,22,5,68.26519928122357,5.6
2025-01-02 08:00:00,Two-Wheeler,39.58953504018917,7,6,85.92782865812556,10.55
2025-01-02 08:15:00,Bus,19.600847298243004,50,1,63.887936359167036,5.31
2025-01-02 08:30:00,Two-Wheeler,47.68773539904753,7,1,100.0,5.4
2025-01-02 08:45:00,Bus,66.39770828413097,11,4,100.0,9.22
2025-01-02 09:00:00,Bus,25.0264847230911,50,9,94.30162132905224,8.73
2025-01-02 09:15:00,Bus,67.9980610274547,11,8,88.59269415718761,8.59
2025-01-02 09:30:00,Car,18.789615468219935,7,8,73.23494642873399,14.7
2025-01-02 09:45:00,Car,32.00944577534767,50,5,98.15533463530437,9.31
2025-01-02 10:00:00,Bus,53.27405287790911,22,7,85.98523502999255,13.44
2025-01-02 10:15:00,Car,46.955192437775096,50,4,85.24678112004128,14.37
2025-01-02 10:30:00,Car,84.68657174693348,22,7,85.18959422535437,10.16
2025-01-02 10:45:00,Bus,62.78469330725066,11,1,69.07413808491793,11.73
2025-01-02 11:00:00,Car,41.83265835898005,22,7,65.3384265842207,11.83
2025-01-02 11:15:00,Car,26.544194104547447,50,5,59.80516651135632,11.67
2025-01-02 11:30:00,Car,13.354971879237729,7,5,52.01048782960004,12.38
2025-01-02 11:45:00,Two-Wheeler,42.46524804136558,11,3,44.270167556451796,7.97
2025-01-02 12:00:00,Bus,70.97901478836012,7,0,41.1975537488802,7.27
2025-01-02 12:15:00,Car,20.813113441542683,7,4,49.57245355408654,9.79
2025-01-02 12:30:00,Car,70.84068894777971,50,9,63.3895721614828,12.18
2025-01-02 12:45:00,Bus,51.59750236822785,22,9,44.91462379718632,9.79
2025-01-02 13:00:00,Car,26.111823677340322,50,0,48.31001349932755,12.16
2025-01-02 13:15:00,Two-Wheeler,17.385918440016322,22,6,51.754901510011805,12.09
2025-01-02 13:30:00,Bus,21.35352065711834,7,6,54.048354604389935,13.19
2025-01-02 13:45:00,Car,17.3009112986571,50,4,61.000693701940335,8.53
2025-01-02 14:00:00,Bus,41.99464680423308,7,5,48.55303036211687,10.87
2025-01-02 14:15:00,Bus,26.542160687336356,7,9,55.4009223814221,7.32
2025-01-02 14:30:00,Two-Wheeler,36.0866823454941,11,0,51.52793296974529,11.92
2025-01-02 14:45:00,Car,34.41562562458856,11,6,38.3825810696696,5.86
2025-01-02 15:00:00,Two-Wheeler,17.327739051288322,7,2,56.01069523467085,7.34
2025-01-02 15:15:00,Two-Wheeler,17.51151447434215,50,1,51.0846086559457,14.94
2025-01-02 15:30:00,Two-Wheeler,64.17122272095868,7,6,42.028010659771695,10.36
2025-01-02 15:45:00,Bus,54.38265576043637,50,6,47.47578840732025,6.2
2025-01-02 16:00:00,Two-Wheeler,14.369500584353682,7,4,57.637059648767945,13.65
2025-01-02 16:15:00,Bus,40.65550159450637,11,3,43.25023505690763,8.81
2025-01-02 16:30:00,Bus,23.988113332787652,22,6,53.237621469532996,10.67
2025-01-02 16:45:00,Bus,25.254504031717858,11,8,53.974435776782784,12.21
2025-01-02 17:00:00,Two-Wheeler,48.79426455040475,11,7,90.006534019865,9.79
2025-01-02 17:15:00,Bus,17.432971252459637,11,7,100.0,13.25
2025-01-02 17:30:00,Two-Wheeler,50.38284736712453,50,4,76.47264532341038,10.06
2025-01-02 17:45:00,Car,88.22963557889673,11,6,68.45398508442673,12.81
2025-01-02 18:00:00,Bus,14.88287249556351,11,5,67.49167192520251,10.09
2025-01-02 18:15:00,Bus,56.01548922050206,50,6,94.97269878706645,12.92
2025-01-02 18:30:00,Bus,69.37799958374823,7,4,83.25376606541295,5.19
2025-01-02 18:45:00,Bus,31.62620773389851,7,4,85.91837955894772,9.54
2025-01-02 19:00:00,Bus,58.33282838154897,11,0,75.7790511428014,9.59
2025-01-02 19:15:00,Car,25.46775705513693,50,1,78.50412496221568,7.55
2025-01-02 19:30:00,Two-Wheeler,39.13643689617055,50,5,89.55734339040248,5.67
2025-01-02 19:45:00,Two-Wheeler,48.291677969524706,7,8,100.0,6.05
2025-01-02 20:00:00,Car,50.22100470441642,22,1,82.98464174875699,13.31
2025-01-02 20:15:00,Two-Wheeler,33.791219099766174,50,8,83.27758558611583,7.06
2025-01-02 20:30:00,Two-Wheeler,26.434894108481526,22,9,98.9229271771813,13.12
2025-01-02 20:45:00,Two-Wheeler,12.6414340758977,22,2,84.00367761832624,8.89
2025-01-02 21:00:00,Two-Wheeler,27.39225299372191,50,7,77.33726481167272,10.44
2025-01-02 21:15:00,Two-Wheeler,65.48031723757401,50,5,100.0,5.43
2025-01-02 21:30:00,Two-Wheeler,49.479716768703675,50,5,88.61390761835091,10.08
2025-01-02 21:45:00,Two-Wheeler,85.31215396772217,50,7,73.40286539818293,9.62
2025-01-02 22:00:00,Two-Wheeler,22.352656812817443,7,10,32.31970900520358,6.88
2025-01-02 22:15:00,Car,47.124540977443544,11,6,35.161469602387605,8.68
2025-01-02 22:30:00,Car,83.08076970892891,22,10,37.723915609301486,10.93
2025-01-02 22:45:00,Car,88.54643098280232,11,3,14.859812796462643,10.88
2025-01-02 23:00:00,Car,45.84463718755175,11,12,34.04291288104962,5.23
2025-01-02 23:15:00,Bus,52.24347212268063,7,3,23.405931538373082,8.73
2025-01-02 23:30:00,Bus,15.622437259716556,22,7,22.988870209837735,6.73
2025-01-02 23:45:00,Car,32.74028277904049,22,8,29.437445424543732,10.88
2025-01-03 00:00:00,Two-Wheeler,47.62876417056786,22,3,30.454605009692038,13.42
2025-01-03 00:15:00,Bus,17.13828867797173,50,10,28.737014052303593,12.3
2025-01-03 00:30:00,Two-Wheeler,42.86418163998226,50,2,27.742532052032082,14.75
2025-01-03 00:45:00,Car,15.34934164567228,50,4,14.93001172880131,11.2
2025-01-03 01:00:00,Car,20.01607127378059,22,5,33.73644924066184,5.52
2025-01-03 01:15:00,Two-Wheeler,19.582783030573605,7,1,14.961952655194803,10.65
2025-01-03 01:30:00,Bus,26.66947259553744,7,2,29.012321156822757,10.61
2025-01-03 01:45:00,Car,27.920442473469038,22,3,23.870764346852923,5.82
2025-01-03 02:00:00,Car,18.760261831914555,22,6,17.245462117637715,10.13
2025-01-03 02:15:00,Car,30.41165401847901,50,3,23.896955181690313,12.58
2025-01-03 02:30:00,Bus,33.31822408200052,22,5,30.014590139986943,10.58
2025-01-03 02:45:00,Car,26.723393824153195,7,3,20.438653358337298,9.52
2025-01-03 03:00:00,Bus,46.78020804277025,50,8,23.528833811667923,8.12
2025-01-03 03:15:00,Car,27.7209017993258,50,5,27.269462772783527,8.63
2025-01-03 03:30:00,Two-Wheeler,53.36823826495836,50,4,26.30596050139604,5.83
2025-01-03 03:45:00,Two-Wheeler,20.733585310873504,22,3,19.460223967724275,14.97
2025-01-03 04:00:00,Bus,37.72746229546969,7,3,20.580542524381947,14.73
2025-01-03 04:15:00,Bus,32.519774744145856,50,0,26.432737954209433,9.59
2025-01-03 04:30:00,Two-Wheeler,31.11320118427068,50,3,19.95882823164333,9.5
2025-01-03 04:45:00,Two-Wheeler,13.50378234055484,22,6,16.622311998347154,12.39
2025-01-03 05:00:00,Bus,12.599021304361411,22,4,31.327730285026842,7.16
2025-01-03 05:15:00,Two-Wheeler,22.44080398138914,11,5,19.655262942025775,13.07
2025-01-03 05:30:00,Car,37.186781070586804,22,0,14.534607658470213,8.82
2025-01-03 05:45:00,Car,41.086932572434634,7,4,33.32486821413596,6.27
2025-01-03 06:00:00,Car,66.82475416498296,22,8,30.564762209265627,10.33
2025-01-03 06:15:00,Bus,55.880889190470874,50,6,32.490696161740644,5.74
2025-01-03 06:30:00,Car,35.540104710330695,7,1,30.78056716700348,11.26
2025-01-03 06:45:00,Car,45.64474368436913,50,9,32.17650140280141,7.52
2025-01-03 07:00:00,Car,16.961996055928825,7,1,74.63262799159386,6.65
2025-01-03 07:15:00,Two-Wheeler,37.919915103549016,22,0,64.16899211233391,8.85
2025-01-03 07:30:00,Two-Wheeler,19.40600910757196,22,7,67.11684130485449,5.4
2025-01-03 07:45:00,Two-Wheeler,44.87018174334289,7,0,84.90078782918981,9.7
2025-01-03 08:00:00,Car,26.88503951026162,11,5,76.39632086123844,9.63
2025-01-03 08:15:00,Two-Wheeler,30.13022353583757,11,3,74.3824920705159,13.18
2025-01-03 08:30:00,Car,52.654392959292935,22,3,78.78304302390586,9.22
2025-01-03 08:45:00,Bus,77.09133729044154,7,3,100.0,13.21
2025-01-03 09:00:00,Car,28.304561828978592,50,2,76.76212087043666,6.21
2025-01-03 09:15:00,Bus,20.93640405533686,22,4,90.74290586891657,11.79
2025-01-03 09:30:00,Bus,61.055681950233954,11,5,70.6854849517383,5.12
2025-01-03 09:45:00,Two-Wheeler,22.141898877332174,22,7,96.16693950197792,11.52
2025-01-03 10:00:00,Car,21.72194681726987,11,0,75.36958480549525,9.5
2025-01-03 10:15:00,Car,36.284312209369304,11,4,79.71896901381164,10.26
2025-01-03 10:30:00,Two-Wheeler,21.811838088932134,50,5,80.15641112235258,5.07
2025-01-03 10:45:00,Bus,44.66347514809819,11,8,100.0,10.8
2025-01-03 11:00:00,Car,35.22007974850177,11,4,45.86302803978743,8.13
2025-01-03 11:15:00,Two-Wheeler,17.179478296723044,7,0,44.22019285449468,9.44
2025-01-03 11:30:00,Bus,63.09850993646059,50,6,40.624351295354614,10.54
2025-01-03 11:45:00,Two-Wheeler,26.89395320753508,22,2,37.83871510114616,5.58
2025-01-03 12:00:00,Two-Wheeler,49.0427384867219,22,4,52.787029642631914,9.89
2025-01-03 12:15:00,Car,56.23164803998378,11,8,44.039363234673,8.95
2025-01-03 12:30:00,Car,26.716361671882737,22,3,34.1394468986956,12.46
2025-01-03 12:45:00,Bus,49.99567210383046,11,4,48.502223079194394,13.64
2025-01-03 13:00:00,Two-Wheeler,38.28037243643232,7,9,65.83357670472697,9.56
2025-01-03 13:15:00,Two-Wheeler,36.89111255886784,22,4,59.61885900866267,9.39
2025-01-03 13:30:00,Bus,31.4292503523945,50,11,60.334108313631006,13.2
2025-01-03 13:45:00,Two-Wheeler,14.117131998306528,22,7,37.4294583300118,12.38
2025-01-03 14:00:00,Two-Wheeler,48.55726144169299,7,6,54.408123427123755,5.89
2025-01-03 14:15:00,Car,52.23350665778896,11,0,48.96269488518727,10.77
2025-01-03 14:30:00,Car,20.10968911018503,50,1,52.3033016926512,11.67
2025-01-03 14:45:00,Bus,29.465350413401577,11,2,32.66080763671451,10.83
2025-01-03 15:00:00,Car,24.349517419620884,7,7,50.61840544325071,13.21
2025-01-03 15:15:00,Car,27.965588851457245,50,1,39.699103568308274,10.63
2025-01-03 15:30:00,Car,33.32343274000613,11,2,44.07339912301007,6.03
2025-01-03 15:45:00,Two-Wheeler,30.47660884358201,11,7,51.00903999890832,8.4
2025-01-03 16:00:00,Car,25.345687154962526,50,0,58.0896346190747,11.75
2025-01-03 16:15:00,Car,70.61755972721764,22,7,41.173475466732626,7.54
2025-01-03 16:30:00,Two-Wheeler,40.79378698567764,11,4,53.03019219133613,14.99
2025-01-03 16:45:00,Bus,32.38902669121042,22,4,45.06121512594386,8.7
2025-01-03 17:00:00,Bus,31.573398583809286,7,6,91.90852684251686,12.96
2025-01-03 17:15:00,Bus,24.95098644523241,22,3,100.0,5.52
2025-01-03 17:30:00,Car,42.96642036731541,7,6,87.7522291146495,6.0
2025-01-03 17:45:00,Two-Wheeler,32.033914288464345,50,8,100.0,7.67
2025-01-03 18:00:00,Bus,20.28621887294398,50,2,67.26073067665511,13.57
2025-01-03 18:15:00,Two-Wheeler,23.466385460545197,11,2,75.6721482196873,12.39
2025-01-03 18:30:00,Bus,57.67706291810347,22,6,87.87853005485553,13.3
2025-01-03 18:45:00,Car,70.09973535227486,50,6,100.0,11.03
2025-01-03 19:00:00,Bus,23.41261833326636,50,5,100.0,5.76
2025-01-03 19:15:00,Two-Wheeler,44.25995357125915,7,6,89.13193597681442,6.47
2025-01-03 19:30:00,Two-Wheeler,27.843188360831334,22,4,82.79953072631747,13.9
2025-01-03 19:45:00,Two-Wheeler,9.56113583717685,50,11,76.37099403609102,14.58
2025-01-03 20:00:00,Car,58.9545704891146,11,4,85.86308568129179,9.33
2025-01-03 20:15:00,Bus,65.6829385947092,7,6,100.0,6.97
2025-01-03 20:30:00,Two-Wheeler,13.209188931409908,22,5,100.0,6.9
2025-01-03 20:45:00,Bus,22.033776855448544,22,5,95.29240828537755,6.62
2025-01-03 21:00:00,Bus,19.170866518408335,50,6,90.12257224682065,13.35
2025-01-03 21:15:00,Two-Wheeler,58.92462076486467,22,1,93.33101758223751,7.54
2025-01-03 21:30:00,Car,11.37082048832929,50,5,100.0,10.77
2025-01-03 21:45:00,Two-Wheeler,53.01288100963252,7,1,70.61595651574028,6.92
2025-01-03 22:00:00,Two-Wheeler,23.569583858994523,7,5,20.649574879540534,14.5
2025-01-03 22:15:00,Bus,37.82032322729709,50,7,24.061007832006048,13.94
2025-01-03 22:30:00,Car,17.85062567961478,11,6,19.72271795506696,8.32
2025-01-03 22:45:00,Car,21.534686423576524,11,7,25.188241436340366,13.11
2025-01-03 23:00:00,Two-Wheeler,19.504242874444266,11,5,20.649448527400075,9.25
2025-01-03 23:15:00,Car,26.89859857839908,7,3,27.462565477651083,7.01
2025-01-03 23:30:00,Two-Wheeler,31.094311473407718,11,7,25.318878091637103,12.59
2025-01-03 23:45:00,Bus,53.23849074599095,22,3,19.73929451434913,15.0
2025-01-04 00:00:00,Two-Wheeler,21.289654782587014,22,10,23.346426080021207,12.81
2025-01-04 00:15:00,Two-Wheeler,25.4360460992641,7,7,31.288483281424845,12.59
2025-01-04 00:30:00,Two-Wheeler,20.26779531380091,11,8,27.234322876262382,14.21
2025-01-04 00:45:00,Bus,22.888926159867136,22,1,14.146525600036565,6.19
2025-01-04 01:00:00,Two-Wheeler,17.362727591033092,22,0,28.131444213443256,5.16
2025-01-04 01:15:00,Bus,22.290377418674836,11,3,27.097420200867635,13.17
2025-01-04 01:30:00,Car,36.78073108129488,50,6,27.054141514370905,8.97
2025-01-04 01:45:00,Bus,42.106784532837246,50,3,26.45405988417796,12.97
2025-01-04 02:00:00,Bus,35.16019852187706,50,3,23.97717330154712,7.88
2025-01-04 02:15:00,Car,12.608013209431059,7,9,20.367064006199172,12.84
2025-01-04 02:30:00,Two-Wheeler,31.89197183043941,22,5,28.42958297334414,11.32
2025-01-04 02:45:00,Car,84.93135512234204,7,4,32.29462229913007,5.11
2025-01-04 03:00:00,Car,51.81702181435186,7,6,20.088811478990937,10.2
2025-01-04 03:15:00,Car,26.339206048822202,50,11,34.79557698496242,6.44
2025-01-04 03:30:00,Bus,34.1394174248154,22,11,35.07584621981015,8.73
2025-01-04 03:45:00,Two-Wheeler,19.113656706612975,22,5,33.93467457846791,6.06
2025-01-04 04:00:00,Car,30.830969545039714,50,8,26.16303381733396,5.15
2025-01-04 04:15:00,Car,32.263068326493446,11,3,16.770812114985024,11.72
2025-01-04 04:30:00,Bus,27.196582585599096,7,4,19.17423284310882,9.34
2025-01-04 04:45:00,Bus,44.50156181672329,7,8,22.080493314771573,11.54
2025-01-04 05:00:00,Car,16.23540590778181,50,6,32.45967610083535,14.33
2025-01-04 05:15:00,Car,25.727779069113513,22,10,21.36917438667156,8.71
2025-01-04 05:30:00,Two-Wheeler,33.17785556558164,7,8,27.086908461353104,11.3
2025-01-04 05:45:00,Car,26.011364602663292,11,5,16.28012693217242,13.25
2025-01-04 06:00:00,Bus,59.62389939313944,7,3,26.10347429048676,7.6
2025-01-04 06:15:00,Bus,50.673880880457645,50,6,32.282513711823235,11.85
2025-01-04 06:30:00,Two-Wheeler,24.80743422658549,7,4,31.452716050936704,13.28
2025-01-04 06:45:00,Bus,72.3702436439327,11,2,16.635671805787,8.19
2025-01-04 07:00:00,Bus,14.117748432477681,11,4,82.47373925100442,9.15
2025-01-04 07:15:00,Car,65.12441301686232,50,7,71.7020520060088,6.65
2025-01-04 07:30:00,Two-Wheeler,21.821550694950417,11,2,66.21381937925332,7.22
2025-01-04 07:45:00,Two-Wheeler,43.92978500882821,11,6,88.27513772688383,9.16
2025-01-04 08:00:00,Car,23.944992933409726,11,8,93.25675684873505,10.33
2025-01-04 08:15:00,Two-Wheeler,73.1396712217124,50,6,70.57143079991918,12.65
2025-01-04 08:30:00,Car,39.772349370691394,22,4,92.58565099634896,13.82
2025-01-04 08:45:00,Car,19.975477343557582,11,8,81.34513583347463,12.92
2025-01-04 09:00:00,Car,14.830473387932795,22,2,63.67941715638353,9.79
2025-01-04 09:15:00,Bus,46.927418499648724,7,3,95.15258180773787,9.33
2025-01-04 09:30:00,Bus,29.931315152543302,50,10,96.26917938886432,12.09
2025-01-04 09:45:00,Two-Wheeler,21.40138265431149,22,7,88.9367665197425,5.66
2025-01-04 10:00:00,Car,20.829962381672186,22,8,97.69012748796348,6.7
2025-01-04 10:15:00,Two-Wheeler,82.06605631551575,50,9,95.16530948111495,13.89
2025-01-04 10:30:00,Two-Wheeler,49.28978117935468,50,3,72.66002511971334,7.15
2025-01-04 10:45:00,Car,39.53424828464527,50,3,78.31195057745552,13.22
2025-01-04 11:00:00,Two-Wheeler,24.82094067908539,11,5,59.77753121948091,9.63
2025-01-04 11:15:00,Bus,22.47369154759111,22,8,67.49916970455402,12.87
2025-01-04 11:30:00,Car,76.55607582798027,11,7,61.729806756378075,11.3
2025-01-04 11:45:00,Bus,13.531212195635012,22,5,48.09258796188779,11.67
2025-01-04 12:00:00,Two-Wheeler,24.033221639001283,22,12,51.120908173439986,8.18
2025-01-04 12:15:00,Two-Wheeler,48.92157404994456,22,8,41.97933732802859,10.12
2025-01-04 12:30:00,Bus,35.68040581529918,7,9,59.28376192764871,6.38
2025-01-04 12:45:00,Car,26.125814399536115,22,9,53.07855681977371,9.43
2025-01-04 13:00:00,Two-Wheeler,25.4878401026827,7,8,49.19367855267151,14.42
2025-01-04 13:15:00,Car,16.5710008741322,7,7,41.68619706059866,11.36
2025-01-04 13:30:00,Two-Wheeler,14.43949380344774,11,5,35.74898666360171,6.71
2025-01-04 13:45:00,Car,31.46549449016907,22,5,61.44846919633993,10.84
2025-01-04 14:00:00,Two-Wheeler,53.91497528830232,11,3,39.92383961779595,14.16
2025-01-04 14:15:00,Car,47.66304505581207,7,3,59.537498787635634,6.25
2025-01-04 14:30:00,Two-Wheeler,20.024857237103586,22,3,43.42521247275543,9.35
2025-01-04 14:45:00,Two-Wheeler,17.24069537132212,22,5,47.48654176536048,6.68
2025-01-04 15:00:00,Bus,41.46292217045179,50,3,51.917428247492765,7.2
2025-01-04 15:15:00,Car,54.17550943222921,7,9,43.67942591096799,9.78
2025-01-04 15:30:00,Two-Wheeler,19.9210013841788,22,9,47.457571287141874,8.64
2025-01-04 15:45:00,Bus,18.15960533916648,50,6,37.34884324774653,6.26
2025-01-04 16:00:00,Two-Wheeler,19.611463938700535,50,8,41.51035174573838,13.0
2025-01-04 16:15:00,Two-Wheeler,31.12659123975395,11,9,61.08719430401499,10.13
2025-01-04 16:30:00,Car,61.30116426982646,22,3,57.77132854682001,7.86
2025-01-04 16:45:00,Car,12.997385672355632,50,8,40.61051654908366,10.57
2025-01-04 17:00:00,Car,22.63990450713079,7,3,73.52989386072045,5.01
2025-01-04 17:15:00,Car,53.29739659332026,7,1,75.04877549395124,5.94
2025-01-04 17:30:00,Bus,35.874042665938184,7,9,75.17968816019703,9.87
2025-01-04 17:45:00,Car,51.40131544381865,7,10,96.97598607255927,12.63
2025-01-04 18:00:00,Bus,46.31412931347175,22,5,76.1388291571021,13.53
2025-01-04 18:15:00,Two-Wheeler,65.96989989982116,11,1,79.62730167049118,12.73
2025-01-04 18:30:00,Two-Wheeler,29.956626713311387,11,5,91.0606273331557,7.11
2025-01-04 18:45:00,Car,29.63900854898163,7,8,99.00976207339798,7.34
2025-01-04 19:00:00,Car,34.88715897526673,22,9,81.70198801030354,13.48
2025-01-04 19:15:00,Two-Wheeler,54.359503124617596,7,9,100.0,8.12
2025-01-04 19:30:00,Bus,15.937137054015452,7,6,68.4723384275689,5.92
2025-01-04 19:45:00,Car,66.46012641983486,11,7,74.08770004044764,7.94
2025-01-04 20:00:00,Car,17.047146091298217,11,7,81.2707484649309,12.57
2025-01-04 20:15:00,Two-Wheeler,19.914233069967,11,1,78.19830479119287,13.31
2025-01-04 20:30:00,Bus,30.001158604459548,50,7,90.34420148032399,8.9
2025-01-04 20:45:00,Two-Wheeler,36.21088159368335,50,5,99.92077576118865,10.23
2025-01-04 21:00:00,Two-Wheeler,29.970578987899053,7,2,85.40313768824812,7.26
2025-01-04 21:15:00,Bus,42.61941512970707,22,5,71.90095507785448,10.68
2025-01-04 21:30:00,Two-Wheeler,65.97623329555637,7,0,84.55881225300931,7.53
2025-01-04 21:45:00,Two-Wheeler,50.75707451932542,11,4,78.50239186236378,13.06
2025-01-04 22:00:00,Car,47.17414156706789,11,4,25.52944875115508,12.62
2025-01-04 22:15:00,Car,53.49731086522853,7,6,26.631443053734625,5.33
2025-01-04 22:30:00,Bus,28.78479948052228,7,3,21.353339916339895,6.16
2025-01-04 22:45:00,Two-Wheeler,41.499931734948504,22,0,18.064155122665042,13.34
2025-01-04 23:00:00,Two-Wheeler,17.382267125773566,50,10,33.163196485951474,5.7
2025-01-04 23:15:00,Bus,52.73623250725422,50,3,16.364073115330363,13.79
2025-01-04 23:30:00,Two-Wheeler,22.304247824052794,11,5,27.596413088694156,9.03
2025-01-04 23:45:00,Car,50.951806817778234,22,6,18.92872513205632,13.33
2025-01-05 00:00:00,Bus,14.460809903831287,50,0,28.031660105741352,7.15
2025-01-05 00:15:00,Bus,35.250857229428306,7,8,22.67793862944407,7.11
2025-01-05 00:30:00,Car,40.20906601480868,11,5,28.19011963302654,11.88
2025-01-05 00:45:00,Car,23.352957627723395,22,0,28.338840964018317,12.76
2025-01-05 01:00:00,Bus,34.06978476079703,11,8,19.047825911897224,6.6
2025-01-05 01:15:00,Car,53.21919761440347,7,5,20.290316079776765,7.8
2025-01-05 01:30:00,Car,53.116757753042705,11,1,24.954326151065857,8.64
2025-01-05 01:45:00,Two-Wheeler,30.495216379259837,22,6,18.639306392479234,10.13
2025-01-05 02:00:00,Car,72.83515629150087,50,4,20.74908557928458,13.71
2025-01-05 02:15:00,Two-Wheeler,10.63162360196539,50,3,19.688023579774974,8.95
2025-01-05 02:30:00,Two-Wheeler,26.6759198709056,7,3,20.221494526820745,9.08
2025-01-05 02:45:00,Bus,43.83468353372282,22,6,28.830089625125034,7.6
2025-01-05 03:00:00,Two-Wheeler,31.421702141671982,50,7,30.46184261822434,13.24
2025-01-05 03:15:00,Car,43.135365464394205,11,3,23.09238049215391,6.17
2025-01-05 03:30:00,Car,24.44476334727976,50,1,19.54972908180536,8.3
2025-01-05 03:45:00,Bus,68.5188568051578,50,8,33.590334028481266,5.16
2025-01-05 04:00:00,Two-Wheeler,19.550150305289304,11,7,23.48658754703036,11.76
2025-01-05 04:15:00,Car,23.570402962619667,11,3,13.367722843031945,9.64
2025-01-05 04:30:00,Car,57.47873755880678,7,8,18.899936424708486,12.34
2025-01-05 04:45:00,Car,27.58772892661908,7,4,15.631974400096768,7.59
2025-01-05 05:00:00,Car,33.71057013117901,7,5,26.278391335112474,10.0
2025-01-05 05:15:00,Bus,33.291884804581656,11,7,19.86562917405282,12.15
2025-01-05 05:30:00,Bus,22.38170426975626,7,6,21.91648194993072,5.01
2025-01-05 05:45:00,Bus,54.845084421201385,22,5,29.57556108901295,8.24
2025-01-05 06:00:00,Two-Wheeler,32.49395746161645,11,5,17.06868229720967,9.02
2025-01-05 06:15:00,Two-Wheeler,53.999078434638534,22,0,12.964349241986493,5.92
2025-01-05 06:30:00,Bus,23.857294382328462,50,3,22.600947546201713,6.38
2025-01-05 06:45:00,Car,36.244698389841766,11,3,22.529225424787988,8.18
2025-01-05 07:00:00,Two-Wheeler,17.51405615301737,22,2,84.90571412462339,7.57
2025-01-05 07:15:00,Two-Wheeler,32.092524314112865,7,8,98.69995322362821,8.08
2025-01-05 07:30:00,Two-Wheeler,24.20545187380647,22,12,93.65497683629752,5.86
2025-01-05 07:45:00,Two-Wheeler,49.718838889800516,22,1,93.80270008222598,5.42
2025-01-05 08:00:00,Car,30.94272363299308,22,6,95.20886871028998,8.65
2025-01-05 08:15:00,Car,14.636889769608665,11,7,100.0,5.21
2025-01-05 08:30:00,Two-Wheeler,12.501787251718763,50,9,87.16734650946825,9.12
2025-01-05 08:45:00,Two-Wheeler,24.30913773481084,22,3,81.66912375071801,5.77
2025-01-05 09:00:00,Two-Wheeler,52.470418963627225,22,5,65.00746112682653,11.14
2025-01-05 09:15:00,Bus,34.77107419738425,22,3,68.41421739893136,6.98
2025-01-05 09:30:00,Bus,43.85746771901216,7,6,67.52345202397277,11.2
2025-01-05 09:45:00,Two-Wheeler,17.957767023054323,22,3,74.81871698507037,10.3
2025-01-05 10:00:00,Bus,82.29602570304965,22,4,88.57600029725296,10.24
2025-01-05 10:15:00,Two-Wheeler,14.573419935915139,11,3,99.63152957816509,8.6
2025-01-05 10:30:00,Two-Wheeler,16.58119500790763,7,9,100.0,9.7
2025-01-05 10:45:00,Bus,12.955331150006641,11,3,80.5942255885534,11.44
2025-01-05 11:00:00,Car,39.29517376711608,11,3,57.61462753440824,13.26
2025-01-05 11:15:00,Car,86.59454876382387,11,8,61.53216419638392,10.99
2025-01-05 11:30:00,Car,66.96259102998745,7,1,32.78761292059431,11.04
2025-01-05 11:45:00,Bus,25.037820923013584,11,2,36.9010027519526,6.84
2025-01-05 12:00:00,Bus,41.35145403261442,22,8,42.359800772615124,10.06
2025-01-05 12:15:00,Two-Wheeler,40.270900548237,7,5,36.4608454519979,5.98
2025-01-05 12:30:00,Two-Wheeler,22.04412789501575,50,3,35.31562590679404,6.7
2025-01-05 12:45:00,Two-Wheeler,24.508877214997295,22,0,32.30274185666214,5.04
2025-01-05 13:00:00,Car,34.917879321331135,50,5,56.85968852709808,8.15
2025-01-05 13:15:00,Two-Wheeler,26.235376844663364,11,8,54.4078662795643,9.75
2025-01-05 13:30:00,Two-Wheeler,26.28168080491359,22,6,60.91868281295374,7.25
2025-01-05 13:45:00,Car,43.9742185748067,22,2,43.163606457250964,10.22
2025-01-05 14:00:00,Two-Wheeler,59.06948554530306,50,2,35.99029396721986,6.59
2025-01-05 14:15:00,Bus,39.631001992841654,7,1,52.926388699666234,12.01
2025-01-05 14:30:00,Bus,65.07478305659096,22,1,33.07460703155504,13.27
2025-01-05 14:45:00,Bus,41.27477001552589,22,10,63.88730828369162,12.35
2025-01-05 15:00:00,Bus,84.40388840808163,50,0,30.193930733691317,9.96
2025-01-05 15:15:00,Car,73.24856950870931,11,4,52.77045736784058,10.51
2025-01-05 15:30:00,Bus,65.2739437439796,11,7,54.90835670239518,13.1
2025-01-05 15:45:00,Two-Wheeler,45.803177722448666,11,2,37.95933730692217,7.47
2025-01-05 16:00:00,Bus,25.77637611582951,22,7,58.44698602273941,10.79
2025-01-05 16:15:00,Bus,42.499290231620215,7,1,38.97993079277974,8.33
2025-01-05 16:30:00,Two-Wheeler,19.678419153132975,50,6,37.47662743622285,7.31
2025-01-05 16:45:00,Car,26.903291179658783,11,8,58.246796091624645,7.39
2025-01-05 17:00:00,Two-Wheeler,41.72118115000587,11,7,73.05484685053099,6.52
2025-01-05 17:15:00,Bus,56.41455703779697,7,1,90.04445037378548,8.67
2025-01-05 17:30:00,Two-Wheeler,52.493713080487886,11,6,100.0,8.7
2025-01-05 17:45:00,Bus,10.850141731052664,50,1,63.49725309111121,9.86
2025-01-05 18:00:00,Car,24.739132683016138,7,3,90.61291387602915,14.45
2025-01-05 18:15:00,Two-Wheeler,15.041327968543092,22,5,77.48256178608082,13.02
2025-01-05 18:30:00,Bus,29.641612960863498,50,7,99.12979618659224,14.87
2025-01-05 18:45:00,Car,43.68975970115575,22,10,100.0,8.83
2025-01-05 19:00:00,Two-Wheeler,45.83145106832116,22,2,95.14835935272026,13.3
2025-01-05 19:15:00,Car,45.84403694936225,50,9,100.0,12.25
2025-01-05 19:30:00,Car,58.759769554093694,22,7,82.72487192828316,6.39
2025-01-05 19:45:00,Two-Wheeler,23.64907679711998,22,1,81.82175349219433,9.41
2025-01-05 20:00:00,Bus,46.50081327393511,7,8,89.2024982020693,9.68
2025-01-05 20:15:00,Bus,48.21504468566937,11,6,77.07479877968049,5.46
2025-01-05 20:30:00,Two-Wheeler,20.471065805151692,50,2,96.48304570306388,6.05
2025-01-05 20:45:00,Bus,32.64370808707943,11,6,94.91138402486085,7.32
2025-01-05 21:00:00,Car,35.148792859222596,50,7,100.0,6.08
2025-01-05 21:15:00,Two-Wheeler,21.122836580742426,11,4,91.4605577217301,13.15
2025-01-05 21:30:00,Bus,26.785327995166522,22,3,85.49717496471683,7.79
2025-01-05 21:45:00,Car,14.137040883721145,22,0,94.35045719354815,8.26
2025-01-05 22:00:00,Two-Wheeler,22.629583907433833,22,2,31.549925164177864,13.08
2025-01-05 22:15:00,Two-Wheeler,12.698956809268577,50,1,27.88629728304765,14.16
2025-01-05 22:30:00,Two-Wheeler,41.63944579007555,50,2,16.245712833371826,6.16
2025-01-05 22:45:00,Car,14.705626956785327,22,5,25.074167741681414,13.78
2025-01-05 23:00:00,Bus,31.91150604242212,7,8,31.09450696996886,9.11
2025-01-05 23:15:00,Bus,33.680786113183636,11,3,32.01637319832863,7.1
2025-01-05 23:30:00,Car,25.566609060923106,7,8,28.162834373303888,11.2
2025-01-05 23:45:00,Bus,33.73291544704201,22,11,31.62218992675055,12.46
2025-01-06 00:00:00,Bus,33.02986436712638,11,6,20.836763908307063,9.26
2025-01-06 00:15:00,Bus,34.716147884810724,50,12,37.186217103004104,12.13
2025-01-06 00:30:00,Car,17.375406245658056,22,3,14.445538951463533,10.76
2025-01-06 00:45:00,Car,51.07509673548342,7,4,32.216525293726306,5.06
2025-01-06 01:00:00,Two-Wheeler,61.28384263848513,11,6,26.933545297946235,13.84
2025-01-06 01:15:00,Bus,20.39659506878019,50,6,23.44164509925792,12.6
2025-01-06 01:30:00,Two-Wheeler,52.36464217686521,7,4,18.53957078943042,12.44
2025-01-06 01:45:00,Car,30.42904699837633,7,0,17.03299744683811,14.1
2025-01-06 02:00:00,Car,30.110980097546037,11,8,36.81984645148874,11.23
2025-01-06 02:15:00,Bus,52.686163618358925,7,3,26.475124595681795,9.5
2025-01-06 02:30:00,Two-Wheeler,23.71310902993799,11,3,27.972174171636645,9.83
2025-01-06 02:45:00,Bus,69.40063741036334,11,0,27.959104323700384,10.25
2025-01-06 03:00:00,Bus,50.810678517817365,50,7,33.78199397599223,10.51
2025-01-06 03:15:00,Bus,31.477264228059944,50,7,29.969291138004742,5.68
2025-01-06 03:30:00,Bus,69.310615580909,22,11,25.139872024901162,13.51
2025-01-06 03:45:00,Two-Wheeler,80.90911735813306,50,7,32.78045689096268,6.19
2025-01-06 04:00:00,Bus,18.603830079994875,50,5,21.125357740092294,7.65
2025-01-06 04:15:00,Two-Wheeler,34.94346627270556,11,4,30.23144008703096,9.82
2025-01-06 04:30:00,Bus,12.452717030493229,7,2,18.567709992332105,9.87
2025-01-06 04:45:00,Two-Wheeler,25.426867920214487,22,3,29.2629531033597,7.57
2025-01-06 05:00:00,Bus,30.46491736097383,7,4,19.757593561393616,12.25
2025-01-06 05:15:00,Two-Wheeler,35.54203532993723,11,4,28.813271621332518,9.85
2025-01-06 05:30:00,Two-Wheeler,20.562757620625174,50,4,30.91334698197543,6.14
2025-01-06 05:45:00,Car,34.76106962842024,11,4,22.046140827647438,9.25
2025-01-06 06:00:00,Two-Wheeler,30.75183247021396,7,9,36.2159787383099,8.46
2025-01-06 06:15:00,Car,45.75960264846746,7,4,33.32548595496372,14.7
2025-01-06 06:30:00,Bus,33.444764601666584,11,9,24.638367111945033,8.18
2025-01-06 06:45:00,Bus,17.123523897083636,7,2,22.306103759887534,6.02
2025-01-06 07:00:00,Car,59.83934689502479,11,3,64.40860694102093,12.46
2025-01-06 07:15:00,Bus,56.67175378322655,11,7,79.64860490253321,13.45
2025-01-06 07:30:00,Car,38.67859871770425,7,6,100.0,14.96
2025-01-06 07:45:00,Car,12.230182836137407,50,6,78.71618695093134,5.09
2025-01-06 08:00:00,Two-Wheeler,43.827606951019035,11,2,100.0,6.87
2025-01-06 08:15:00,Bus,28.73192136001146,11,1,69.60622486496223,11.27
2025-01-06 08:30:00,Two-Wheeler,46.40767157754948,11,8,85.38123853217982,13.7
2025-01-06 08:45:00,Car,21.933067561023524,7,12,77.33377869265482,7.43
2025-01-06 09:00:00,Bus,23.590278831835306,11,5,91.96151469699828,5.17
2025-01-06 09:15:00,Two-Wheeler,40.31341286228478,7,6,100.0,6.31
2025-01-06 09:30:00,Car,38.94163784604475,50,0,81.44621545010943,12.17
2025-01-06 09:45:00,Two-Wheeler,48.726346531314285,22,5,99.51838493252075,9.81
2025-01-06 10:00:00,Bus,19.34404801643773,7,2,82.1100076643845,13.39
2025-01-06 10:15:00,Two-Wheeler,56.33027256036708,50,3,63.285683270729805,9.57
2025-01-06 10:30:00,Car,23.88203892402274,22,1,99.45658161694556,11.36
2025-01-06 10:45:00,Two-Wheeler,15.178033168586222,7,1,98.43304533611291,9.57
2025-01-06 11:00:00,Two-Wheeler,46.68047530530964,50,0,56.62273606111081,13.94
2025-01-06 11:15:00,Two-Wheeler,50.23315965065461,11,6,50.167454968354754,8.24
2025-01-06 11:30:00,Bus,24.42916363592937,7,10,50.73264289881143,5.64
2025-01-06 11:45:00,Bus,28.51710816068074,22,9,46.761328422469035,8.47
2025-01-06 12:00:00,Bus,16.785073944572893,50,10,62.46095435317465,7.13
2025-01-06 12:15:00,Car,13.73760024704102,50,8,56.097362680520895,7.27
2025-01-06 12:30:00,Car,62.50024438715344,11,3,44.535474411188,8.47
2025-01-06 12:45:00,Bus,37.17457346047565,11,8,59.1647007401935,6.88
2025-01-06 13:00:00,Two-Wheeler,46.86494783850747,50,5,60.90294733368154,6.39
2025-01-06 13:15:00,Two-Wheeler,28.199317080904464,11,3,50.436464324681495,12.18
2025-01-06 13:30:00,Two-Wheeler,36.09564018437018,50,0,45.78282039754626,11.88
2025-01-06 13:45:00,Bus,35.891782854147664,7,1,45.7305928800673,8.21
2025-01-06 14:00:00,Car,25.55006382218823,50,8,56.219732503791974,5.89
2025-01-06 14:15:00,Car,53.02094113891287,11,2,56.44381002570976,9.17
2025-01-06 14:30:00,Two-Wheeler,80.04532900320372,50,2,58.33076536483544,5.9
2025-01-06 14:45:00,Bus,41.66566990560039,11,4,38.17958447134139,13.66
2025-01-06 15:00:00,Two-Wheeler,43.85247141966248,50,2,54.398096139326114,5.13
2025-01-06 15:15:00,Bus,25.7258604880857,7,3,58.98698610803011,9.44
2025-01-06 15:30:00,Car,32.87275716710249,50,10,40.06229552800244,7.61
2025-01-06 15:45:00,Car,61.121184494385936,11,10,40.812434010101526,9.49
2025-01-06 16:00:00,Bus,30.342164692771753,7,0,43.652269065611534,6.64
2025-01-06 16:15:00,Two-Wheeler,18.005138431822566,50,2,57.02974387248196,10.77
2025-01-06 16:30:00,Two-Wheeler,46.690814556548524,22,6,40.002490065696215,11.92
2025-01-06 16:45:00,Two-Wheeler,37.16970492600497,11,11,44.20135457307063,11.5
2025-01-06 17:00:00,Bus,23.569625519319032,11,3,73.40192161009736,8.85
2025-01-06 17:15:00,Two-Wheeler,24.20505821272507,22,7,92.56431387978826,8.41
2025-01-06 17:30:00,Car,11.725306274040834,22,7,100.0,14.76
2025-01-06 17:45:00,Bus,18.413510732748787,22,2,100.0,14.12
2025-01-06 18:00:00,Two-Wheeler,44.855543244666066,11,4,82.76099758871534,14.29
2025-01-06 18:15:00,Bus,86.69723460889199,11,6,95.98182256884341,12.0
2025-01-06 18:30:00,Bus,24.60260904423677,22,0,63.078767320320694,11.71
2025-01-06 18:45:00,Two-Wheeler,49.68450302246311,7,6,88.02282538165457,6.92
2025-01-06 19:00:00,Car,48.224123629630874,11,0,81.85905444101506,5.91
2025-01-06 19:15:00,Car,60.44129250866079,11,4,79.86362297545318,6.25
2025-01-06 19:30:00,Bus,45.77361332627559,11,0,93.5359855236876,12.16
2025-01-06 19:45:00,Car,26.94030989287361,22,8,98.3695591862798,11.2
2025-01-06 20:00:00,Car,73.19450416469455,7,7,100.0,5.56
2025-01-06 20:15:00,Two-Wheeler,43.20564494557352,7,4,100.0,7.1
2025-01-06 20:30:00,Two-Wheeler,43.51008226758116,7,6,76.13517595317337,13.95
2025-01-06 20:45:00,Car,12.624521480322695,22,4,99.1498609470772,6.97
2025-01-06 21:00:00,Bus,50.51687398441832,50,5,83.76238977560476,5.71
2025-01-06 21:15:00,Two-Wheeler,18.512947442355692,22,6,71.21281732689343,11.43
2025-01-06 21:30:00,Two-Wheeler,21.511510520732884,11,8,93.14936060239972,7.66
2025-01-06 21:45:00,Two-Wheeler,45.06485872057809,7,2,69.33694573991824,5.07
2025-01-06 22:00:00,Bus,29.401757492804826,22,6,32.342141983335225,9.48
2025-01-06 22:15:00,Two-Wheeler,55.79392863974225,7,2,30.809943970260214,14.53
2025-01-06 22:30:00,Two-Wheeler,26.877267503514986,11,2,26.387763111496405,5.28
2025-01-06 22:45:00,Car,25.566613440624973,22,1,19.103942851506595,10.96
2025-01-06 23:00:00,Car,35.85914170751717,7,2,25.257195752693313,14.65
2025-01-06 23:15:00,Two-Wheeler,43.57291601190838,7,2,14.003099950135338,7.72
2025-01-06 23:30:00,Car,34.72279658339399,7,6,18.75468197775617,5.54
2025-01-06 23:45:00,Bus,60.137078621650595,50,7,23.1178962652304,9.83
2025-01-07 00:00:00,Car,24.113265208660838,11,7,23.895395337997485,8.9
2025-01-07 00:15:00,Bus,44.285647011682286,22,5,27.874396126498915,7.77
2025-01-07 00:30:00,Car,32.09491035111125,7,6,29.286787332113647,8.43
2025-01-07 00:45:00,Bus,53.40081202265915,11,0,13.99257615319835,12.51
2025-01-07 01:00:00,Two-Wheeler,32.44231882531001,50,6,32.59879186424887,9.16
2025-01-07 01:15:00,Car,18.037383076107545,7,4,26.53605260129688,8.59
2025-01-07 01:30:00,Car,13.421596805261531,11,10,31.724709975615234,9.92
2025-01-07 01:45:00,Bus,77.4829866309307,11,4,24.661105801894223,11.32
2025-01-07 02:00:00,Bus,66.8376731943287,11,2,15.291321168586698,9.06
2025-01-07 02:15:00,Bus,31.231515679031734,22,7,28.716167884304888,6.09
2025-01-07 02:30:00,Car,38.369198728489465,22,5,15.493399090809742,9.07
2025-01-07 02:45:00,Car,33.458245083569864,11,8,18.831196965445173,7.07
2025-01-07 03:00:00,Car,42.73060336026471,22,5,28.002264468384272,12.42
2025-01-07 03:15:00,Bus,18.01952034701032,11,6,24.00713253679661,14.47
2025-01-07 03:30:00,Car,51.216067034744384,50,6,20.342064589397808,10.42
2025-01-07 03:45:00,Car,38.76236596304816,22,8,37.29857203003652,7.74
2025-01-07 04:00:00,Bus,26.789782237109144,7,0,29.066327444019212,14.03
2025-01-07 04:15:00,Car,41.17060755521946,11,6,22.468857102003938,13.19
2025-01-07 04:30:00,Two-Wheeler,8.333333333333332,50,6,21.324630029976205,5.31
2025-01-07 04:45:00,Car,48.67989258658111,50,6,26.417643568950222,11.69
2025-01-07 05:00:00,Bus,62.666153059743785,11,5,34.21658834160377,14.03
2025-01-07 05:15:00,Bus,78.21587327120575,7,6,23.70212245979841,9.18
2025-01-07 05:30:00,Car,51.93898586750208,11,2,15.833426376605487,9.75
2025-01-07 05:45:00,Car,69.20199582935645,22,8,34.109325660811734,8.39
2025-01-07 06:00:00,Two-Wheeler,13.233410212583406,11,4,20.680910968399193,6.07
2025-01-07 06:15:00,Two-Wheeler,29.543537187493396,7,3,13.703185005423883,8.23
2025-01-07 06:30:00,Bus,20.90839455452518,50,2,21.15529225408268,12.6
2025-01-07 06:45:00,Bus,75.30794410993116,50,8,29.274742028907987,7.05
2025-01-07 07:00:00,Car,27.422312212105794,22,4,67.27753756152585,6.96
2025-01-07 07:15:00,Car,15.06101350851012,50,5,93.09594884322394,11.59
2025-01-07 07:30:00,Bus,84.49631199094713,22,5,77.0026833162176,6.51
2025-01-07 07:45:00,Bus,63.01691055484239,11,0,85.53400260522923,11.99
2025-01-07 08:00:00,Two-Wheeler,33.83199254566754,7,5,68.80995735891477,5.27
2025-01-07 08:15:00,Car,36.60685674712561,50,2,82.21414672951305,11.8
2025-01-07 08:30:00,Two-Wheeler,21.39419124390735,7,4,80.29631525418742,14.87
2025-01-07 08:45:00,Bus,20.10027495482849,7,9,91.46378030848777,6.71
2025-01-07 09:00:00,Car,52.89314902704717,11,6,77.88856455380383,6.36
2025-01-07 09:15:00,Car,14.440306039136141,22,6,75.73770467061642,13.42
2025-01-07 09:30:00,Car,25.56576397266163,11,2,78.09041654734168,5.51
2025-01-07 09:45:00,Car,54.17396338908206,7,3,83.80778430895542,10.66
2025-01-07 10:00:00,Car,64.71717984388577,7,3,86.14255729117417,14.11
2025-01-07 10:15:00,Car,16.55841329050886,22,8,100.0,13.94
2025-01-07 10:30:00,Car,35.79851394089989,50,5,100.0,7.87
2025-01-07 10:45:00,Two-Wheeler,46.87961545664211,22,6,100.0,13.83
2025-01-07 11:00:00,Bus,33.73219846106156,11,4,53.14673245121834,8.5
2025-01-07 11:15:00,Bus,9.220789857132948,50,7,47.93699282559594,13.44
2025-01-07 11:30:00,Two-Wheeler,42.48158973287534,11,8,50.963487104057876,14.67
2025-01-07 11:45:00,Two-Wheeler,25.067034612960576,22,3,59.437520450456695,8.5
2025-01-07 12:00:00,Bus,34.43301658340988,11,1,42.28571406308866,8.67
2025-01-07 12:15:00,Car,12.572232399003079,11,7,45.325684147071776,14.33
2025-01-07 12:30:00,Two-Wheeler,38.714733803273944,7,4,47.27006374150646,11.69
2025-01-07 12:45:00,Bus,34.91206598232887,7,5,43.01776055441185,9.22
2025-01-07 13:00:00,Bus,73.695055322011,50,5,54.06283762108916,13.06
2025-01-07 13:15:00,Two-Wheeler,40.999726840159155,7,3,46.40351029524635,9.48
2025-01-07 13:30:00,Two-Wheeler,19.630024488147033,7,11,48.7074285407688,13.01
2025-01-07 13:45:00,Two-Wheeler,9.486883094073717,50,6,54.19158350949158,11.77
2025-01-07 14:00:00,Car,18.203272118233787,7,6,55.36787618249426,13.92
2025-01-07 14:15:00,Car,75.15094692863877,22,5,47.40996570749621,12.5
2025-01-07 14:30:00,Two-Wheeler,34.313493381934904,7,9,56.49203053266431,14.6
2025-01-07 14:45:00,Two-Wheeler,74.46044468446189,50,3,58.69715966050008,8.96
2025-01-07 15:00:00,Car,19.865460278458087,11,4,35.74713492460826,7.62
2025-01-07 15:15:00,Bus,28.255079035930496,7,0,51.64347471328716,14.41
2025-01-07 15:30:00,Two-Wheeler,71.06628950136081,11,5,43.0658463493702,5.21
2025-01-07 15:45:00,Car,61.011011218626585,22,10,48.64493568651854,11.04
2025-01-07 16:00:00,Two-Wheeler,15.225692573361089,22,4,41.956855675080234,11.86
2025-01-07 16:15:00,Two-Wheeler,40.715475916258335,7,5,63.02098973391918,12.66
2025-01-07 16:30:00,Two-Wheeler,20.92463595909895,7,5,38.8061848418928,10.92
2025-01-07 16:45:00,Bus,24.88684353347708,50,4,45.508271210654755,9.24
2025-01-07 17:00:00,Bus,20.203474770192646,7,4,65.03355888880046,7.22
2025-01-07 17:15:00,Bus,12.249191693091412,50,7,100.0,13.55
2025-01-07 17:30:00,Bus,38.745628940759225,50,9,77.37670683287416,10.37
2025-01-07 17:45:00,Bus,50.37301161893316,50,5,94.19082046294724,12.35
2025-01-07 18:00:00,Bus,26.2142104075612,7,4,66.45375497935473,12.15
2025-01-07 18:15:00,Two-Wheeler,12.490078329697953,50,5,92.85449730132122,11.72
2025-01-07 18:30:00,Car,60.717283228560035,50,6,66.06404750196116,7.83
2025-01-07 18:45:00,Car,78.95800038639459,22,6,98.74987241536766,6.17
2025-01-07 19:00:00,Two-Wheeler,25.822351973195854,50,5,98.0241369962806,5.6
2025-01-07 19:15:00,Two-Wheeler,25.866307489981107,7,5,78.58770473918348,12.19
2025-01-07 19:30:00,Car,41.600524639256946,22,0,96.36250171586926,5.29
2025-01-07 19:45:00,Bus,18.7396426279403,22,3,83.93144997201,6.17
2025-01-07 20:00:00,Two-Wheeler,31.077132402633623,7,5,86.21696881308971,11.63
2025-01-07 20:15:00,Bus,44.456768650435905,11,0,81.63308255886159,13.18
2025-01-07 20:30:00,Bus,29.466347082317416,22,5,90.57499202171101,8.38
2025-01-07 20:45:00,Car,20.893848309315295,11,6,85.78388211055035,13.95
2025-01-07 21:00:00,Car,27.239564072993417,7,3,79.71874032055548,7.51
2025-01-07 21:15:00,Bus,28.98068152803765,50,2,91.85808515428457,13.94
2025-01-07 21:30:00,Car,17.30452331814516,50,0,82.21183301312726,10.28
2025-01-07 21:45:00,Car,52.612859623090266,7,1,82.73937714332058,5.73
2025-01-07 22:00:00,Bus,21.18233586556029,22,8,25.649689211651886,8.05
2025-01-07 22:15:00,Two-Wheeler,44.91697177147725,11,6,21.343305251759798,7.45
2025-01-07 22:30:00,Two-Wheeler,19.369203533821754,22,1,20.372036202430195,10.91
2025-01-07 22:45:00,Two-Wheeler,87.1580864400933,50,3,14.794018380296915,14.62
2025-01-07 23:00:00,Two-Wheeler,40.656786422977,7,5,32.2368764658966,9.77
2025-01-07 23:15:00,Car,36.51431922728911,22,2,23.15758367155771,8.04
2025-01-07 23:30:00,Car,15.25164574074767,50,5,27.03652697266096,5.65
2025-01-07 23:45:00,Two-Wheeler,10.406450285981377,50,7,22.744826959496816,10.11
2025-01-08 00:00:00,Car,35.69954916038868,22,4,24.062671094966397,8.16
2025-01-08 00:15:00,Bus,12.881779588189717,11,8,34.51776452853629,8.04
2025-01-08 00:30:00,Car,84.93744666906228,7,5,27.55727652004203,8.65
2025-01-08 00:45:00,Car,15.907880191738302,11,8,21.59313931673692,6.0
2025-01-08 01:00:00,Bus,23.46651098108248,11,5,31.188549769256298,13.0
2025-01-08 01:15:00,Car,18.80011619586326,11,5,34.24391752555982,7.9
2025-01-08 01:30:00,Car,81.82848314868603,22,5,20.776788289550268,10.86
2025-01-08 01:45:00,Two-Wheeler,34.29183034383469,7,3,19.197312988169692,10.08
2025-01-08 02:00:00,Bus,29.871874745673995,7,5,29.709567766664954,14.92
2025-01-08 02:15:00,Car,11.988086461396984,11,3,27.302735536223512,8.15
2025-01-08 02:30:00,Two-Wheeler,71.71246780242339,11,4,17.856792178844913,6.91
2025-01-08 02:45:00,Bus,26.502727930883392,11,0,28.863916993869015,14.32
2025-01-08 03:00:00,Two-Wheeler,63.77144626516409,7,4,23.83475886037979,13.96
2025-01-08 03:15:00,Car,27.564515161277484,22,6,28.577462888266105,12.63
2025-01-08 03:30:00,Car,19.381089595333926,7,5,22.591987128966647,12.55
2025-01-08 03:45:00,Bus,35.02413034947657,22,0,22.311052463863582,5.4
2025-01-08 04:00:00,Two-Wheeler,34.129597528041806,50,3,24.386692638144503,8.83
2025-01-08 04:15:00,Bus,13.99271773498317,7,3,15.94029909799557,12.11
2025-01-08 04:30:00,Two-Wheeler,66.39678625834851,50,5,23.27289129455398,7.93
2025-01-08 04:45:00,Two-Wheeler,8.333333333333332,50,7,19.529284908071425,13.43
2025-01-08 05:00:00,Car,18.54998157965648,22,3,20.071502472645502,6.32
2025-01-08 05:15:00,Two-Wheeler,12.686848137624795,11,0,27.54814690790294,5.4
2025-01-08 05:30:00,Two-Wheeler,23.400766444145532,11,1,25.115181020739698,13.21
2025-01-08 05:45:00,Car,27.37124334797743,22,9,25.92217000328815,13.36
2025-01-08 06:00:00,Bus,27.366759728468544,7,4,28.800356003164257,8.1
2025-01-08 06:15:00,Bus,86.065910689064,50,5,18.044564278337337,11.67
2025-01-08 06:30:00,Car,33.11395825865667,11,10,33.27249441534599,12.84
2025-01-08 06:45:00,Bus,17.34703798915043,7,7,32.90575698095368,6.35
2025-01-08 07:00:00,Bus,17.911034293103913,11,4,86.23648068297281,9.04
2025-01-08 07:15:00,Car,51.1281854346816,7,2,63.37191605213247,9.98
2025-01-08 07:30:00,Two-Wheeler,29.87215784563695,7,0,82.95900700126967,11.37
2025-01-08 07:45:00,Bus,51.27123443594273,50,12,83.32002541716311,5.38
2025-01-08 08:00:00,Two-Wheeler,55.88997205929375,7,6,66.36662200735266,7.01
2025-01-08 08:15:00,Two-Wheeler,55.38010366908482,22,7,95.81333476663971,14.18
2025-01-08 08:30:00,Car,55.241502635414754,22,6,100.0,6.22
2025-01-08 08:45:00,Bus,34.25311002151102,7,4,76.9802659667579,14.45
2025-01-08 09:00:00,Two-Wheeler,17.644827147296787,7,9,74.05133890338276,14.46
2025-01-08 09:15:00,Two-Wheeler,65.75989177443279,7,7,75.76236692239533,9.43
2025-01-08 09:30:00,Two-Wheeler,38.45028230880529,22,2,91.48254070576701,5.7
2025-01-08 09:45:00,Two-Wheeler,30.919992606551226,22,5,95.24934359264853,7.76
2025-01-08 10:00:00,Car,33.562597094029705,11,5,83.24398106650366,8.98
2025-01-08 10:15:00,Bus,49.32471804271254,7,0,78.85465937631373,6.76
2025-01-08 10:30:00,Bus,37.74719040176954,7,4,74.60356675008144,12.34
2025-01-08 10:45:00,Car,10.372198583021316,11,3,93.41246604417695,9.2
2025-01-08 11:00:00,Two-Wheeler,37.02758080346562,7,6,49.1605410869938,10.41
2025-01-08 11:15:00,Car,39.15294639150683,50,7,53.84753082900724,5.73
2025-01-08 11:30:00,Two-Wheeler,17.802444588853245,22,6,65.0433670921835,12.8
2025-01-08 11:45:00,Bus,29.23625022611144,11,6,40.88707963432182,13.12
2025-01-08 12:00:00,Car,27.948403943608447,7,3,40.688771261076525,6.9
2025-01-08 12:15:00,Two-Wheeler,78.60320822668706,11,0,56.869324591915046,6.26
2025-01-08 12:30:00,Car,52.0807614205041,22,3,36.136885942630244,13.81
2025-01-08 12:45:00,Car,18.8267747095591,50,6,46.23060516768102,14.62
2025-01-08 13:00:00,Two-Wheeler,49.24439297917772,50,5,59.04858457946101,11.3
2025-01-08 13:15:00,Two-Wheeler,26.39121431797957,50,2,46.40055529533863,9.02
2025-01-08 13:30:00,Car,65.00979924523135,7,5,38.597655767813905,8.21
2025-01-08 13:45:00,Car,20.959931876190034,22,2,37.6741608898022,10.73
2025-01-08 14:00:00,Car,78.29711124912504,22,8,48.49410063534738,9.25
2025-01-08 14:15:00,Two-Wheeler,54.6678739125533,22,7,37.4055181509916,6.62
2025-01-08 14:30:00,Two-Wheeler,32.05787922352696,11,2,51.64312140806265,8.9
2025-01-08 14:45:00,Two-Wheeler,64.77028615847073,7,5,55.822170005929536,10.19
2025-01-08 15:00:00,Two-Wheeler,42.59627500887359,7,2,44.929491885417754,6.75
2025-01-08 15:15:00,Two-Wheeler,22.526989639389377,22,0,49.49591765107725,5.25
2025-01-08 15:30:00,Bus,50.03296132231189,11,1,32.968022948350885,11.91
2025-01-08 15:45:00,Bus,60.74610918133919,22,1,43.72555167237928,9.47
2025-01-08 16:00:00,Bus,55.712589965541106,7,5,40.88702845063567,11.9
2025-01-08 16:15:00,Car,36.81918158517385,22,3,52.91203082081815,11.66
2025-01-08 16:30:00,Bus,34.78970270176887,22,3,41.388042979353955,6.27
2025-01-08 16:45:00,Two-Wheeler,23.104865468198142,11,6,58.818197441701855,6.68
2025-01-08 17:00:00,Two-Wheeler,27.859992229791526,22,4,100.0,13.46
2025-01-08 17:15:00,Bus,53.49582783204617,7,5,98.32024860804344,11.98
2025-01-08 17:30:00,Car,42.47191760498134,11,4,67.80374590842918,5.54
2025-01-08 17:45:00,Two-Wheeler,69.8176652753261,7,5,100.0,13.84
2025-01-08 18:00:00,Two-Wheeler,35.20824299769654,50,5,99.68319988633695,14.53
2025-01-08 18:15:00,Two-Wheeler,83.37076203455273,7,7,94.25840461701088,7.54
2025-01-08 18:30:00,Car,87.7041336625045,22,4,77.50876578248868,10.49
2025-01-08 18:45:00,Two-Wheeler,53.64815071565306,7,5,100.0,12.89
2025-01-08 19:00:00,Car,84.03641639801283,22,4,83.69430378117958,5.37
2025-01-08 19:15:00,Two-Wheeler,70.31590570046936,7,6,82.71629935181637,12.48
2025-01-08 19:30:00,Two-Wheeler,27.82145528486656,50,5,75.20929737377134,11.76
2025-01-08 19:45:00,Bus,18.8638277664125,11,5,93.8246516265486,10.0
2025-01-08 20:00:00,Car,43.942464785509145,7,5,93.5755024814917,14.17
2025-01-08 20:15:00,Two-Wheeler,53.994917273042944,7,1,88.00519543377679,9.17
2025-01-08 20:30:00,Bus,16.048348141080552,7,7,74.0672925670522,10.8
2025-01-08 20:45:00,Car,11.538385250673807,22,8,76.44833034351807,8.13
2025-01-08 21:00:00,Two-Wheeler,41.14063591893799,50,8,90.63452294238478,6.57
2025-01-08 21:15:00,Bus,28.54246981595644,7,4,94.0267605712662,9.89
2025-01-08 21:30:00,Two-Wheeler,83.02824258391654,22,4,77.3076071877068,9.38
2025-01-08 21:45:00,Bus,19.281433255982996,50,4,95.1602157569615,5.2
2025-01-08 22:00:00,Bus,40.63779961964895,7,2,28.998749828094475,12.26
2025-01-08 22:15:00,Bus,16.931676654805234,22,8,35.41935199725085,8.42
2025-01-08 22:30:00,Car,45.82960944596591,22,0,15.337985761975437,14.3
2025-01-08 22:45:00,Two-Wheeler,49.775356235584304,22,3,25.416376070117835,12.19
2025-01-08 23:00:00,Car,41.56710562598891,11,4,28.22531649420906,6.0
2025-01-08 23:15:00,Two-Wheeler,37.65799758088117,22,5,25.747583808877103,13.41
2025-01-08 23:30:00,Car,81.35219639473749,11,4,33.710482665104365,10.54
2025-01-08 23:45:00,Two-Wheeler,43.43406633994724,11,2,30.673578122658704,10.42
2025-01-09 00:00:00,Car,62.861330801558765,22,3,25.07510287675226,6.64
2025-01-09 00:15:00,Bus,24.011389159447564,7,4,31.78637519856639,10.19
2025-01-09 00:30:00,Car,32.07117369554428,22,5,33.72480775614406,13.67
2025-01-09 00:45:00,Bus,50.2030705728886,22,0,27.158341444871354,7.99
2025-01-09 01:00:00,Two-Wheeler,40.87957282702216,11,3,30.584086751707652,5.13
2025-01-09 01:15:00,Two-Wheeler,28.42708747292643,7,3,23.97865048998675,7.19
2025-01-09 01:30:00,Two-Wheeler,40.17457931933305,7,2,31.8142511724621,7.48
2025-01-09 01:45:00,Bus,31.311136592345488,7,12,31.19004533140635,8.63
2025-01-09 02:00:00,Bus,28.37706235930529,22,6,33.09481237183957,14.3
2025-01-09 02:15:00,Bus,63.93537986877884,50,4,14.715324860298704,10.28
2025-01-09 02:30:00,Two-Wheeler,39.34517471235827,22,6,32.84913972236827,7.28
2025-01-09 02:45:00,Car,88.14664675089807,11,7,33.731047823392274,10.12
2025-01-09 03:00:00,Two-Wheeler,47.195562220328306,11,0,17.492984380296576,6.83
2025-01-09 03:15:00,Two-Wheeler,26.87322755906309,50,7,23.575485749851815,11.11
2025-01-09 03:30:00,Two-Wheeler,26.014629824152397,11,3,23.251678062650207,10.64
2025-01-09 03:45:00,Two-Wheeler,25.01753328204543,7,4,24.0714014880711,13.02
2025-01-09 04:00:00,Two-Wheeler,21.01335974137906,7,5,19.422952202213867,7.69
2025-01-09 04:15:00,Two-Wheeler,42.81114887765628,50,8,27.844323665749336,13.81
2025-01-09 04:30:00,Two-Wheeler,79.6503763813815,50,4,33.43901690519611,5.38
2025-01-09 04:45:00,Two-Wheeler,26.989405916132473,22,5,16.89907294836662,12.28
2025-01-09 05:00:00,Two-Wheeler,38.39933909724018,7,5,27.956446096488712,7.1
2025-01-09 05:15:00,Two-Wheeler,58.752811479608404,11,8,24.914605043859957,6.71
2025-01-09 05:30:00,Car,18.40140872723253,22,3,15.579578158543306,9.68
2025-01-09 05:45:00,Two-Wheeler,55.583461883366155,7,4,33.65304822987139,11.37
2025-01-09 06:00:00,Car,20.837864984854793,7,7,21.006796421928847,7.11
2025-01-09 06:15:00,Bus,49.253787004096544,7,9,34.8437987655049,13.39
2025-01-09 06:30:00,Two-Wheeler,10.504188972127977,22,4,32.1687509574453,6.04
2025-01-09 06:45:00,Car,32.33324758745893,50,7,32.13077166990613,7.57
2025-01-09 07:00:00,Bus,70.05892365379714,50,8,86.92852747537594,11.18
2025-01-09 07:15:00,Two-Wheeler,29.386774987339788,50,8,77.203379674299,9.06
2025-01-09 07:30:00,Bus,43.41713861239885,11,6,100.0,12.77
2025-01-09 07:45:00,Car,24.808639514575166,7,4,99.51437398942211,6.02
2025-01-09 08:00:00,Car,61.2813418425456,7,6,100.0,11.52
2025-01-09 08:15:00,Car,43.395987689314026,11,7,77.28474015994777,14.49
2025-01-09 08:30:00,Car,13.267903130081587,50,0,76.5938740120638,12.33
2025-01-09 08:45:00,Bus,23.80942980491873,22,5,100.0,8.61
2025-01-09 09:00:00,Two-Wheeler,25.481808852603812,22,3,72.58836312969778,8.73
2025-01-09 09:15:00,Two-Wheeler,25.251810409032135,7,7,96.92934865974037,6.13
2025-01-09 09:30:00,Car,29.964854901140257,22,4,71.89894334742732,11.27
2025-01-09 09:45:00,Two-Wheeler,52.000563395744244,11,3,92.24411932014249,7.42
2025-01-09 10:00:00,Car,18.477299576115612,50,3,94.13487618181965,11.09
2025-01-09 10:15:00,Car,74.47114922246064,7,6,77.51518013339378,6.2
2025-01-09 10:30:00,Car,33.45830438196725,22,4,74.09011335420682,10.34
2025-01-09 10:45:00,Bus,48.56249233345344,11,10,89.20360568960186,9.91
2025-01-09 11:00:00,Bus,80.26030986780367,50,1,38.209369308900236,11.59
2025-01-09 11:15:00,Two-Wheeler,15.650973830011605,7,1,60.72958508490056,10.24
2025-01-09 11:30:00,Two-Wheeler,31.406745938451174,7,8,55.47202894603819,11.89
2025-01-09 11:45:00,Two-Wheeler,41.57521777459922,11,2,55.131151107345644,9.35
2025-01-09 12:00:00,Bus,45.09380826435606,50,5,51.884907116438086,8.13
2025-01-09 12:15:00,Car,19.913905740889668,11,0,40.786294335600104,6.26
2025-01-09 12:30:00,Bus,16.273830800120486,50,5,56.082148978687606,12.93
2025-01-09 12:45:00,Car,21.802084002259065,50,3,42.9885074088712,11.69
2025-01-09 13:00:00,Two-Wheeler,12.134031112500681,7,1,45.930638786433164,9.76
2025-01-09 13:15:00,Car,52.732431131412866,22,12,66.46996622443902,5.63
2025-01-09 13:30:00,Car,21.028692326456536,7,3,33.754191772689424,12.23
2025-01-09 13:45:00,Two-Wheeler,67.93628316249657,11,5,48.41481513591991,9.37
2025-01-09 14:00:00,Bus,23.646108276228183,50,2,32.60840944683743,9.79
2025-01-09 14:15:00,Two-Wheeler,87.98349194742435,50,6,54.493826346863926,14.86
2025-01-09 14:30:00,Two-Wheeler,18.482333845950883,22,6,57.35046178065258,7.11
2025-01-09 14:45:00,Car,44.90214696916138,22,4,50.98888431172262,8.98
2025-01-09 15:00:00,Two-Wheeler,12.840833843493474,50,6,61.02415981570755,9.9
2025-01-09 15:15:00,Bus,45.542113447453175,7,0,59.99122913465493,13.43
2025-01-09 15:30:00,Car,50.72503400001796,50,4,35.88572462417143,9.76
2025-01-09 15:45:00,Two-Wheeler,23.43492018131746,11,2,47.006944367774054,6.61
2025-01-09 16:00:00,Bus,23.130907398196488,50,8,46.7445241052761,9.7
2025-01-09 16:15:00,Two-Wheeler,31.61236964561135,22,7,54.69187108229397,9.5
2025-01-09 16:30:00,Bus,47.68406186814703,11,0,30.111589824541774,7.42
2025-01-09 16:45:00,Two-Wheeler,19.11164438695171,50,0,34.005466540584585,5.48
2025-01-09 17:00:00,Two-Wheeler,66.34136741845218,50,3,67.67515042363756,14.86
2025-01-09 17:15:00,Two-Wheeler,52.42884569853087,7,0,60.885378041179884,11.41
2025-01-09 17:30:00,Car,18.363850701614204,50,6,100.0,6.17
2025-01-09 17:45:00,Bus,15.109018230059894,22,6,99.73493282700022,7.04
2025-01-09 18:00:00,Two-Wheeler,25.400397586972343,7,7,78.79724543215457,5.15
2025-01-09 18:15:00,Two-Wheeler,65.53478675770505,50,7,70.40801910238648,11.5
2025-01-09 18:30:00,Bus,89.09810452476778,11,6,71.4015254672219,9.69
2025-01-09 18:45:00,Car,49.799592645809966,50,5,77.64419551763582,9.24
2025-01-09 19:00:00,Bus,43.85349609496967,22,8,95.52122075807925,8.19
2025-01-09 19:15:00,Two-Wheeler,30.4304590120801,22,8,84.97556072290041,6.57
2025-01-09 19:30:00,Bus,52.58259644332423,7,7,67.72128039300921,10.57
2025-01-09 19:45:00,Two-Wheeler,62.39060380905082,50,6,71.10305875666772,13.59
2025-01-09 20:00:00,Bus,63.16807874598816,50,1,77.22477561021769,11.8
2025-01-09 20:15:00,Two-Wheeler,46.29024794067158,7,5,84.41122868440793,10.42
2025-01-09 20:30:00,Two-Wheeler,19.54565923579766,50,3,100.0,7.68
2025-01-09 20:45:00,Car,25.63582960067941,11,2,66.23662758515094,5.19
2025-01-09 21:00:00,Bus,28.579348382718997,22,6,92.21813825974257,5.09
2025-01-09 21:15:00,Car,19.191080352111413,22,4,94.1123597804404,13.23
2025-01-09 21:30:00,Car,24.677763676923973,7,7,100.0,6.06
2025-01-09 21:45:00,Car,39.036448198079896,7,5,65.81606442752826,11.04
2025-01-09 22:00:00,Car,30.90970869072287,7,6,32.20035556092527,10.56
2025-01-09 22:15:00,Two-Wheeler,33.599545486739316,22,0,20.932512918864923,10.53
2025-01-09 22:30:00,Car,31.725266240361787,22,1,19.815316028730827,9.79
2025-01-09 22:45:00,Car,18.391561942527904,22,1,11.509453834702143,5.64
2025-01-09 23:00:00,Two-Wheeler,24.121187581131895,7,1,11.184831768110287,13.08
2025-01-09 23:15:00,Bus,18.684978297658674,50,8,30.12404507220664,10.24
2025-01-09 23:30:00,Bus,8.333333333333334,50,6,30.96414236790255,14.06
2025-01-09 23:45:00,Car,32.29257898680057,11,5,31.6586329678583,12.43
2025-01-10 00:00:00,Two-Wheeler,52.930081949773424,50,6,29.31430870514281,7.14
2025-01-10 00:15:00,Two-Wheeler,31.700012593030298,50,5,20.633587089490497,9.81
2025-01-10 00:30:00,Bus,40.89898534627586,11,7,17.615503565183204,11.17
2025-01-10 00:45:00,Bus,24.78294397268581,11,6,31.54591151678147,13.32
2025-01-10 01:00:00,Bus,48.438549621815795,22,6,18.54362378433774,8.99
2025-01-10 01:15:00,Bus,37.31290817922682,50,5,21.783290650500675,6.11
2025-01-10 01:30:00,Car,55.612603033104996,7,0,10.322164370986739,6.17
2025-01-10 01:45:00,Two-Wheeler,18.083757972028426,7,5,22.127729570460563,8.23
2025-01-10 02:00:00,Bus,51.57403470761357,50,2,23.04321653942025,12.53
2025-01-10 02:15:00,Bus,26.392362405880174,50,9,20.74164099182857,5.37
2025-01-10 02:30:00,Two-Wheeler,45.80423565623379,50,8,24.58011459324466,8.91
2025-01-10 02:45:00,Car,42.92191136989294,11,5,15.837607876775511,10.03
2025-01-10 03:00:00,Bus,24.45734219974041,7,5,28.143953232801245,9.39
2025-01-10 03:15:00,Two-Wheeler,88.48424983255146,7,7,36.8911828121948,9.2
2025-01-10 03:30:00,Car,18.527872536394916,11,6,32.653664472401026,7.01
2025-01-10 03:45:00,Car,17.502674561030787,7,4,32.33613156149553,10.6
2025-01-10 04:00:00,Two-Wheeler,51.418536926347855,50,4,30.635706003703184,14.8
2025-01-10 04:15:00,Bus,16.327122429619223,50,5,33.86714597419763,8.65
2025-01-10 04:30:00,Two-Wheeler,27.844012624471656,7,7,36.72828036965778,12.32
2025-01-10 04:45:00,Car,35.60954858604012,11,0,26.583635598998356,9.44
2025-01-10 05:00:00,Two-Wheeler,24.38618151080316,7,3,15.165787129658337,9.21
2025-01-10 05:15:00,Two-Wheeler,23.12895754025165,50,3,20.329138415063827,12.56
2025-01-10 05:30:00,Car,46.2668350920389,11,0,17.97131923200108,6.7
2025-01-10 05:45:00,Bus,72.55346063977817,11,5,21.81766030984714,12.85
2025-01-10 06:00:00,Car,17.077135137807375,7,0,18.511267314367032,10.49
2025-01-10 06:15:00,Bus,68.51986282757267,7,9,32.74744931515613,8.73
2025-01-10 06:30:00,Bus,41.38098061961666,11,6,26.25165253694273,9.59
2025-01-10 06:45:00,Two-Wheeler,47.390347526780495,50,8,29.2562522190726,5.47
2025-01-10 07:00:00,Bus,19.01800890626471,7,4,87.18145476599923,7.87
2025-01-10 07:15:00,Two-Wheeler,12.129950318125074,11,7,100.0,9.85
2025-01-10 07:30:00,Bus,79.53753214609077,50,2,95.3309722011503,9.54
2025-01-10 07:45:00,Car,14.526544684345208,50,3,75.65169394902497,14.76
2025-01-10 08:00:00,Bus,31.406116463798053,11,4,68.46375699066668,13.4
2025-01-10 08:15:00,Two-Wheeler,46.113822563930015,11,8,91.2418596513566,14.44
2025-01-10 08:30:00,Two-Wheeler,30.477627351130838,50,5,81.91473636236348,10.17
2025-01-10 08:45:00,Bus,38.87680536738153,22,6,95.83456953461332,12.95
2025-01-10 09:00:00,Car,49.87700923313148,22,1,63.84098270597306,9.88
2025-01-10 09:15:00,Two-Wheeler,20.233660687997528,7,0,91.68012504520783,8.24
2025-01-10 09:30:00,Car,20.24807130455661,7,5,86.11088836275508,10.4
2025-01-10 09:45:00,Car,23.814051809819045,50,5,80.90915902490889,9.28
2025-01-10 10:00:00,Bus,33.32215093602135,22,5,75.74228562482564,12.77
2025-01-10 10:15:00,Bus,17.608481769240075,22,10,77.93490159390805,14.62
2025-01-10 10:30:00,Two-Wheeler,25.059034886481438,11,11,90.88615263531486,6.35
2025-01-10 10:45:00,Two-Wheeler,34.31666548565499,22,8,84.07174681333456,14.09
2025-01-10 11:00:00,Bus,75.9385252905646,22,3,41.56879799050731,7.71
2025-01-10 11:15:00,Car,32.75887245144353,50,2,55.938295677599,10.63
2025-01-10 11:30:00,Bus,16.79071765539233,7,7,37.001584807968904,14.54
2025-01-10 11:45:00,Car,46.70261679202538,11,6,38.79862154165905,12.39
2025-01-10 12:00:00,Car,45.026491263357045,50,0,34.85901553208821,12.01
2025-01-10 12:15:00,Bus,62.17082277223391,7,3,33.703770651634635,8.29
2025-01-10 12:30:00,Two-Wheeler,19.153103613572494,50,7,48.51846682788918,12.37
2025-01-10 12:45:00,Two-Wheeler,57.696941486242686,22,9,39.56642635728704,6.01
2025-01-10 13:00:00,Bus,34.192990032139036,50,7,51.67589553941847,9.5
2025-01-10 13:15:00,Two-Wheeler,43.20868469336289,22,6,60.2157591120648,12.57
2025-01-10 13:30:00,Bus,63.07741577832419,22,1,53.95997292803632,12.86
2025-01-10 13:45:00,Car,30.216434922871137,11,7,43.74717911655467,5.77
2025-01-10 14:00:00,Bus,64.50790786372498,7,8,62.47461569788901,14.35
2025-01-10 14:15:00,Bus,36.73901397715585,11,6,65.0711287890766,9.67
2025-01-10 14:30:00,Car,25.697156782041436,50,2,33.92253762812199,6.8
2025-01-10 14:45:00,Two-Wheeler,17.61567800012494,50,1,52.24972147233911,8.68
2025-01-10 15:00:00,Bus,43.32462266265088,50,5,53.48672754820859,9.29
2025-01-10 15:15:00,Bus,47.50826382858579,11,7,48.31335953603333,14.06
2025-01-10 15:30:00,Two-Wheeler,30.141705579080952,11,1,51.816420661249666,13.84
2025-01-10 15:45:00,Car,35.873835604100876,50,7,62.688553841402864,6.12
2025-01-10 16:00:00,Bus,60.76467229397614,11,5,59.90750578344155,9.19
2025-01-10 16:15:00,Bus,29.91962511882243,11,6,53.44099671613725,12.81
2025-01-10 16:30:00,Bus,23.299879743132557,50,3,59.373306716788946,13.13
2025-01-10 16:45:00,Two-Wheeler,42.25364785440163,7,5,54.01302979395488,7.86
2025-01-10 17:00:00,Car,31.40251960716408,22,4,66.17084741557494,10.97
2025-01-10 17:15:00,Car,39.2273368334466,11,4,89.65572994893266,12.7
2025-01-10 17:30:00,Two-Wheeler,42.54601984085916,7,2,72.93315506663563,14.25
2025-01-10 17:45:00,Car,22.22007198645591,11,7,67.03623340984362,12.15
2025-01-10 18:00:00,Two-Wheeler,61.347964085251434,50,1,78.94170197473838,11.26
2025-01-10 18:15:00,Bus,64.77948701300055,11,4,90.5259131759929,8.42
2025-01-10 18:30:00,Car,57.79943348244644,11,0,78.60141298922692,11.9
2025-01-10 18:45:00,Two-Wheeler,26.516923528683822,50,4,78.94538608370897,11.89
2025-01-10 19:00:00,Bus,65.87260580330397,7,6,88.87393315561782,10.84
2025-01-10 19:15:00,Bus,59.21940240388206,22,9,100.0,8.78
2025-01-10 19:30:00,Car,86.91790582815882,22,2,89.9286181397789,11.24
2025-01-10 19:45:00,Bus,25.352584732555258,11,0,98.64399490925928,13.32
2025-01-10 20:00:00,Bus,16.20517537422198,7,3,72.0277869756172,5.21
2025-01-10 20:15:00,Car,26.49316273577627,22,2,68.37561062995684,5.44
2025-01-10 20:30:00,Bus,50.17946225786166,22,1,98.3017250434392,7.48
2025-01-10 20:45:00,Car,21.17279443041793,7,6,92.44933533047464,12.1
2025-01-10 21:00:00,Bus,18.564044579506746,22,0,88.71748094490277,12.43
2025-01-10 21:15:00,Car,69.07272873568016,22,1,75.22487997030262,12.91
2025-01-10 21:30:00,Two-Wheeler,82.33519197423063,11,0,69.67623090367032,8.99
2025-01-10 21:45:00,Car,78.60784059617497,22,7,99.55316526371374,9.94
2025-01-10 22:00:00,Car,50.64439642120951,22,6,30.446223366474158,6.9
2025-01-10 22:15:00,Two-Wheeler,15.875954703941868,22,5,23.542650620967827,7.34
2025-01-10 22:30:00,Bus,22.70384482839511,22,7,35.36516335882612,11.03
2025-01-10 22:45:00,Bus,16.68711537314372,11,2,25.44525879865132,12.82
2025-01-10 23:00:00,Car,57.321117444442095,11,6,23.467571190736802,14.02
2025-01-10 23:15:00,Car,69.98222028650207,50,2,12.950355144142208,7.19
2025-01-10 23:30:00,Two-Wheeler,57.14041068525969,11,9,37.96106563705781,5.69
2025-01-10 23:45:00,Car,88.77530256425435,7,6,24.253398880070826,7.56
2025-01-11 00:00:00,Bus,19.95778344177657,11,0,24.870050715581506,10.32
2025-01-11 00:15:00,Two-Wheeler,62.29475260247105,50,8,21.45218225804549,5.03
2025-01-11 00:30:00,Two-Wheeler,17.284949959320365,50,4,23.977020474885485,7.15
2025-01-11 00:45:00,Car,30.20969077123202,7,4,28.718707838748912,6.38
2025-01-11 01:00:00,Bus,49.37305617167886,22,4,29.658683454797345,12.46
2025-01-11 01:15:00,Car,56.82762517487026,22,7,30.759256802374182,12.92
2025-01-11 01:30:00,Bus,54.69348334934837,11,2,17.38980100266727,7.43
2025-01-11 01:45:00,Two-Wheeler,12.911096566327142,22,1,26.217829459224802,14.86
2025-01-11 02:00:00,Bus,32.63413880386293,22,11,40.903188204002426,8.99
2025-01-11 02:15:00,Car,65.9531128698101,50,7,32.367998578975595,5.89
2025-01-11 02:30:00,Bus,65.59514920635863,50,7,29.906912465012155,9.15
2025-01-11 02:45:00,Two-Wheeler,50.010239348985735,7,5,29.77610100157373,11.25
2025-01-11 03:00:00,Two-Wheeler,17.114992040853544,22,2,19.288197319908065,8.53
2025-01-11 03:15:00,Two-Wheeler,24.60041678138672,22,0,25.422720963416445,11.61
2025-01-11 03:30:00,Bus,30.382490919919114,11,8,20.307997165616563,9.07
2025-01-11 03:45:00,Bus,53.79643341069518,50,5,16.11471053002804,10.74
2025-01-11 04:00:00,Car,81.81248668059939,7,5,33.665528247581335,13.06
2025-01-11 04:15:00,Two-Wheeler,80.12568591739839,7,2,16.105438816076035,12.12
2025-01-11 04:30:00,Two-Wheeler,52.536882249005906,7,6,32.445494229458504,10.63
2025-01-11 04:45:00,Two-Wheeler,33.041213174453745,11,3,24.050069525230874,7.15
2025-01-11 05:00:00,Two-Wheeler,63.74094861496532,11,0,27.244192815064782,12.43
2025-01-11 05:15:00,Car,46.56058209111668,7,4,32.205435425078996,11.31
2025-01-11 05:30:00,Bus,17.23063575268375,11,4,32.15363890438307,8.05
2025-01-11 05:45:00,Two-Wheeler,17.788638930364474,11,0,22.943355441019712,11.87
2025-01-11 06:00:00,Car,35.93756697287181,22,8,30.397959035206956,5.83
2025-01-11 06:15:00,Car,64.84984347795542,50,2,14.69595656838954,14.14
2025-01-11 06:30:00,Bus,30.97384625715687,50,0,24.464589172110692,13.02
2025-01-11 06:45:00,Two-Wheeler,24.586206768463043,11,2,23.99438022220555,6.78
2025-01-11 07:00:00,Two-Wheeler,20.351198377875566,50,0,75.70834128576868,11.16
2025-01-11 07:15:00,Car,51.04092224226605,7,8,80.99195661521442,7.93
2025-01-11 07:30:00,Two-Wheeler,25.79516459211972,11,0,74.94563273866794,8.33
2025-01-11 07:45:00,Two-Wheeler,25.99873502574094,11,4,94.51795514046245,12.59
2025-01-11 08:00:00,Two-Wheeler,35.26208245439537,50,4,71.0817317811359,5.29
2025-01-11 08:15:00,Bus,35.314166433789154,50,8,68.21356567878755,14.85
2025-01-11 08:30:00,Two-Wheeler,44.66419192593166,50,2,98.87822520531,6.41
2025-01-11 08:45:00,Bus,34.440974685489046,50,4,89.70984184301118,13.93
2025-01-11 09:00:00,Bus,47.82495996180734,7,6,100.0,10.37
2025-01-11 09:15:00,Two-Wheeler,28.493513204732686,22,4,99.09498082165565,12.43
2025-01-11 09:30:00,Car,43.11012793845212,50,8,78.3696054156108,14.09
2025-01-11 09:45:00,Car,20.748764090639202,22,2,74.49953304571419,8.48
2025-01-11 10:00:00,Bus,22.461117710038266,50,5,78.51023948528916,12.03
2025-01-11 10:15:00,Bus,16.392877229209045,11,2,63.42993577863459,12.04
2025-01-11 10:30:00,Two-Wheeler,66.73084052548532,7,8,68.60852380781421,13.61
2025-01-11 10:45:00,Two-Wheeler,16.439136203344113,22,4,81.60510786185306,6.23
2025-01-11 11:00:00,Car,30.24042784134999,50,4,52.747674093653686,12.8
2025-01-11 11:15:00,Bus,14.155738801595897,7,6,44.40649220971713,5.53
2025-01-11 11:30:00,Two-Wheeler,23.67608939424654,22,11,55.22976711650873,8.92
2025-01-11 11:45:00,Bus,49.45030761211144,11,4,49.56668594953244,6.4
2025-01-11 12:00:00,Bus,22.413666693728928,22,0,56.731655815254626,8.33
2025-01-11 12:15:00,Bus,24.956495226814113,11,3,53.39935645952284,5.86
2025-01-11 12:30:00,Bus,44.81126692881521,50,4,62.85932964202378,12.23
2025-01-11 12:45:00,Car,58.53225286855308,22,7,63.917299755749255,13.91
2025-01-11 13:00:00,Bus,85.43775793478723,22,2,58.253661720543505,13.68
2025-01-11 13:15:00,Car,14.086234612725038,7,1,42.48382924436051,10.89
2025-01-11 13:30:00,Two-Wheeler,15.293925880421236,50,5,45.092316415498075,12.26
2025-01-11 13:45:00,Car,20.253483250852096,7,4,57.79024477367615,14.22
2025-01-11 14:00:00,Car,55.48754650987448,7,6,38.65312762006507,14.54
2025-01-11 14:15:00,Car,50.57487280672135,50,6,57.571000163696624,9.97
2025-01-11 14:30:00,Car,45.06875435382358,11,6,60.86789673579037,6.09
2025-01-11 14:45:00,Bus,44.28400892733302,11,3,59.49358220024325,10.77
2025-01-11 15:00:00,Two-Wheeler,65.7942546947897,22,7,45.37795834122969,8.68
2025-01-11 15:15:00,Two-Wheeler,8.333333333333332,50,2,59.381030310713314,6.93
2025-01-11 15:30:00,Bus,50.89360859207439,22,9,46.61392927667976,9.22
2025-01-11 15:45:00,Two-Wheeler,27.718643484643675,50,0,38.702767948522435,11.13
2025-01-11 16:00:00,Two-Wheeler,24.68710235230423,11,8,67.2520676779615,13.73
2025-01-11 16:15:00,Bus,24.98468265138311,7,5,59.633315832245486,9.36
2025-01-11 16:30:00,Car,39.46499262866277,11,8,48.987590179954225,11.02
2025-01-11 16:45:00,Car,18.676025334384853,22,4,48.8050109221785,6.78
2025-01-11 17:00:00,Two-Wheeler,30.915643418666235,7,4,76.38167967448352,10.69
2025-01-11 17:15:00,Two-Wheeler,53.519628472035244,50,0,76.93306908090108,11.26
2025-01-11 17:30:00,Bus,12.405339293695427,22,5,66.67882013624268,6.77
2025-01-11 17:45:00,Car,74.30724469571891,50,3,85.15361168914944,8.83
2025-01-11 18:00:00,Car,35.9692236753393,11,3,76.8444394837646,12.47
2025-01-11 18:15:00,Two-Wheeler,61.36412226340224,7,9,86.31870187996213,6.44
2025-01-11 18:30:00,Two-Wheeler,46.337687374444705,7,4,100.0,12.29
2025-01-11 18:45:00,Two-Wheeler,20.591872993162546,11,4,78.81280701802089,5.2
2025-01-11 19:00:00,Car,42.93352435332332,22,4,88.92589469343827,13.41
2025-01-11 19:15:00,Two-Wheeler,26.672783071896077,11,3,77.21746722898126,7.52
2025-01-11 19:30:00,Bus,33.17667933605941,22,5,71.66182354375205,10.29
2025-01-11 19:45:00,Two-Wheeler,30.308152145761127,50,3,80.26931295371396,9.53
2025-01-11 20:00:00,Two-Wheeler,32.44506990816222,7,11,90.76502964565083,11.2
2025-01-11 20:15:00,Bus,17.174836079151948,22,6,83.29085151152674,9.13
2025-01-11 20:30:00,Two-Wheeler,54.56307541263093,7,5,84.16162902698454,6.05
2025-01-11 20:45:00,Car,55.832974471513225,11,4,98.61717620330745,7.97
2025-01-11 21:00:00,Bus,26.723321465575278,50,2,96.33165342212425,8.1
2025-01-11 21:15:00,Car,48.28850186817084,22,6,83.36284327263922,14.29
2025-01-11 21:30:00,Two-Wheeler,33.52680303020083,11,11,100.0,7.87
2025-01-11 21:45:00,Car,18.56064628402155,50,5,68.00088355571673,13.96
2025-01-11 22:00:00,Car,34.81148626192931,7,6,26.954798189382736,11.1
2025-01-11 22:15:00,Bus,79.46841388628495,7,5,23.07513220956693,7.08
2025-01-11 22:30:00,Car,45.45715177361807,22,3,20.790983289630447,10.11
2025-01-11 22:45:00,Car,30.957649818154472,50,5,22.938238479733904,8.03
2025-01-11 23:00:00,Bus,74.4315358350984,11,6,24.878899206534378,12.55
2025-01-11 23:15:00,Car,20.70690533209932,7,4,18.28916458648323,5.74
2025-01-11 23:30:00,Two-Wheeler,59.99927612596822,50,9,27.922286142503754,10.65
2025-01-11 23:45:00,Two-Wheeler,59.968612216481496,50,5,15.067756959652783,7.45
2025-01-12 00:00:00,Two-Wheeler,86.32247605118604,22,5,18.763999633597244,7.85
2025-01-12 00:15:00,Two-Wheeler,19.180167668418054,11,3,29.934439807934666,8.09
2025-01-12 00:30:00,Bus,47.659332753655896,50,4,21.37758183318551,13.33
2025-01-12 00:45:00,Bus,23.83080667993694,22,6,33.95766755528964,7.43
2025-01-12 01:00:00,Bus,22.42448032959142,7,7,20.310815896461747,12.31
2025-01-12 01:15:00,Car,26.62477272163719,11,9,26.284044452990322,7.1
2025-01-12 01:30:00,Bus,30.140202392545547,11,4,27.129430350603297,5.18
2025-01-12 01:45:00,Bus,88.37269815093198,11,8,32.49218387176634,7.85
2025-01-12 02:00:00,Car,46.885383234446934,50,2,17.210348908719382,11.46
2025-01-12 02:15:00,Two-Wheeler,24.053013980442937,7,4,14.043681890111145,13.89
2025-01-12 02:30:00,Bus,59.90746717140937,22,4,20.35091315310676,8.61
2025-01-12 02:45:00,Two-Wheeler,26.86777750058291,7,8,26.665014853915007,8.77
2025-01-12 03:00:00,Two-Wheeler,38.253669533632376,7,1,21.513721118390123,14.47
2025-01-12 03:15:00,Bus,61.2752077246828,50,9,31.887314009851348,12.58
2025-01-12 03:30:00,Car,49.3229626938016,7,4,23.880857338714666,5.55
2025-01-12 03:45:00,Bus,21.465806078700936,50,3,15.128951776662158,14.69
2025-01-12 04:00:00,Car,18.37569760155538,11,9,19.768512912781173,9.02
2025-01-12 04:15:00,Car,83.55934631185059,50,2,25.500932445798398,14.79
2025-01-12 04:30:00,Two-Wheeler,52.80856792909918,50,13,31.22510375820658,9.6
2025-01-12 04:45:00,Car,33.95224610875399,7,3,25.915191430613753,13.46
2025-01-12 05:00:00,Two-Wheeler,40.50823768223681,50,6,17.62855377413871,9.36
2025-01-12 05:15:00,Car,48.23802480670014,50,8,22.688976976160788,12.32
2025-01-12 05:30:00,Two-Wheeler,61.766733163200065,7,1,30.1166165936598,13.0
2025-01-12 05:45:00,Bus,42.120547331999965,11,3,25.951711776036145,14.29
2025-01-12 06:00:00,Bus,13.383867631910912,11,7,18.204407288904726,5.81
2025-01-12 06:15:00,Two-Wheeler,24.091742211359396,11,4,22.28895870070959,6.07
2025-01-12 06:30:00,Two-Wheeler,50.08309582832148,50,0,29.385109274393617,5.56
2025-01-12 06:45:00,Two-Wheeler,66.0273344655704,11,1,30.31988989114925,14.12
2025-01-12 07:00:00,Bus,22.91720927985282,50,5,72.4860877039572,5.33
2025-01-12 07:15:00,Two-Wheeler,54.88019287297866,11,7,82.79150036682856,12.44
2025-01-12 07:30:00,Car,23.694387678929157,22,2,77.57547418670768,9.12
2025-01-12 07:45:00,Bus,26.719848404785886,11,7,95.17137079517101,7.53
2025-01-12 08:00:00,Car,61.125156417496754,11,6,92.42129661745945,11.15
2025-01-12 08:15:00,Two-Wheeler,14.46461119210962,50,6,76.2870854409771,10.64
2025-01-12 08:30:00,Two-Wheeler,25.540315268803052,22,6,100.0,5.92
2025-01-12 08:45:00,Bus,23.19495811317455,11,8,75.73903397657473,13.92
2025-01-12 09:00:00,Car,19.506744047868644,7,2,90.27277780040575,9.89
2025-01-12 09:15:00,Car,21.198413240960576,11,3,88.21833188969697,10.3
2025-01-12 09:30:00,Car,54.380298576353916,11,0,79.6143214066075,12.73
2025-01-12 09:45:00,Two-Wheeler,82.6542231067892,7,11,87.89168451343326,7.53
2025-01-12 10:00:00,Two-Wheeler,48.805327840753584,7,1,64.27446023665175,8.01
2025-01-12 10:15:00,Car,44.30458631693271,22,6,97.80349842641039,5.13
2025-01-12 10:30:00,Bus,20.202632479757195,11,7,89.40015956915673,9.5
2025-01-12 10:45:00,Two-Wheeler,15.653768941431167,11,0,72.58070288836421,12.0
2025-01-12 11:00:00,Bus,12.460241950959949,22,5,50.96991807761308,7.92
2025-01-12 11:15:00,Bus,18.785466755867393,22,0,56.29815835111795,14.28
2025-01-12 11:30:00,Bus,51.94014573988662,50,9,66.06528479932452,10.08
2025-01-12 11:45:00,Bus,44.13628079206604,11,6,49.40958870424254,7.56
2025-01-12 12:00:00,Bus,59.392928479857176,50,5,39.42058298050216,6.6
2025-01-12 12:15:00,Two-Wheeler,24.802991376460007,50,9,46.18784648896174,11.21
2025-01-12 12:30:00,Two-Wheeler,66.38331993096388,11,6,37.85040888759286,7.09
2025-01-12 12:45:00,Bus,16.229906848385284,22,0,47.793383349741816,8.72
2025-01-12 13:00:00,Car,15.713551827388748,22,10,69.70575367755015,5.91
2025-01-12 13:15:00,Car,15.46574524799296,11,3,51.6488873412964,6.28
2025-01-12 13:30:00,Two-Wheeler,30.259016175816612,7,6,65.63925962932112,5.08
2025-01-12 13:45:00,Bus,86.6184234081614,50,7,38.707044414928646,5.52
2025-01-12 14:00:00,Bus,19.15699583920244,11,1,39.90133925586054,13.42
2025-01-12 14:15:00,Two-Wheeler,30.03238972877062,7,2,37.60238853791981,10.1
2025-01-12 14:30:00,Two-Wheeler,38.764227891082,7,4,39.61519344780841,12.73
2025-01-12 14:45:00,Car,12.435370052099097,7,4,34.74627646043817,8.77
2025-01-12 15:00:00,Car,53.83338130692875,11,6,56.22598124828582,7.04
2025-01-12 15:15:00,Bus,80.54382179489676,50,7,63.00365794450725,9.36
2025-01-12 15:30:00,Two-Wheeler,45.266430980622,11,5,36.42195733793492,11.13
2025-01-12 15:45:00,Bus,24.111794541020384,22,6,45.19797229574627,13.34
2025-01-12 16:00:00,Bus,46.63553582454825,11,0,38.86797374954635,14.45
2025-01-12 16:15:00,Bus,66.75645349228282,11,4,55.93641459988844,11.64
2025-01-12 16:30:00,Car,55.77624490607611,7,4,47.27767069973376,6.15
2025-01-12 16:45:00,Two-Wheeler,46.14212265455313,50,6,40.940107875219155,10.66
2025-01-12 17:00:00,Car,18.98394796700974,50,7,81.52514841958543,14.52
2025-01-12 17:15:00,Bus,60.167929730313254,7,0,91.97063863839873,6.33
2025-01-12 17:30:00,Two-Wheeler,27.422912773867232,22,6,100.0,5.87
2025-01-12 17:45:00,Two-Wheeler,12.539013852952849,11,5,82.36874384673669,6.35
2025-01-12 18:00:00,Bus,32.01299742110627,11,2,62.7419278289763,12.25
2025-01-12 18:15:00,Two-Wheeler,11.89494231670141,22,7,100.0,9.45
2025-01-12 18:30:00,Car,62.7255925971519,7,4,97.39210671818,5.53
2025-01-12 18:45:00,Two-Wheeler,19.41025006264405,50,2,65.97963734649491,13.23
2025-01-12 19:00:00,Car,31.264256337836997,7,7,77.27253924068957,9.46
2025-01-12 19:15:00,Bus,18.13731035727073,22,4,71.71207610665837,11.27
2025-01-12 19:30:00,Two-Wheeler,29.354418592160066,11,2,83.80033662895762,7.24
2025-01-12 19:45:00,Car,26.778788438900214,7,9,100.0,7.67
2025-01-12 20:00:00,Two-Wheeler,55.12330070566105,50,4,89.08553576244469,8.36
2025-01-12 20:15:00,Two-Wheeler,54.39616839048379,50,8,100.0,6.54
2025-01-12 20:30:00,Bus,14.834289123147608,11,2,78.71246331606001,7.63
2025-01-12 20:45:00,Two-Wheeler,52.397536129988765,50,0,97.72937133387876,12.23
2025-01-12 21:00:00,Bus,18.794577803633285,7,1,79.34419518689367,11.97
2025-01-12 21:15:00,Two-Wheeler,34.09311663975922,11,2,75.40892720854286,5.42
2025-01-12 21:30:00,Car,52.036878925082874,22,6,100.0,11.86
2025-01-12 21:45:00,Bus,21.344668912889023,11,5,98.5335128237354,10.56
2025-01-12 22:00:00,Bus,16.991468050065077,11,9,25.781482969635526,9.52
2025-01-12 22:15:00,Bus,50.16433116483256,11,5,17.435327551991307,13.65
2025-01-12 22:30:00,Car,18.527808283707266,11,4,20.337711043445417,8.36
2025-01-12 22:45:00,Car,63.33765363732926,11,4,16.004565132857685,12.54
2025-01-12 23:00:00,Two-Wheeler,26.43004377338747,11,6,29.596735195154405,13.11
2025-01-12 23:15:00,Two-Wheeler,56.62231875953204,22,1,28.26108786231898,10.26
2025-01-12 23:30:00,Car,37.99797404193937,50,2,26.014091523747364,7.58
2025-01-12 23:45:00,Two-Wheeler,12.750674860016938,11,5,27.71749054662014,14.38
2025-01-13 00:00:00,Car,31.86973670140432,7,1,29.5760803999558,8.07
2025-01-13 00:15:00,Two-Wheeler,22.88918688855678,50,8,29.45987288227186,9.58
2025-01-13 00:30:00,Bus,28.98932893739645,50,3,20.622186520165656,11.14
2025-01-13 00:45:00,Car,24.084166548455347,50,8,32.545849544791366,7.7
2025-01-13 01:00:00,Two-Wheeler,46.35070128923995,22,2,15.499936575011679,13.9
2025-01-13 01:15:00,Bus,26.881511513611656,7,3,32.972228540749086,11.3
2025-01-13 01:30:00,Bus,28.376252891578194,22,3,31.109789549826512,5.37
2025-01-13 01:45:00,Two-Wheeler,16.002479748820868,50,3,17.735960691922376,10.03
2025-01-13 02:00:00,Two-Wheeler,25.475998351250983,11,1,22.4148748346664,12.72
2025-01-13 02:15:00,Bus,60.43026130125075,50,12,41.68934746185232,10.57
2025-01-13 02:30:00,Bus,10.897998536446172,50,5,26.221056790477583,8.84
2025-01-13 02:45:00,Bus,21.73672568996515,7,6,31.065190771916374,12.61
2025-01-13 03:00:00,Two-Wheeler,25.441893145817843,11,0,23.977721702341356,14.04
2025-01-13 03:15:00,Bus,43.027515779515355,50,7,32.371503448187966,10.92
2025-01-13 03:30:00,Car,35.32517914772405,50,6,34.71742583928916,13.68
2025-01-13 03:45:00,Car,25.815094989942494,7,7,25.9501793137268,11.62
2025-01-13 04:00:00,Two-Wheeler,31.210225708597402,50,3,17.3853140318516,8.05
2025-01-13 04:15:00,Car,42.50480792633667,50,7,30.194900368132643,7.28
2025-01-13 04:30:00,Bus,39.89253043020072,50,2,17.55638989410761,11.67
2025-01-13 04:45:00,Bus,53.701561033582635,7,8,37.339027846676956,8.0
2025-01-13 05:00:00,Bus,61.5147683982295,7,6,17.848458338101402,9.3
2025-01-13 05:15:00,Car,49.70235158112585,22,4,17.29482076726544,5.42
2025-01-13 05:30:00,Bus,18.58547386695609,7,4,17.453148021951797,5.12
2025-01-13 05:45:00,Bus,10.916194428877679,50,5,34.397826837635264,14.25
2025-01-13 06:00:00,Two-Wheeler,46.36985723201805,7,9,34.85824948433295,7.73
2025-01-13 06:15:00,Two-Wheeler,19.817935663539078,7,5,27.0397558929442,12.86
2025-01-13 06:30:00,Two-Wheeler,22.02140572653755,50,2,14.395338638217698,12.0
2025-01-13 06:45:00,Bus,28.037979771459167,7,1,22.207597202735364,8.98
2025-01-13 07:00:00,Car,22.765277523453754,7,2,64.60183830948563,14.75
2025-01-13 07:15:00,Car,27.615777188298324,50,7,71.07562584013584,9.15
2025-01-13 07:30:00,Car,16.216316712678083,22,5,74.71544946499156,12.34
2025-01-13 07:45:00,Two-Wheeler,63.643314777543495,7,3,72.54858735740254,11.9
2025-01-13 08:00:00,Bus,49.372499523343926,11,6,100.0,7.78
2025-01-13 08:15:00,Bus,52.9085977388102,7,2,83.96622763160957,12.22
2025-01-13 08:30:00,Bus,18.87264904180722,11,5,85.44019054178348,14.14
2025-01-13 08:45:00,Car,24.05676523244557,50,9,85.8862065970992,11.19
2025-01-13 09:00:00,Car,17.66109305155965,22,0,61.132974301881106,11.95
2025-01-13 09:15:00,Car,46.01779681430477,11,0,71.02743587610802,6.75
2025-01-13 09:30:00,Car,18.885412411283,50,4,94.94717385917002,10.29
2025-01-13 09:45:00,Two-Wheeler,25.483007274723736,22,4,97.90445496862597,7.11
2025-01-13 10:00:00,Two-Wheeler,22.485094896716333,7,4,66.41787691941082,12.49
2025-01-13 10:15:00,Bus,46.422147206426,7,2,83.75574785970565,13.77
2025-01-13 10:30:00,Bus,32.06419732816401,50,8,86.13198954586171,12.26
2025-01-13 10:45:00,Bus,29.74619131568555,7,2,82.92732270072864,13.99
2025-01-13 11:00:00,Bus,61.368375217643056,11,0,36.24980753184124,6.25
2025-01-13 11:15:00,Two-Wheeler,44.05817583172088,11,7,66.17453686828478,5.68
2025-01-13 11:30:00,Two-Wheeler,60.35713122652714,11,10,40.971261318232244,10.86
2025-01-13 11:45:00,Two-Wheeler,19.84888898001398,50,10,58.36449464840171,10.49
2025-01-13 12:00:00,Two-Wheeler,21.901562682572504,7,7,49.205923226178996,7.62
2025-01-13 12:15:00,Two-Wheeler,32.65962901983797,11,8,50.796585627249186,6.86
2025-01-13 12:30:00,Two-Wheeler,22.93142367890782,11,9,62.668526896237005,12.6
2025-01-13 12:45:00,Car,8.333333333333332,50,5,52.37803488725598,10.79
2025-01-13 13:00:00,Bus,33.72890912313012,22,3,34.06815679549526,13.05
2025-01-13 13:15:00,Two-Wheeler,16.153095027496803,11,6,49.59470232915079,6.56
2025-01-13 13:30:00,Car,43.83587921484276,22,7,45.833922965234805,5.14
2025-01-13 13:45:00,Two-Wheeler,24.3253549967975,11,11,47.93527649412183,8.44
2025-01-13 14:00:00,Car,28.698974449163895,50,8,63.125579460943214,6.84
2025-01-13 14:15:00,Two-Wheeler,25.413316396588993,50,8,56.11542095543814,9.37
2025-01-13 14:30:00,Bus,20.49323396688941,22,3,34.59990204620239,14.65
2025-01-13 14:45:00,Bus,76.43786016818646,50,5,54.75867526889283,14.75
2025-01-13 15:00:00,Bus,16.168044489400295,22,4,37.832282906280675,5.05
2025-01-13 15:15:00,Car,19.99927016394147,7,4,48.564876734976174,8.35
2025-01-13 15:30:00,Two-Wheeler,23.509884848203868,7,4,63.05841446037789,12.72
2025-01-13 15:45:00,Two-Wheeler,63.64376939759409,50,3,37.00189766822428,13.8
2025-01-13 16:00:00,Car,15.35790894462717,7,7,65.70182883743388,7.99
2025-01-13 16:15:00,Car,24.798292063145297,50,8,39.181704886690596,8.63
2025-01-13 16:30:00,Two-Wheeler,51.65904388038434,11,6,56.14928764364836,8.89
2025-01-13 16:45:00,Bus,43.2858620720386,50,2,54.92037876997162,7.92
2025-01-13 17:00:00,Two-Wheeler,44.14146179721289,11,6,85.64271798614314,10.99
2025-01-13 17:15:00,Bus,35.815750353392495,22,0,99.56716933071333,13.89
2025-01-13 17:30:00,Two-Wheeler,66.90002463178959,7,1,61.33219364493319,14.7
2025-01-13 17:45:00,Bus,35.83598581144709,22,3,94.34811955043901,6.13
2025-01-13 18:00:00,Car,34.17171246460618,7,2,69.533874931578,10.0
2025-01-13 18:15:00,Two-Wheeler,21.75003715713573,22,1,79.6799767813288,13.12
2025-01-13 18:30:00,Car,22.09212591256631,22,0,79.32994776178498,12.9
2025-01-13 18:45:00,Car,41.55330704432678,50,4,83.89524577637106,6.48
2025-01-13 19:00:00,Car,15.736074097249166,11,6,90.99665048744318,5.15
2025-01-13 19:15:00,Two-Wheeler,26.87789200965575,7,7,88.6427143462729,14.61
2025-01-13 19:30:00,Car,44.44106553539053,7,10,95.50505739785056,8.04
2025-01-13 19:45:00,Car,52.26296055376175,7,6,70.91159607616893,10.65
2025-01-13 20:00:00,Bus,28.188783794213588,7,3,100.0,9.34
2025-01-13 20:15:00,Car,36.88319844777306,11,1,71.69378848635414,11.46
2025-01-13 20:30:00,Car,31.691635874652828,22,5,77.15603507889873,7.65
2025-01-13 20:45:00,Two-Wheeler,78.40157739211071,50,1,94.05076956698505,5.43
2025-01-13 21:00:00,Car,36.86773197971166,50,0,63.43369110482329,12.3
2025-01-13 21:15:00,Car,31.13307631073492,50,6,83.28334851408272,10.95
2025-01-13 21:30:00,Car,47.94185514174403,22,8,81.97790563134514,7.13
2025-01-13 21:45:00,Two-Wheeler,27.4811048812095,11,7,82.73741957747441,5.64
2025-01-13 22:00:00,Car,34.12072409179235,50,6,31.309970008105992,13.4
2025-01-13 22:15:00,Two-Wheeler,55.74718116479047,11,4,15.601843217604909,9.03
2025-01-13 22:30:00,Two-Wheeler,40.21195231108211,7,7,23.834193742604562,9.65
2025-01-13 22:45:00,Bus,59.067145009248364,22,1,30.092995919774705,8.33
2025-01-13 23:00:00,Bus,75.47684448470874,50,5,27.33476161149806,11.26
2025-01-13 23:15:00,Bus,59.4941670984803,7,4,28.671167058710132,9.18
2025-01-13 23:30:00,Car,45.933755526752414,11,3,21.223219316926983,11.73
2025-01-13 23:45:00,Car,29.696213009996498,7,5,34.346383444611824,13.11
2025-01-14 00:00:00,Bus,85.06595412580613,50,2,28.038407845119654,14.15
2025-01-14 00:15:00,Bus,51.8433163619996,7,2,30.95834157868994,12.17
2025-01-14 00:30:00,Bus,22.591904050258176,22,3,24.04430136109259,10.58
2025-01-14 00:45:00,Bus,52.93397920395537,11,0,21.976680293011682,14.36
2025-01-14 01:00:00,Two-Wheeler,17.261359007430443,11,5,32.48173425054874,12.21
2025-01-14 01:15:00,Car,38.52376393774485,50,1,29.29330214847499,10.75
2025-01-14 01:30:00,Bus,21.56180852015392,7,7,28.356774926786116,14.77
2025-01-14 01:45:00,Two-Wheeler,23.125557799381813,7,3,26.867900051967553,14.17
2025-01-14 02:00:00,Two-Wheeler,28.072450884799206,22,5,19.94689342286688,9.01
2025-01-14 02:15:00,Two-Wheeler,57.19022802983022,7,5,24.677227005812405,7.18
2025-01-14 02:30:00,Bus,20.63857386231865,11,3,15.561102769937609,9.4
2025-01-14 02:45:00,Bus,13.179036179997054,50,6,20.280000988722296,12.16
2025-01-14 03:00:00,Bus,44.43474974930585,11,4,19.68271728410797,12.33
2025-01-14 03:15:00,Bus,16.1755554599295,11,7,26.526522278377268,5.5
2025-01-14 03:30:00,Car,83.08166455928146,7,2,28.7457971811697,11.13
2025-01-14 03:45:00,Bus,15.469521474906598,22,6,20.42568131829915,8.27
2025-01-14 04:00:00,Bus,23.12039645044018,50,9,38.017444092508555,5.83
2025-01-14 04:15:00,Bus,51.69713314609751,7,6,17.826177551563216,12.5
2025-01-14 04:30:00,Car,42.38124979438918,7,3,16.01473986062337,11.21
2025-01-14 04:45:00,Two-Wheeler,57.126664608986204,22,5,20.98128619217686,8.59
2025-01-14 05:00:00,Bus,47.14685752327859,11,4,27.601220566136732,13.97
2025-01-14 05:15:00,Bus,69.29582614840797,7,2,17.854488756795437,6.74
2025-01-14 05:30:00,Car,22.670397417730612,22,2,23.174468164251046,5.58
2025-01-14 05:45:00,Two-Wheeler,46.825264171495824,11,2,27.007062448166856,11.11
2025-01-14 06:00:00,Car,40.878811641994375,50,6,18.936963381468523,10.51
2025-01-14 06:15:00,Bus,11.230665603701869,11,4,21.04950883191399,6.74
2025-01-14 06:30:00,Two-Wheeler,30.98059875230326,22,3,30.08001646992738,10.72
2025-01-14 06:45:00,Two-Wheeler,9.82200444002753,22,5,23.215541790485812,13.77
2025-01-14 07:00:00,Bus,50.139773201899736,7,3,100.0,10.2
2025-01-14 07:15:00,Car,52.50149724815722,7,1,87.60816413924269,12.13
2025-01-14 07:30:00,Bus,43.11153812785599,11,6,98.15007897216327,10.53
2025-01-14 07:45:00,Bus,30.63347862071323,7,4,95.3449096977372,11.6
2025-01-14 08:00:00,Car,27.48999102506058,7,9,100.0,12.86
2025-01-14 08:15:00,Bus,46.3551191176208,50,4,88.5228923953086,5.56
2025-01-14 08:30:00,Bus,25.182763191651247,50,2,82.77811066070225,11.32
2025-01-14 08:45:00,Bus,51.16331336822284,50,0,84.8686874081537,5.65
2025-01-14 09:00:00,Two-Wheeler,15.664773344257203,22,7,74.57131459872984,11.03
2025-01-14 09:15:00,Bus,56.53764315590125,22,9,90.34967923110659,9.52
2025-01-14 09:30:00,Two-Wheeler,30.27017201895918,11,6,100.0,14.46
2025-01-14 09:45:00,Bus,42.440749379518984,50,5,66.40642853154554,6.68
2025-01-14 10:00:00,Bus,25.849914270475647,22,3,99.34771065211623,10.18
2025-01-14 10:15:00,Two-Wheeler,32.440807705679674,22,6,80.65826585359919,5.43
2025-01-14 10:30:00,Two-Wheeler,31.26726518732947,11,3,85.6215565847864,11.37
2025-01-14 10:45:00,Car,73.92893610941647,11,8,84.5710739035953,14.77
2025-01-14 11:00:00,Car,31.15802085347312,22,3,42.148039130929824,8.6
2025-01-14 11:15:00,Two-Wheeler,15.70810618206842,7,2,56.830382216106216,9.28
2025-01-14 11:30:00,Two-Wheeler,24.343936171260903,11,6,40.516224397936085,14.23
2025-01-14 11:45:00,Bus,26.21443311957039,50,7,60.896456621394954,7.88
2025-01-14 12:00:00,Bus,35.59974800199234,50,2,57.87141153572822,6.81
2025-01-14 12:15:00,Car,29.171161132039984,22,3,47.5197225099762,12.02
2025-01-14 12:30:00,Two-Wheeler,22.822837473357296,11,1,34.18917463938854,14.07
2025-01-14 12:45:00,Two-Wheeler,66.91704096192923,50,4,56.98668454012139,8.75
2025-01-14 13:00:00,Bus,18.051727133053202,7,0,49.64433900091073,11.85
2025-01-14 13:15:00,Two-Wheeler,50.68465235171059,7,5,40.12248482663475,13.67
2025-01-14 13:30:00,Bus,27.76080640208402,22,7,47.60108378625253,13.09
2025-01-14 13:45:00,Two-Wheeler,75.90871604501577,22,5,51.17598005981905,10.11
2025-01-14 14:00:00,Bus,52.64311107239355,7,2,35.065169691067425,9.7
2025-01-14 14:15:00,Two-Wheeler,41.12322429074483,11,11,43.97169302647964,8.19
2025-01-14 14:30:00,Two-Wheeler,59.487819158158636,22,0,55.25075304291011,7.19
2025-01-14 14:45:00,Two-Wheeler,36.87097097918307,7,4,35.3779009668727,6.12
2025-01-14 15:00:00,Two-Wheeler,42.16967570299478,11,3,50.06456195299485,10.59
2025-01-14 15:15:00,Car,32.937949904024,22,6,60.74815439452192,10.05
2025-01-14 15:30:00,Bus,85.72556813242143,22,3,60.79501857132664,5.32
2025-01-14 15:45:00,Car,23.95326121144039,22,0,59.45753353504243,12.84
2025-01-14 16:00:00,Bus,45.16023462795798,11,8,38.739910648940324,11.75
2025-01-14 16:15:00,Bus,70.79465926621039,50,7,57.227096848845974,8.36
2025-01-14 16:30:00,Bus,45.08053172362699,11,1,36.525895889897086,7.88
2025-01-14 16:45:00,Car,31.68668676113611,50,5,54.256193263863096,14.69
2025-01-14 17:00:00,Two-Wheeler,81.27767169045288,7,5,74.41302203838998,10.58
2025-01-14 17:15:00,Car,30.651113692360934,11,5,86.97100032512995,5.01
2025-01-14 17:30:00,Bus,17.034742753132136,11,8,92.63170208405542,11.34
2025-01-14 17:45:00,Bus,53.17049395547286,7,0,67.46231648782462,11.36
2025-01-14 18:00:00,Two-Wheeler,47.51143885029496,50,1,83.85645572176938,9.47
2025-01-14 18:15:00,Two-Wheeler,46.63494566917584,22,4,71.30779250845531,8.11
2025-01-14 18:30:00,Car,43.45498375838659,11,8,69.77387447814405,8.08
2025-01-14 18:45:00,Car,37.067912564075264,11,0,80.06811936705397,14.01
2025-01-14 19:00:00,Car,68.90026137749837,11,0,84.84533627393326,6.64
2025-01-14 19:15:00,Bus,59.85994510045604,11,11,93.68658185183483,13.99
2025-01-14 19:30:00,Two-Wheeler,22.833419541537047,11,0,72.34430726541747,11.07
2025-01-14 19:45:00,Bus,51.22879280176396,22,2,97.5596655422533,5.55
2025-01-14 20:00:00,Bus,27.739323402014975,22,1,79.81728990652965,7.67
2025-01-14 20:15:00,Bus,53.040632902350524,50,3,64.48701152198583,6.41
2025-01-14 20:30:00,Bus,78.99352895821178,11,7,82.35840505269513,12.71
2025-01-14 20:45:00,Bus,17.91884865628797,50,6,86.82489860685807,8.91
2025-01-14 21:00:00,Two-Wheeler,21.091005320306294,11,5,95.19726932288953,7.27
2025-01-14 21:15:00,Two-Wheeler,20.00518712574322,50,9,100.0,6.72
2025-01-14 21:30:00,Bus,20.899048018747163,50,3,80.69883707974074,6.55
2025-01-14 21:45:00,Two-Wheeler,26.574985667529436,7,4,86.89071155457793,6.92
2025-01-14 22:00:00,Car,46.88057517315745,22,4,27.23129136346811,11.89
2025-01-14 22:15:00,Two-Wheeler,12.144766364375533,11,7,27.113314861687563,5.32
2025-01-14 22:30:00,Car,55.02545621606058,50,6,19.88664286547521,6.62
2025-01-14 22:45:00,Two-Wheeler,39.99025638294555,22,8,20.445058797468953,13.74
2025-01-14 23:00:00,Two-Wheeler,21.094857241664677,11,4,21.62736928973429,7.63
2025-01-14 23:15:00,Bus,17.512559072800734,7,1,22.651033927692005,10.53
2025-01-14 23:30:00,Car,19.52213662570131,11,3,16.778277128673906,12.59
2025-01-14 23:45:00,Car,45.59393507714816,11,11,29.093108358093332,9.29
2025-01-15 00:00:00,Car,38.22307516100541,22,10,37.715233882252384,9.23
2025-01-15 00:15:00,Bus,35.5722230664984,11,2,24.120201474942863,8.59
2025-01-15 00:30:00,Bus,24.01575435492014,7,3,26.67461387021078,7.28
2025-01-15 00:45:00,Two-Wheeler,52.660589053767346,11,1,25.93443203368124,6.1
2025-01-15 01:00:00,Car,26.208802384470527,50,1,19.15870742108593,9.97
2025-01-15 01:15:00,Bus,25.1942555283807,7,8,32.100344248069774,7.65
2025-01-15 01:30:00,Two-Wheeler,38.611127937473235,50,9,31.85607017565752,10.2
2025-01-15 01:45:00,Bus,89.92908899330422,7,11,32.13896837256526,12.23
2025-01-15 02:00:00,Car,89.21962816723696,11,8,26.875896819594576,7.85
2025-01-15 02:15:00,Bus,25.650216654755692,7,8,20.57091915209021,11.22
2025-01-15 02:30:00,Bus,18.965016382539787,11,1,18.79311829406365,5.01
2025-01-15 02:45:00,Bus,19.898697087124773,7,6,28.629471342655002,5.86
2025-01-15 03:00:00,Car,63.350241870621865,50,4,23.494555705409667,6.1
2025-01-15 03:15:00,Two-Wheeler,18.563575253896044,11,4,29.70663382277568,6.22
2025-01-15 03:30:00,Bus,18.01952545573267,50,9,23.433276861747764,7.2
2025-01-15 03:45:00,Car,48.89617527580108,11,5,33.507734286506846,10.58
2025-01-15 04:00:00,Bus,28.186610000648212,11,6,31.704840433727163,10.5
2025-01-15 04:15:00,Car,28.71683603632235,50,7,21.25834571208611,5.79
2025-01-15 04:30:00,Bus,29.089935440905844,7,4,30.385420562871968,12.75
2025-01-15 04:45:00,Bus,15.1073784614352,11,8,18.536958688313327,12.08
2025-01-15 05:00:00,Bus,13.810148626954204,11,2,25.94439321617179,7.07
2025-01-15 05:15:00,Car,30.37944147459595,50,4,29.697074247115772,14.29
2025-01-15 05:30:00,Bus,45.69806642488083,11,5,32.01168939644495,5.09
2025-01-15 05:45:00,Bus,24.536731659123674,11,0,20.558183956631364,7.73
2025-01-15 06:00:00,Two-Wheeler,30.59535261991932,11,3,25.76912897434059,14.43
2025-01-15 06:15:00,Two-Wheeler,26.19080949685024,11,7,30.43535920912725,9.31
2025-01-15 06:30:00,Bus,50.15594879248428,22,4,14.510476891142265,12.27
2025-01-15 06:45:00,Bus,48.490084777394394,22,6,24.23042438868442,11.01
2025-01-15 07:00:00,Bus,48.846224832169796,22,5,98.31606891298387,7.54
2025-01-15 07:15:00,Car,30.407024926628093,50,4,86.76699164785626,10.18
2025-01-15 07:30:00,Car,41.028642720667065,50,3,68.57753308599897,10.07
2025-01-15 07:45:00,Two-Wheeler,15.336419481194724,50,4,64.71191986883798,9.4
2025-01-15 08:00:00,Bus,26.276338152951876,22,3,95.54511520891921,11.19
2025-01-15 08:15:00,Bus,25.309937312158496,50,5,93.39584435484895,10.82
2025-01-15 08:30:00,Bus,54.37672806622763,7,4,70.92501756660623,5.48
2025-01-15 08:45:00,Bus,27.684091212608614,7,8,82.32341207573512,13.94
2025-01-15 09:00:00,Car,35.40912433787109,50,8,74.02929629185881,7.79
2025-01-15 09:15:00,Bus,52.7793889352729,7,2,83.29594748907653,13.99
2025-01-15 09:30:00,Car,68.73877248352807,50,6,100.0,5.35
2025-01-15 09:45:00,Two-Wheeler,42.99624677820749,11,9,77.1707021293408,10.45
2025-01-15 10:00:00,Bus,26.39701963113185,11,4,97.70876494157875,7.59
2025-01-15 10:15:00,Two-Wheeler,15.598946103057191,22,3,67.11234246943415,5.77
2025-01-15 10:30:00,Car,32.830638898594835,11,2,98.41886504685137,10.03
2025-01-15 10:45:00,Bus,34.512086284716304,22,0,80.02786511181239,14.82
2025-01-15 11:00:00,Bus,32.55386055704203,22,3,43.521069822921824,7.17
2025-01-15 11:15:00,Car,19.304605199838843,50,2,56.44388517979928,13.88
2025-01-15 11:30:00,Bus,49.22505785734038,11,6,38.20854784601045,6.9
2025-01-15 11:45:00,Two-Wheeler,43.703605929966145,7,1,48.66075161090214,7.23
2025-01-15 12:00:00,Bus,19.181502108202974,11,5,49.210733968721016,12.55
2025-01-15 12:15:00,Bus,20.313725687708196,7,0,35.395444452275974,8.47
2025-01-15 12:30:00,Two-Wheeler,42.50811563596598,11,1,55.01870969238446,14.72
2025-01-15 12:45:00,Two-Wheeler,40.343628447195904,7,5,46.73830566220837,9.2
2025-01-15 13:00:00,Two-Wheeler,20.475817043889382,11,8,46.71232766426739,8.03
2025-01-15 13:15:00,Bus,75.53096381971527,11,8,43.60728604481232,10.42
2025-01-15 13:30:00,Car,81.12274283623213,7,1,50.38030872840097,8.56
2025-01-15 13:45:00,Bus,24.481326129768203,22,7,37.864041117080006,9.15
2025-01-15 14:00:00,Two-Wheeler,34.246030929659,50,6,50.07734837611619,10.11
2025-01-15 14:15:00,Bus,41.35490144016469,50,1,57.18619857301378,9.09
2025-01-15 14:30:00,Bus,32.99520923780595,50,5,37.08745350630737,9.96
2025-01-15 14:45:00,Two-Wheeler,29.018349234695258,50,3,33.91266943179853,11.73
2025-01-15 15:00:00,Bus,86.1353253424767,7,4,47.74071461600768,12.52
2025-01-15 15:15:00,Two-Wheeler,54.54227055952748,7,4,55.251725651045064,5.9
2025-01-15 15:30:00,Bus,16.98059924469854,11,6,55.281514642366744,9.58
2025-01-15 15:45:00,Bus,26.156509396687465,11,7,40.573001728280666,5.8
2025-01-15 16:00:00,Bus,35.86539999666953,22,12,58.18303066463808,10.18
2025-01-15 16:15:00,Two-Wheeler,36.73015811184863,22,4,61.85818988731059,14.76
2025-01-15 16:30:00,Bus,34.1838110570964,50,4,36.86781208908092,9.41
2025-01-15 16:45:00,Bus,15.932613077313116,11,7,53.01329181205113,14.55
2025-01-15 17:00:00,Car,85.22321953191775,50,4,97.17146710122057,12.3
2025-01-15 17:15:00,Two-Wheeler,43.241297789302536,7,0,76.89407490802938,6.72
2025-01-15 17:30:00,Car,29.7526538762528,7,9,90.51564331940047,8.55
2025-01-15 17:45:00,Two-Wheeler,52.79259377435388,22,7,99.54544095207322,5.04
2025-01-15 18:00:00,Two-Wheeler,30.576104416860698,22,7,99.20382010496357,11.37
2025-01-15 18:15:00,Car,21.072763372535448,50,5,65.78757247903005,11.9
2025-01-15 18:30:00,Car,66.30307839414503,11,8,100.0,6.23
2025-01-15 18:45:00,Car,33.004841092234834,7,9,100.0,13.09
2025-01-15 19:00:00,Two-Wheeler,29.629019695524825,22,1,75.55521574507533,6.29
2025-01-15 19:15:00,Car,52.33077681936786,50,4,77.15332187524761,13.76
2025-01-15 19:30:00,Car,32.08679686980937,22,5,95.78400605178929,14.62
2025-01-15 19:45:00,Car,30.223869474933387,22,8,71.81850714799313,12.85
2025-01-15 20:00:00,Bus,78.15937059508116,50,7,100.0,7.88
2025-01-15 20:15:00,Two-Wheeler,36.23971654919099,22,5,74.701578930632,11.46
2025-01-15 20:30:00,Bus,53.12883652020676,11,2,91.04903167481109,6.1
2025-01-15 20:45:00,Car,58.58602704673932,7,11,76.33876017878636,7.87
2025-01-15 21:00:00,Bus,63.426042902701205,11,8,85.68414984831116,11.55
2025-01-15 21:15:00,Two-Wheeler,75.61584201011799,50,8,84.00598215623381,13.94
2025-01-15 21:30:00,Bus,52.39504197818782,11,9,70.71133123935176,15.0
2025-01-15 21:45:00,Car,35.00692515966329,50,1,97.2382083899753,10.85
2025-01-15 22:00:00,Car,34.449371767816544,11,4,22.23796595219873,5.73
2025-01-15 22:15:00,Car,25.420607126160824,7,3,27.9253212266441,7.19
2025-01-15 22:30:00,Bus,52.17060009492927,50,2,12.29915989186871,5.55
2025-01-15 22:45:00,Bus,13.720757563546496,22,3,16.605909213935607,5.63
2025-01-15 23:00:00,Two-Wheeler,42.83214663127487,7,4,23.920597885070883,8.48
2025-01-15 23:15:00,Two-Wheeler,35.77408132962173,50,4,26.812778426402453,12.73
2025-01-15 23:30:00,Car,10.950363273950007,22,1,16.69777277806122,9.17
2025-01-15 23:45:00,Car,36.99997638749507,50,5,34.367195630193876,11.56
2025-01-16 00:00:00,Bus,11.651828097854406,50,4,30.55342271138388,9.51
2025-01-16 00:15:00,Bus,15.430295501624789,11,3,30.675741245202886,11.99
2025-01-16 00:30:00,Car,24.67339319244689,11,3,15.236918875952657,11.4
2025-01-16 00:45:00,Car,24.52353715381202,11,8,36.625971051922235,13.76
2025-01-16 01:00:00,Two-Wheeler,20.822701844020845,11,4,31.20979885593297,5.17
2025-01-16 01:15:00,Car,18.75098286646956,11,6,23.02415136772826,5.21
2025-01-16 01:30:00,Car,43.60802040711443,22,4,20.509322004932848,5.57
2025-01-16 01:45:00,Bus,84.0079669229398,50,1,22.490754290524116,8.15
2025-01-16 02:00:00,Bus,43.54787216936228,50,7,36.008836050966885,12.16
2025-01-16 02:15:00,Bus,78.48782790627806,22,2,29.981779199211864,12.23
2025-01-16 02:30:00,Car,35.93717965231917,7,0,13.404988519234841,7.03
2025-01-16 02:45:00,Two-Wheeler,26.029102433374135,50,1,12.625610466413876,13.8
2025-01-16 03:00:00,Bus,35.160996970199,11,3,28.78759266923849,6.68
2025-01-16 03:15:00,Two-Wheeler,29.595694147109068,22,6,32.14359540404982,11.57
2025-01-16 03:30:00,Bus,13.530625109502228,50,11,39.28417579361624,10.06
2025-01-16 03:45:00,Two-Wheeler,19.305728385505297,11,4,25.009849389318354,8.07
2025-01-16 04:00:00,Two-Wheeler,84.22775769435187,11,9,24.486947723107136,11.99
2025-01-16 04:15:00,Two-Wheeler,25.363317387817283,7,5,21.22885048664598,13.0
2025-01-16 04:30:00,Bus,17.56154354336068,7,4,31.104678665656902,14.2
2025-01-16 04:45:00,Car,41.704617038692746,50,10,28.796414756664888,12.72
2025-01-16 05:00:00,Car,41.84453688597117,7,5,26.04535504900536,12.12
2025-01-16 05:15:00,Two-Wheeler,46.57673293938157,11,2,31.5606837777137,13.3
2025-01-16 05:30:00,Bus,18.29934667052853,22,6,33.795941611847795,10.24
2025-01-16 05:45:00,Two-Wheeler,19.268815061937406,22,3,23.817191576501557,7.25
2025-01-16 06:00:00,Bus,49.53593678142834,7,6,20.595913672105187,5.38
2025-01-16 06:15:00,Two-Wheeler,60.86627921176434,22,5,26.801867989760154,9.43
2025-01-16 06:30:00,Two-Wheeler,35.05552253559249,50,1,18.868963064472716,6.32
2025-01-16 06:45:00,Car,14.943675786462139,7,3,18.377662245586688,9.1
2025-01-16 07:00:00,Car,29.228280561168525,50,8,77.85485332590508,8.95
2025-01-16 07:15:00,Two-Wheeler,79.22571890285076,22,3,92.19496050570564,12.49
2025-01-16 07:30:00,Car,14.063736895953479,7,6,70.92938672039216,11.9
2025-01-16 07:45:00,Car,20.982467848420256,11,1,68.76931718782326,9.16
2025-01-16 08:00:00,Bus,52.00414959405858,11,3,86.16884758284428,9.67
2025-01-16 08:15:00,Bus,33.50791174145102,50,10,73.71437891774085,12.91
2025-01-16 08:30:00,Car,44.037287673684425,50,4,67.07642554941339,7.05
2025-01-16 08:45:00,Car,18.489442046565955,11,5,100.0,7.91
2025-01-16 09:00:00,Car,21.543209226014145,7,11,94.55530020811842,10.76
2025-01-16 09:15:00,Two-Wheeler,56.790783162281066,11,2,71.99424440643338,10.36
2025-01-16 09:30:00,Bus,25.528031987005654,11,6,80.24423598075838,7.41
2025-01-16 09:45:00,Two-Wheeler,30.064913392347425,7,5,81.75017991680858,9.18
2025-01-16 10:00:00,Bus,83.36589767195753,11,0,80.12818680299856,12.69
2025-01-16 10:15:00,Two-Wheeler,22.913435641916337,11,2,78.45290787293078,11.03
2025-01-16 10:30:00,Bus,17.840277258272078,11,0,87.81317625810269,12.41
2025-01-16 10:45:00,Car,37.618362226903066,22,4,94.7609295513059,11.68
2025-01-16 11:00:00,Car,15.625414297300601,22,3,56.89306933051979,8.96
2025-01-16 11:15:00,Car,43.456974369556036,11,3,40.735927609345346,10.65
2025-01-16 11:30:00,Two-Wheeler,66.29509252065259,50,10,45.78256031238137,11.88
2025-01-16 11:45:00,Two-Wheeler,13.130287821612654,11,1,45.625068358608395,8.66
2025-01-16 12:00:00,Bus,19.922355377435792,7,8,38.26738352515247,6.89
2025-01-16 12:15:00,Two-Wheeler,25.972497591249297,50,9,57.90852118489029,10.4
2025-01-16 12:30:00,Car,27.147211623989218,7,4,51.405156099739116,6.93
2025-01-16 12:45:00,Two-Wheeler,16.94146622975769,7,0,45.092116048672,5.77
2025-01-16 13:00:00,Two-Wheeler,25.32691759300503,50,8,52.221926507165364,14.28
2025-01-16 13:15:00,Car,62.42850645057291,11,8,48.96586390721838,5.76
2025-01-16 13:30:00,Two-Wheeler,17.95167444899547,11,4,50.74424480208827,9.46
2025-01-16 13:45:00,Car,67.04502928258471,11,7,62.92347388589155,6.1
2025-01-16 14:00:00,Car,22.90105221663453,50,6,64.52734464443496,7.07
2025-01-16 14:15:00,Bus,12.140477380411841,11,5,54.53099894009563,11.62
2025-01-16 14:30:00,Bus,38.93694915073806,11,2,49.89917599800362,11.47
2025-01-16 14:45:00,Two-Wheeler,15.951707126607634,7,0,59.03662949803255,11.81
2025-01-16 15:00:00,Bus,49.01768495488661,7,7,48.6085811226328,8.5
2025-01-16 15:15:00,Bus,21.71364058779254,50,2,48.87804477195695,10.6
2025-01-16 15:30:00,Car,16.897252087918364,22,6,57.563375417541465,5.46
2025-01-16 15:45:00,Car,46.710072214175106,7,5,51.88793694515348,8.52
2025-01-16 16:00:00,Two-Wheeler,52.174807267976014,7,1,59.02709323216417,7.92
2025-01-16 16:15:00,Two-Wheeler,34.04780003540586,50,3,52.17097492640092,9.06
2025-01-16 16:30:00,Car,35.41007545140874,7,9,66.36203535376877,12.13
2025-01-16 16:45:00,Bus,22.503621166450053,7,3,42.79511518411667,10.83
2025-01-16 17:00:00,Two-Wheeler,25.927410855853953,11,9,100.0,10.74
2025-01-16 17:15:00,Car,60.431107152900765,11,6,69.19660437386426,5.01
2025-01-16 17:30:00,Car,20.893725407769228,22,1,72.80624155287354,11.15
2025-01-16 17:45:00,Two-Wheeler,18.592584421592257,7,9,88.2158835280928,14.74
2025-01-16 18:00:00,Car,28.498877117162465,50,3,100.0,8.49
2025-01-16 18:15:00,Bus,57.74555578914236,7,6,83.37355406593167,8.35
2025-01-16 18:30:00,Two-Wheeler,31.774395528984073,7,0,79.40440558872692,11.69
2025-01-16 18:45:00,Bus,47.18904497153194,11,3,76.66809516436793,7.77
2025-01-16 19:00:00,Bus,26.276691092647244,7,0,73.52839639958938,8.37
2025-01-16 19:15:00,Two-Wheeler,21.603393765000924,50,5,83.02668482426925,5.79
2025-01-16 19:30:00,Bus,25.741406244174346,22,4,64.16101115415883,9.02
2025-01-16 19:45:00,Car,87.15863339323381,7,0,97.03966135679421,7.18
2025-01-16 20:00:00,Car,12.8726809655291,22,6,67.30313529568699,8.74
2025-01-16 20:15:00,Car,73.8248164172233,11,6,75.32001959235986,8.99
2025-01-16 20:30:00,Bus,18.86538826309493,11,1,78.4682634275797,13.55
2025-01-16 20:45:00,Two-Wheeler,26.251441186336525,22,1,91.11794398652442,6.51
2025-01-16 21:00:00,Bus,34.188584362847685,11,6,88.60790084711005,11.11
2025-01-16 21:15:00,Two-Wheeler,26.385061340878288,11,6,83.81278472895008,5.6
2025-01-16 21:30:00,Two-Wheeler,41.49519078513122,7,0,78.71257184723888,8.11
2025-01-16 21:45:00,Car,24.858143815868207,11,5,84.0826699826909,13.66
2025-01-16 22:00:00,Car,21.344454627236207,50,7,29.770500923833293,13.98
2025-01-16 22:15:00,Bus,87.26301820450315,11,3,23.531111137357044,6.84
2025-01-16 22:30:00,Car,44.17308420855425,7,2,15.815008062467625,5.07
2025-01-16 22:45:00,Car,29.13465685855192,22,6,23.153541826115486,12.52
2025-01-16 23:00:00,Bus,85.35672554559801,22,4,15.461453045065447,10.89
2025-01-16 23:15:00,Bus,28.88160974856579,22,4,19.840282008814683,12.78
2025-01-16 23:30:00,Car,28.211498209434446,50,6,17.22695115925292,14.04
2025-01-16 23:45:00,Two-Wheeler,19.19236893831092,22,4,18.16160313819468,6.52
2025-01-17 00:00:00,Bus,39.589464776468844,22,6,30.10897735412674,12.54
2025-01-17 00:15:00,Two-Wheeler,51.332681440057094,22,3,29.09474129533881,14.19
2025-01-17 00:30:00,Two-Wheeler,20.039068343263594,11,5,17.424065547433855,6.84
2025-01-17 00:45:00,Two-Wheeler,67.81323187206976,7,1,20.26657803092546,11.6
2025-01-17 01:00:00,Two-Wheeler,58.30637769739604,7,4,18.15776110526289,8.97
2025-01-17 01:15:00,Car,52.036069435570624,11,8,20.28589362284767,7.91
2025-01-17 01:30:00,Car,25.001550232073573,11,10,22.610427988450596,11.39
2025-01-17 01:45:00,Bus,21.649899342267286,7,10,29.242298454035048,9.28
2025-01-17 02:00:00,Bus,40.10311087772914,50,2,24.49613715466521,9.98
2025-01-17 02:15:00,Bus,65.44047048261831,7,4,25.30770320198392,5.96
2025-01-17 02:30:00,Bus,21.522821762345796,22,6,19.90387628551851,6.43
2025-01-17 02:45:00,Bus,31.17681956795725,22,8,27.638165429396505,7.92
2025-01-17 03:00:00,Car,23.28273169414266,22,5,28.70059898538377,6.98
2025-01-17 03:15:00,Bus,44.70311067485919,11,6,32.400556445308496,5.09
2025-01-17 03:30:00,Car,49.18879604684421,50,5,18.54472395544707,11.82
2025-01-17 03:45:00,Bus,36.39742140761639,50,7,29.43766322909866,9.96
2025-01-17 04:00:00,Car,27.305889709293712,7,7,21.654164007777432,5.35
2025-01-17 04:15:00,Bus,66.76051004233827,11,8,22.65160545222561,13.81
2025-01-17 04:30:00,Bus,38.78886672366995,50,1,18.18347175757512,8.83
2025-01-17 04:45:00,Two-Wheeler,76.17264950271785,11,3,23.800031262307705,12.05
2025-01-17 05:00:00,Bus,50.208236130137166,50,4,26.35946093694615,11.65
2025-01-17 05:15:00,Two-Wheeler,42.560695785654005,50,4,27.889594839067854,8.49
2025-01-17 05:30:00,Car,34.2928768212073,7,0,17.42239382437464,5.97
2025-01-17 05:45:00,Car,24.23436371189641,50,5,34.935251699728184,5.99
2025-01-17 06:00:00,Two-Wheeler,53.12354967968488,22,1,30.186478090164275,12.99
2025-01-17 06:15:00,Car,32.946039788986134,7,1,28.606963917039803,6.32
2025-01-17 06:30:00,Car,39.42385590869477,11,3,24.657431440571024,12.32
2025-01-17 06:45:00,Bus,52.756795000587225,11,9,37.22858617676402,7.77
2025-01-17 07:00:00,Two-Wheeler,49.30989113699185,50,6,76.32175576146862,5.73
2025-01-17 07:15:00,Bus,23.310941786207266,22,9,100.0,9.95
2025-01-17 07:30:00,Two-Wheeler,53.78841889859208,22,12,91.76109971467476,9.1
2025-01-17 07:45:00,Car,30.171954674235106,7,4,79.69048583070776,9.39
2025-01-17 08:00:00,Bus,44.226956410698946,11,1,94.2113842544992,8.25
2025-01-17 08:15:00,Two-Wheeler,17.569951099525603,50,3,75.56361820934312,6.8
2025-01-17 08:30:00,Bus,12.991994402230201,22,11,90.44828259586521,12.39
2025-01-17 08:45:00,Car,65.96001098450208,7,0,79.60515445346387,6.43
2025-01-17 09:00:00,Two-Wheeler,13.986963940666051,50,4,87.37966169008907,8.29
2025-01-17 09:15:00,Two-Wheeler,58.64349171275093,11,0,60.5851415682028,13.79
2025-01-17 09:30:00,Bus,42.86335202546879,11,8,96.17165609526586,12.42
2025-01-17 09:45:00,Two-Wheeler,47.980759914337675,50,3,63.979869270064746,14.36
2025-01-17 10:00:00,Car,44.28462700916382,7,3,70.6071254209597,7.21
2025-01-17 10:15:00,Car,17.082892086318033,22,6,89.36874485171214,8.87
2025-01-17 10:30:00,Bus,48.25129633175548,11,8,82.11691572372406,7.4
2025-01-17 10:45:00,Two-Wheeler,52.062068034544886,11,5,85.48777907038424,13.23
2025-01-17 11:00:00,Car,15.823797432566728,22,7,52.91569274094683,7.15
2025-01-17 11:15:00,Bus,38.33854751486224,50,8,58.20900064515382,7.92
2025-01-17 11:30:00,Two-Wheeler,87.66771982833038,11,10,43.31329380823453,9.41
2025-01-17 11:45:00,Two-Wheeler,46.32710953475678,7,2,58.13761717460582,12.69
2025-01-17 12:00:00,Bus,32.46273832851133,7,9,66.66599171507056,6.52
2025-01-17 12:15:00,Car,25.487361708009924,50,3,44.28260138506806,13.4
2025-01-17 12:30:00,Car,31.93420889128088,22,0,36.507995405472585,5.85
2025-01-17 12:45:00,Car,79.21341123427258,22,10,67.10043551098174,8.63
2025-01-17 13:00:00,Bus,18.32178311400876,7,6,60.53333651914885,13.69
2025-01-17 13:15:00,Car,24.155198298054906,7,3,48.83622623668687,10.94
2025-01-17 13:30:00,Two-Wheeler,73.58438632287681,50,6,57.731461545499016,12.01
2025-01-17 13:45:00,Bus,36.54695859098209,7,4,41.48353800857297,8.17
2025-01-17 14:00:00,Car,46.7958255880937,7,4,56.39118024377061,14.3
2025-01-17 14:15:00,Car,38.94017859975289,11,3,45.68470088669763,14.64
2025-01-17 14:30:00,Bus,20.27636728396191,7,5,63.990003014169304,6.57
2025-01-17 14:45:00,Two-Wheeler,44.503209008594105,22,4,46.98014601753083,12.78
2025-01-17 15:00:00,Bus,27.297532384510802,7,1,43.553018802318846,13.01
2025-01-17 15:15:00,Two-Wheeler,22.89984939724054,7,11,57.91452441725513,6.57
2025-01-17 15:30:00,Two-Wheeler,16.476613370887772,7,6,56.130374245346104,11.46
2025-01-17 15:45:00,Two-Wheeler,40.502719496213835,50,5,56.3033267571864,5.56
2025-01-17 16:00:00,Bus,30.180670476564796,11,0,36.92889012901874,8.99
2025-01-17 16:15:00,Car,41.15856624173776,50,3,36.702215041964294,10.05
2025-01-17 16:30:00,Bus,19.244274679648,11,6,43.26960694112175,9.72
2025-01-17 16:45:00,Two-Wheeler,39.523217001405825,22,7,41.943184057356575,12.06
2025-01-17 17:00:00,Two-Wheeler,62.44235120756388,11,1,95.11732247188885,8.17
2025-01-17 17:15:00,Car,85.15539194179159,7,1,61.57313821809208,8.25
2025-01-17 17:30:00,Bus,36.819903633813354,50,6,100.0,10.8
2025-01-17 17:45:00,Bus,21.225049721924027,7,5,94.69821070779413,5.83
2025-01-17 18:00:00,Two-Wheeler,40.6739759981324,22,1,86.8709984432773,14.93
2025-01-17 18:15:00,Bus,24.96682674582728,11,3,96.79222668144001,7.59
2025-01-17 18:30:00,Car,29.733508673983504,11,0,73.58713750916903,11.34
2025-01-17 18:45:00,Two-Wheeler,27.696047217161816,22,0,86.00566938587856,8.22
2025-01-17 19:00:00,Car,38.50270679700043,11,8,85.87261873677018,13.64
2025-01-17 19:15:00,Car,33.956214439486835,7,7,100.0,12.65
2025-01-17 19:30:00,Bus,24.777383030952084,11,2,62.53821030967255,9.18
2025-01-17 19:45:00,Car,25.229746691738217,50,4,80.27209114537524,7.7
2025-01-17 20:00:00,Car,41.863450978369535,7,4,71.17978508970592,5.03
2025-01-17 20:15:00,Car,20.433958295910756,11,4,94.54158940365545,14.15
2025-01-17 20:30:00,Car,63.23570419980228,11,6,75.80878313549503,8.54
2025-01-17 20:45:00,Car,29.086875787041198,7,4,68.91306170298917,14.66
2025-01-17 21:00:00,Two-Wheeler,61.408911333188556,50,8,100.0,7.39
2025-01-17 21:15:00,Car,22.164673598907356,7,0,74.93019836065902,10.06
2025-01-17 21:30:00,Two-Wheeler,23.32354623707046,11,8,84.2654022249221,12.83
2025-01-17 21:45:00,Car,74.9689720072179,22,5,100.0,7.2
2025-01-17 22:00:00,Car,85.3404059012976,7,4,17.280434892575265,8.46
2025-01-17 22:15:00,Two-Wheeler,39.06025324639923,22,7,30.477307878393763,5.43
2025-01-17 22:30:00,Two-Wheeler,27.75712428655617,50,6,20.751316867669697,8.42
2025-01-17 22:45:00,Two-Wheeler,35.22826702377006,22,3,21.487535340277564,10.43
2025-01-17 23:00:00,Car,27.43827652320067,22,5,34.73753693883441,8.02
2025-01-17 23:15:00,Bus,22.252999241357276,7,2,18.762315433191254,6.23
2025-01-17 23:30:00,Car,49.64176258630334,7,3,24.842144269420857,8.51
2025-01-17 23:45:00,Car,17.615875037710122,50,12,39.45133036715927,10.47
2025-01-18 00:00:00,Bus,73.97063470041331,50,11,33.63865925702889,9.39
2025-01-18 00:15:00,Bus,21.428649222869247,50,8,21.21910974913458,9.09
2025-01-18 00:30:00,Bus,63.72224521346684,22,2,31.707152195494785,8.68
2025-01-18 00:45:00,Bus,73.43535847373302,11,1,14.110801830009747,14.64
2025-01-18 01:00:00,Bus,43.97078963186466,22,6,34.3986946356279,5.42
2025-01-18 01:15:00,Bus,13.068515262719412,11,3,19.047380675518767,12.24
2025-01-18 01:30:00,Two-Wheeler,31.224956746636273,7,8,21.258322095305815,7.71
2025-01-18 01:45:00,Car,22.101098128721205,50,10,33.04227957247497,5.53
2025-01-18 02:00:00,Two-Wheeler,41.54863518138299,11,11,40.97295769868441,7.01
2025-01-18 02:15:00,Bus,20.79226883141749,50,3,19.71708631721664,6.82
2025-01-18 02:30:00,Two-Wheeler,77.20231673750348,22,4,25.47890644401339,9.92
2025-01-18 02:45:00,Bus,40.262675334951126,11,12,23.91951393392226,8.96
2025-01-18 03:00:00,Bus,33.42843114247656,22,4,26.402190640323145,10.96
2025-01-18 03:15:00,Car,77.33107025710243,7,4,31.427146824644154,10.11
2025-01-18 03:30:00,Two-Wheeler,23.61156892130907,50,3,25.55249401846106,14.01
2025-01-18 03:45:00,Bus,44.67714913882736,11,9,35.26131898511338,9.97
2025-01-18 04:00:00,Two-Wheeler,42.44197368336758,50,3,20.899208552206975,10.17
2025-01-18 04:15:00,Bus,14.816469535271562,50,3,19.822446254286287,6.95
2025-01-18 04:30:00,Car,47.422444147531635,50,10,24.1656271725016,11.09
2025-01-18 04:45:00,Bus,23.880996539845782,50,2,28.029060556480946,11.49
2025-01-18 05:00:00,Car,43.72654014071952,50,3,17.652488920187494,11.26
2025-01-18 05:15:00,Bus,15.007312440568622,50,8,19.05173720428754,7.55
2025-01-18 05:30:00,Car,79.96679416557788,22,8,36.10168075521908,12.9
2025-01-18 05:45:00,Two-Wheeler,40.8667106682497,11,4,17.65946766829739,13.08
2025-01-18 06:00:00,Car,40.838959040749884,22,8,19.245011798829086,14.22
2025-01-18 06:15:00,Car,23.768200845665348,50,8,29.55338340466338,8.69
2025-01-18 06:30:00,Bus,50.85009995302762,22,2,21.968836808699887,9.94
2025-01-18 06:45:00,Bus,18.769481165906456,7,6,16.851819079406262,14.69
2025-01-18 07:00:00,Bus,52.0000334617253,50,5,100.0,9.39
2025-01-18 07:15:00,Bus,17.099561649295225,50,5,79.91728529880368,10.85
2025-01-18 07:30:00,Car,23.480499577745654,7,6,100.0,9.29
2025-01-18 07:45:00,Two-Wheeler,32.768963002634166,50,6,100.0,12.74
2025-01-18 08:00:00,Bus,55.87866647485244,22,6,91.3372812512784,11.79
2025-01-18 08:15:00,Bus,20.64249397428514,22,0,87.76987849318311,13.32
2025-01-18 08:30:00,Bus,33.59214493855548,7,1,78.25622814679141,8.79
2025-01-18 08:45:00,Two-Wheeler,52.6388573317853,7,8,100.0,5.16
2025-01-18 09:00:00,Two-Wheeler,28.220830287441252,7,5,97.4982380161245,12.44
2025-01-18 09:15:00,Bus,72.88269645293605,22,6,75.20363168160158,11.11
2025-01-18 09:30:00,Bus,36.466532870654625,11,6,100.0,7.86
2025-01-18 09:45:00,Two-Wheeler,16.381808741995584,7,5,67.48896690608967,13.98
2025-01-18 10:00:00,Bus,38.543466111861214,11,0,73.25969093019532,14.58
2025-01-18 10:15:00,Car,17.714559741458594,11,9,100.0,6.67
2025-01-18 10:30:00,Bus,22.73755791442689,11,0,70.35928709727867,13.76
2025-01-18 10:45:00,Car,48.383886505799005,22,4,68.80766165782154,13.7
2025-01-18 11:00:00,Car,42.87149120070549,50,0,55.63477840187008,9.81
2025-01-18 11:15:00,Two-Wheeler,57.16718251128439,22,11,47.70281950249007,8.1
2025-01-18 11:30:00,Bus,45.156249479774715,50,5,50.81329476060904,5.4
2025-01-18 11:45:00,Car,41.996623667401224,50,8,66.62414238151428,13.51
2025-01-18 12:00:00,Two-Wheeler,23.045967695701783,7,4,50.449959955893874,5.93
2025-01-18 12:15:00,Car,22.776182005361242,50,0,46.134848373802456,10.91
2025-01-18 12:30:00,Bus,28.24634128962073,7,7,49.7647424035463,5.97
2025-01-18 12:45:00,Bus,22.58405627020864,11,3,55.02012763631053,7.85
2025-01-18 13:00:00,Bus,43.790272617760216,22,5,48.344877727938766,8.39
2025-01-18 13:15:00,Car,25.141151884045485,11,6,51.29309020497147,10.23
2025-01-18 13:30:00,Car,24.888828492665517,11,1,48.182597777444876,5.91
2025-01-18 13:45:00,Bus,25.435936012817873,7,5,52.699328140987994,9.37
2025-01-18 14:00:00,Two-Wheeler,12.462374083090522,11,6,57.80100252553568,8.53
2025-01-18 14:15:00,Bus,44.19064259630562,50,7,57.297501112596294,11.68
2025-01-18 14:30:00,Two-Wheeler,44.98268675837933,11,4,53.35317029759176,10.0
2025-01-18 14:45:00,Car,12.449373129299742,22,2,50.45526048981941,9.56
2025-01-18 15:00:00,Two-Wheeler,22.098085892311108,22,7,58.624756842484025,7.51
2025-01-18 15:15:00,Car,45.07195839856909,50,5,59.012301899753105,9.84
2025-01-18 15:30:00,Car,77.27708116613735,11,1,59.17621051195052,11.97
2025-01-18 15:45:00,Car,53.950078997754815,22,4,38.35635060144011,7.92
2025-01-18 16:00:00,Car,35.663740415533724,22,1,34.05512024799398,12.29
2025-01-18 16:15:00,Bus,58.298151329319566,22,6,40.58090431339682,6.72
2025-01-18 16:30:00,Bus,31.232151156219807,22,0,49.97317263182367,13.09
2025-01-18 16:45:00,Two-Wheeler,14.512698380705325,11,1,37.64355821280128,5.01
2025-01-18 17:00:00,Car,44.64562789047222,50,1,65.7058491125694,9.05
2025-01-18 17:15:00,Two-Wheeler,14.669538275284356,11,3,84.89171057387927,11.31
2025-01-18 17:30:00,Car,33.553084976853484,11,6,69.21292422758134,11.95
2025-01-18 17:45:00,Bus,50.39238332157102,22,4,85.49241036014442,14.23
2025-01-18 18:00:00,Two-Wheeler,34.91147711229344,11,5,89.46951623369887,12.29
2025-01-18 18:15:00,Two-Wheeler,48.94320983831335,11,3,100.0,5.79
2025-01-18 18:30:00,Bus,28.072372561444748,22,6,100.0,6.81
2025-01-18 18:45:00,Two-Wheeler,21.345195713284152,7,7,97.41549528722014,8.89
2025-01-18 19:00:00,Car,22.946288309044952,50,8,88.92769014434771,8.62
2025-01-18 19:15:00,Car,48.00001708186357,22,3,78.18616063474693,8.6
2025-01-18 19:30:00,Car,37.249814272476165,22,6,83.87124652125513,13.1
2025-01-18 19:45:00,Bus,62.090388235012114,7,5,89.06248275287601,12.53
2025-01-18 20:00:00,Car,26.835775810709656,11,10,100.0,10.06
2025-01-18 20:15:00,Bus,17.834411041250398,22,7,82.40500283676889,5.04
2025-01-18 20:30:00,Bus,22.95545752174986,50,4,71.61408913441254,8.48
2025-01-18 20:45:00,Bus,76.82583114285485,11,7,75.57311047813252,11.87
2025-01-18 21:00:00,Car,13.060097597900162,50,0,78.44081976055993,9.69
2025-01-18 21:15:00,Bus,34.76521635684931,11,10,82.7099025819251,6.4
2025-01-18 21:30:00,Bus,29.50871431489047,11,0,64.71228852270737,5.91
2025-01-18 21:45:00,Bus,18.073450308725324,22,7,98.91906317352743,6.9
2025-01-18 22:00:00,Car,38.11224026176486,7,1,19.741782402787415,6.11
2025-01-18 22:15:00,Car,34.13184658689778,50,14,25.294083936797023,6.44
2025-01-18 22:30:00,Bus,49.12198774788904,22,1,18.74518080508868,9.47
2025-01-18 22:45:00,Bus,32.1012493378814,11,8,28.09156005794458,6.36
2025-01-18 23:00:00,Car,18.002381682853287,11,6,30.943802422113386,14.57
2025-01-18 23:15:00,Bus,25.749444280970188,22,4,16.792767984598246,10.13
2025-01-18 23:30:00,Two-Wheeler,17.26587913235549,7,3,20.763228959206337,6.46
2025-01-18 23:45:00,Bus,60.00248627471968,22,10,20.382527012474608,14.86
2025-01-19 00:00:00,Bus,60.19995212502954,22,4,31.7897998079906,11.9
2025-01-19 00:15:00,Car,13.500977406414822,11,0,20.522855193782927,13.51
2025-01-19 00:30:00,Car,23.30171911724713,22,6,17.534790274905124,11.1
2025-01-19 00:45:00,Two-Wheeler,46.47052521500925,50,4,24.904221576348004,11.7
2025-01-19 01:00:00,Two-Wheeler,28.132991468726747,11,0,26.769653811316484,6.85
2025-01-19 01:15:00,Two-Wheeler,16.89176611841941,22,5,22.88475472258602,9.68
2025-01-19 01:30:00,Car,81.40998707471894,11,4,28.27885422414755,12.93
2025-01-19 01:45:00,Car,70.57505737673134,50,2,26.678729094665684,14.21
2025-01-19 02:00:00,Two-Wheeler,34.62429229907061,50,7,18.76911481371073,12.3
2025-01-19 02:15:00,Car,14.889942439202876,7,5,17.177632320623317,9.59
2025-01-19 02:30:00,Bus,28.703808254238137,50,2,17.306481401293343,11.52
2025-01-19 02:45:00,Car,75.04078550397341,50,3,28.6487881899775,12.08
2025-01-19 03:00:00,Bus,34.254077753599,7,6,20.90252008909015,12.38
2025-01-19 03:15:00,Two-Wheeler,40.66844920085832,22,2,21.8977128220967,5.18
2025-01-19 03:30:00,Car,60.47228401992106,50,5,33.54774713363098,7.01
2025-01-19 03:45:00,Bus,41.47240431835396,50,4,23.220196976792423,11.07
2025-01-19 04:00:00,Car,28.042156656792642,50,3,24.503106582558665,6.49
2025-01-19 04:15:00,Two-Wheeler,18.906522594993966,22,2,14.924514984358275,7.37
2025-01-19 04:30:00,Bus,30.71612116252483,22,6,35.80768355396438,11.5
2025-01-19 04:45:00,Bus,24.531741603072174,7,5,29.22454562941005,12.12
2025-01-19 05:00:00,Two-Wheeler,47.55557807687597,22,5,30.466471054081534,12.06
2025-01-19 05:15:00,Bus,31.870963399269776,50,7,32.480066258195194,7.82
2025-01-19 05:30:00,Car,15.861566521468342,11,6,33.494530104424165,12.85
2025-01-19 05:45:00,Bus,69.13292633668371,50,1,23.047283482549442,6.94
2025-01-19 06:00:00,Two-Wheeler,28.18179494356981,50,7,34.6132175688311,7.61
2025-01-19 06:15:00,Two-Wheeler,59.81433021712885,22,2,22.284709657061057,13.52
2025-01-19 06:30:00,Car,22.193552878860388,22,0,20.182166647828716,12.09
2025-01-19 06:45:00,Bus,48.1481353979808,50,6,17.047089003715975,14.03
2025-01-19 07:00:00,Bus,39.804110976241624,50,3,75.04183462791562,9.84
2025-01-19 07:15:00,Car,84.01108100582195,50,7,100.0,13.41
2025-01-19 07:30:00,Car,46.23781988223537,7,3,70.4043492171138,14.72
2025-01-19 07:45:00,Car,18.130310905250404,7,5,87.69359718275743,9.29
2025-01-19 08:00:00,Bus,46.53273412017014,7,8,75.90426325563435,14.71
2025-01-19 08:15:00,Bus,40.44658417492481,7,5,87.12147413834245,6.76
2025-01-19 08:30:00,Two-Wheeler,31.723254025171727,11,6,98.35637184359105,14.08
2025-01-19 08:45:00,Two-Wheeler,35.590172267031654,50,3,89.0548620965293,13.15
2025-01-19 09:00:00,Two-Wheeler,30.111526851148128,22,3,77.33291714357533,11.53
2025-01-19 09:15:00,Car,60.7027739405671,50,4,86.22656292595144,7.19
2025-01-19 09:30:00,Car,10.81044406466146,50,4,78.15710706301215,8.56
2025-01-19 09:45:00,Two-Wheeler,48.31948139954319,22,4,100.0,10.52
2025-01-19 10:00:00,Bus,30.152548313394906,7,6,100.0,10.76
2025-01-19 10:15:00,Bus,65.26239946004266,7,4,64.31233600721526,5.55
2025-01-19 10:30:00,Car,25.21393498898221,11,0,81.05654441579513,12.81
2025-01-19 10:45:00,Car,44.42958130233309,22,6,93.1883451711638,6.05
2025-01-19 11:00:00,Two-Wheeler,40.016172635859164,50,4,61.93474273331867,8.95
2025-01-19 11:15:00,Bus,33.61784640422438,11,4,61.62419761023436,6.06
2025-01-19 11:30:00,Two-Wheeler,50.5593065198605,22,5,54.76333035463114,8.68
2025-01-19 11:45:00,Bus,13.798400656580052,11,8,53.82716579658378,5.29
2025-01-19 12:00:00,Car,84.76900747253354,7,9,56.26322779591996,8.94
2025-01-19 12:15:00,Two-Wheeler,12.133677673175763,7,2,47.94402487872239,5.68
2025-01-19 12:30:00,Bus,63.1765285479083,22,4,44.76911289061026,10.39
2025-01-19 12:45:00,Two-Wheeler,14.582050317501377,50,5,57.01490358264368,10.39
2025-01-19 13:00:00,Bus,33.90970761552801,11,6,41.60305248810027,12.39
2025-01-19 13:15:00,Two-Wheeler,44.37527232424836,7,6,54.65568256453727,12.61
2025-01-19 13:30:00,Bus,89.78234042528678,22,6,44.16656402519327,8.42
2025-01-19 13:45:00,Bus,23.489958690656504,22,5,42.60860507401968,8.11
2025-01-19 14:00:00,Bus,31.047652018781115,11,5,61.608017891276106,9.53
2025-01-19 14:15:00,Bus,35.25488418911905,50,7,44.592532096642806,13.1
2025-01-19 14:30:00,Two-Wheeler,31.961897589696182,50,4,35.8330886945981,13.45
2025-01-19 14:45:00,Car,66.34676473088564,11,7,51.41192764562591,6.06
2025-01-19 15:00:00,Two-Wheeler,85.88640546618967,7,3,60.62139370706301,12.16
2025-01-19 15:15:00,Bus,30.06027048094755,7,9,40.69543873164187,11.78
2025-01-19 15:30:00,Car,51.756351054479246,50,0,41.17280253527905,6.11
2025-01-19 15:45:00,Two-Wheeler,54.193394744259635,22,5,49.5728336164745,8.03
2025-01-19 16:00:00,Bus,62.13801442853603,50,3,48.17413869053002,12.51
2025-01-19 16:15:00,Bus,51.44357739294688,22,4,44.89573739062415,13.58
2025-01-19 16:30:00,Car,44.68470292726951,11,6,41.84412239379063,11.11
2025-01-19 16:45:00,Bus,19.837122325445872,22,0,34.45880653309226,5.42
2025-01-19 17:00:00,Car,74.57283673313347,7,7,95.41014335362864,8.19
2025-01-19 17:15:00,Two-Wheeler,44.14908306799792,11,2,79.28669020695943,12.14
2025-01-19 17:30:00,Two-Wheeler,52.92800239778654,22,7,84.58646129482362,14.84
2025-01-19 17:45:00,Two-Wheeler,41.49140790110737,7,3,85.71044489190908,9.3
2025-01-19 18:00:00,Car,13.842619375949207,11,4,100.0,10.99
2025-01-19 18:15:00,Two-Wheeler,61.15156295155704,22,1,67.57597220701042,12.31
2025-01-19 18:30:00,Bus,33.87936706009017,22,11,85.19693083891565,6.93
2025-01-19 18:45:00,Car,37.489905067141756,7,0,86.73157544550797,13.0
2025-01-19 19:00:00,Two-Wheeler,24.952776122910734,7,4,93.35706894529946,12.74
2025-01-19 19:15:00,Car,37.68805879457274,22,7,69.65634575477178,5.14
2025-01-19 19:30:00,Car,85.15457826610944,7,6,79.38798778076674,5.64
2025-01-19 19:45:00,Bus,64.66383366517083,7,7,94.35292109814013,13.62
2025-01-19 20:00:00,Bus,74.91982168514177,7,4,73.40819972390925,10.61
2025-01-19 20:15:00,Bus,23.14532909459391,7,1,91.915255481669,7.19
2025-01-19 20:30:00,Car,21.61046213647071,11,5,67.2736780272633,7.07
2025-01-19 20:45:00,Two-Wheeler,23.78106322379133,11,5,78.70936109455029,10.1
2025-01-19 21:00:00,Car,32.24943904106878,22,1,64.40998967128291,10.35
2025-01-19 21:15:00,Car,53.19721468920943,22,3,67.3706444541959,9.17
2025-01-19 21:30:00,Car,49.19200202878238,11,1,69.8978467103946,7.0
2025-01-19 21:45:00,Car,64.30348883264422,50,7,87.03717617666021,8.64
2025-01-19 22:00:00,Car,54.068254545725345,50,3,31.616153077059675,6.19
2025-01-19 22:15:00,Two-Wheeler,22.37138555102782,22,3,14.185455735359543,8.38
2025-01-19 22:30:00,Two-Wheeler,82.21265340732779,7,11,30.90903382882813,14.13
2025-01-19 22:45:00,Bus,42.46922973098745,7,6,17.178173221313322,10.79
2025-01-19 23:00:00,Bus,36.10026016538911,11,5,15.230420240520868,10.17
2025-01-19 23:15:00,Two-Wheeler,28.432927934761764,11,2,17.51545228604042,9.99
2025-01-19 23:30:00,Car,65.9874004675218,50,0,26.539537544418945,5.1
2025-01-19 23:45:00,Two-Wheeler,18.158351690936264,22,7,23.144845014991482,8.72
2025-01-20 00:00:00,Two-Wheeler,12.242414871888382,50,7,31.133883280331965,11.16
2025-01-20 00:15:00,Bus,36.0448975784496,11,3,19.738573452941583,12.95
2025-01-20 00:30:00,Car,17.89878464511704,50,3,28.297239743748747,6.83
2025-01-20 00:45:00,Car,58.45994806488723,22,5,32.93016470223063,5.32
2025-01-20 01:00:00,Car,80.74295574789822,22,5,21.581955179482044,11.94
2025-01-20 01:15:00,Bus,83.2308978345272,7,4,33.393194930054065,7.85
2025-01-20 01:30:00,Car,20.49986954447515,11,9,28.37232040999986,9.68
2025-01-20 01:45:00,Two-Wheeler,19.691364423774363,22,3,15.266681708954117,11.8
2025-01-20 02:00:00,Two-Wheeler,17.615434237508957,11,9,38.35324551616968,9.26
2025-01-20 02:15:00,Car,69.46319185389308,7,0,29.63108875446075,6.58
2025-01-20 02:30:00,Car,17.869387357610215,50,1,19.03739031298498,12.43
2025-01-20 02:45:00,Car,25.335573156575098,7,8,34.3005420850171,10.76
2025-01-20 03:00:00,Bus,36.54382241982328,22,8,33.5983155821082,14.63
2025-01-20 03:15:00,Two-Wheeler,29.163386622512594,7,0,27.109350582322108,5.5
2025-01-20 03:30:00,Two-Wheeler,26.65850030015995,22,5,28.63363180224834,14.34
2025-01-20 03:45:00,Car,53.48499311881998,7,6,23.209734433522343,9.0
2025-01-20 04:00:00,Bus,88.45095233610691,50,8,27.186089579825776,6.35
2025-01-20 04:15:00,Bus,30.09059314224973,50,6,19.72613836348548,12.19
2025-01-20 04:30:00,Car,56.071194726602364,7,6,34.50903184557066,5.59
2025-01-20 04:45:00,Car,81.92638382463322,11,5,27.853888330960995,8.25
2025-01-20 05:00:00,Bus,22.592481791293224,7,9,31.11817886426593,9.95
2025-01-20 05:15:00,Car,23.825782046854947,7,3,22.71939294927618,6.62
2025-01-20 05:30:00,Car,17.111173892957254,7,3,19.47743900041133,8.1
2025-01-20 05:45:00,Bus,48.19750247716511,11,5,16.32012866259865,8.84
2025-01-20 06:00:00,Car,32.99133492327597,7,3,27.216545068697442,12.32
2025-01-20 06:15:00,Car,28.174852058468854,7,4,24.837930022417744,13.43
2025-01-20 06:30:00,Bus,17.6141107078319,7,6,33.21439411467136,13.89
2025-01-20 06:45:00,Bus,15.558647687826323,22,6,19.528533932048028,12.22
2025-01-20 07:00:00,Car,15.881036152282903,50,10,97.38890148885328,10.16
2025-01-20 07:15:00,Two-Wheeler,89.89943678272822,22,2,76.39053846786906,13.47
2025-01-20 07:30:00,Two-Wheeler,36.58861634318321,7,6,100.0,7.02
2025-01-20 07:45:00,Bus,43.91223774865535,22,4,93.94852388100183,10.78
2025-01-20 08:00:00,Two-Wheeler,11.509628686072698,50,2,91.02946040036151,8.33
2025-01-20 08:15:00,Bus,70.60324621605653,11,5,94.75975602717138,8.09
2025-01-20 08:30:00,Bus,29.0606049678533,50,2,96.29754233879352,10.23
2025-01-20 08:45:00,Car,12.394943279735726,50,2,99.98379981151484,6.85
2025-01-20 09:00:00,Bus,40.381928607755874,22,8,76.27185465430426,12.79
2025-01-20 09:15:00,Car,80.37596161147891,7,4,94.946790854602,7.35
2025-01-20 09:30:00,Bus,45.722817519644785,7,2,87.81071788989331,5.55
2025-01-20 09:45:00,Bus,23.427901478735347,22,8,100.0,7.52
2025-01-20 10:00:00,Two-Wheeler,78.45700955534525,11,0,66.98553522745418,11.62
2025-01-20 10:15:00,Bus,12.687482215371123,7,5,93.31460812011088,12.24
2025-01-20 10:30:00,Car,27.11607907070661,50,3,63.366999766116436,12.62
2025-01-20 10:45:00,Bus,41.78712613748646,50,8,77.72229762418831,10.96
2025-01-20 11:00:00,Car,47.316741698958445,7,3,37.49032516711346,12.46
2025-01-20 11:15:00,Car,47.22049478652287,22,8,43.70113443560482,12.73
2025-01-20 11:30:00,Bus,29.03479194915643,11,6,63.162193945752826,8.53
2025-01-20 11:45:00,Car,30.59649731599314,11,0,44.93970383264306,10.42
2025-01-20 12:00:00,Car,49.07491428096636,11,4,34.419423755185356,9.39
2025-01-20 12:15:00,Car,31.06589185449943,22,0,59.996143148224014,11.44
2025-01-20 12:30:00,Car,44.293487644949955,11,5,36.39924352777433,7.51
2025-01-20 12:45:00,Car,35.37048245321684,7,5,50.59335459013931,8.96
2025-01-20 13:00:00,Bus,52.985350748424025,11,7,42.9730687119452,11.4
2025-01-20 13:15:00,Bus,16.583051970299813,50,1,45.53625193066807,10.19
2025-01-20 13:30:00,Bus,80.06345134377925,11,3,33.72677587238398,14.19
2025-01-20 13:45:00,Two-Wheeler,40.133624866006706,22,2,39.69688009709638,14.16
2025-01-20 14:00:00,Two-Wheeler,21.01357987439637,50,10,46.66131328201327,14.65
2025-01-20 14:15:00,Car,35.5466935786198,7,5,36.79714103010092,7.27
2025-01-20 14:30:00,Bus,20.47378694042709,7,5,48.34408973109899,12.26
2025-01-20 14:45:00,Car,31.339739536975983,50,8,46.43454510243937,14.86
2025-01-20 15:00:00,Two-Wheeler,50.79504609854019,7,5,50.483385502454425,7.63
2025-01-20 15:15:00,Bus,29.75790555743724,22,0,51.18122951874505,10.66
2025-01-20 15:30:00,Car,46.3134920350323,50,1,37.056881683986695,9.08
2025-01-20 15:45:00,Two-Wheeler,89.78131604495103,22,3,55.04859474350308,7.53
2025-01-20 16:00:00,Two-Wheeler,66.96613366878472,11,5,50.46405707048025,7.73
2025-01-20 16:15:00,Two-Wheeler,17.80010822047845,22,1,50.334340779396506,14.37
2025-01-20 16:30:00,Two-Wheeler,47.537342891781556,11,7,52.877150097313304,12.05
2025-01-20 16:45:00,Two-Wheeler,26.29236152115841,22,5,44.232621321931816,7.86
2025-01-20 17:00:00,Car,32.851690881565126,11,7,87.12872202980866,8.48
2025-01-20 17:15:00,Two-Wheeler,50.77220585339864,50,5,86.5749823529611,8.8
2025-01-20 17:30:00,Two-Wheeler,61.24637427435978,11,6,99.56274301670732,12.19
2025-01-20 17:45:00,Car,40.076676183275424,22,1,76.12615871801441,11.26
2025-01-20 18:00:00,Car,16.366687001401885,50,6,72.918780984123,14.23
2025-01-20 18:15:00,Car,16.080696634919303,11,1,68.90389539364318,6.29
2025-01-20 18:30:00,Car,26.650685207842578,22,7,92.5551362242611,14.5
2025-01-20 18:45:00,Two-Wheeler,40.15624864460309,22,0,62.133231593543556,12.15
2025-01-20 19:00:00,Bus,22.700638851292805,50,6,88.94976970178345,6.9
2025-01-20 19:15:00,Car,32.04841148675204,22,1,100.0,6.77
2025-01-20 19:30:00,Two-Wheeler,38.693030013399,7,2,84.03490315389165,12.18
2025-01-20 19:45:00,Bus,20.66573669566018,50,1,96.89946080030336,9.53
2025-01-20 20:00:00,Car,22.335882540203695,7,1,99.16867267338827,10.98
2025-01-20 20:15:00,Car,54.77335500110026,11,7,100.0,12.37
2025-01-20 20:30:00,Car,12.734355412863163,50,5,97.03547081916719,9.07
2025-01-20 20:45:00,Bus,28.7473739545674,7,4,89.99504116926079,11.84
2025-01-20 21:00:00,Two-Wheeler,13.769242245510515,11,4,73.36370544664288,6.91
2025-01-20 21:15:00,Car,45.41016845446924,11,0,77.74361865520606,9.17
2025-01-20 21:30:00,Two-Wheeler,10.149421164004815,50,3,100.0,8.63
2025-01-20 21:45:00,Car,49.465980004533186,22,6,76.47125930768351,11.93
2025-01-20 22:00:00,Car,30.342395017752434,50,8,28.906899680030897,7.2
2025-01-20 22:15:00,Car,89.71833608093087,50,8,20.571031957208987,8.87
2025-01-20 22:30:00,Car,25.62720132280982,7,4,27.535345433811948,12.36
2025-01-20 22:45:00,Car,70.49953927438764,11,13,39.91918730846025,11.45
2025-01-20 23:00:00,Two-Wheeler,23.29512967190682,22,4,30.431767229716275,13.44
2025-01-20 23:15:00,Bus,85.59226778738504,22,0,27.53783355632652,6.19
2025-01-20 23:30:00,Two-Wheeler,31.722896677726318,50,0,20.22711284977002,8.85
2025-01-20 23:45:00,Car,53.29423494677905,50,5,15.0951808013981,12.49
2025-01-21 00:00:00,Car,20.258448370379316,50,6,27.45535805755119,5.28
2025-01-21 00:15:00,Car,53.55565114860154,22,1,15.856590883866813,9.61
2025-01-21 00:30:00,Bus,29.157173654059214,50,4,24.600492736499007,6.31
2025-01-21 00:45:00,Car,19.10710448345897,7,2,25.39597455549231,14.38
2025-01-21 01:00:00,Two-Wheeler,27.455796398342443,7,5,26.622170433970105,6.63
2025-01-21 01:15:00,Bus,43.837502669606565,22,4,30.15670273054525,11.73
2025-01-21 01:30:00,Two-Wheeler,26.633785277666668,50,5,21.72653224660956,11.82
2025-01-21 01:45:00,Car,30.166906565427478,7,6,22.962550491892042,11.22
2025-01-21 02:00:00,Car,84.23630315346428,50,2,24.827606219603393,11.72
2025-01-21 02:15:00,Car,32.88972711982622,7,1,15.793042660321898,14.32
2025-01-21 02:30:00,Car,43.94302331927398,11,6,35.98492183768052,11.53
2025-01-21 02:45:00,Two-Wheeler,18.569714188426882,11,5,34.38927059091664,12.19
2025-01-21 03:00:00,Two-Wheeler,44.45816466314554,7,7,34.902914736491354,11.85
2025-01-21 03:15:00,Car,80.85194774944141,50,7,35.50309636781087,10.52
2025-01-21 03:30:00,Car,50.90059402892913,7,2,16.38133643719199,14.26
2025-01-21 03:45:00,Bus,50.572631076240675,11,1,19.402561579912362,13.86
2025-01-21 04:00:00,Bus,67.88039091366818,11,5,21.759920626238458,8.51
2025-01-21 04:15:00,Car,65.51984626637095,22,7,31.48725413126437,5.83
2025-01-21 04:30:00,Two-Wheeler,36.90293695932196,11,4,31.753166569245522,8.33
2025-01-21 04:45:00,Two-Wheeler,52.39778315586865,50,7,27.75663422344828,7.65
2025-01-21 05:00:00,Two-Wheeler,46.985861524410545,22,5,25.12286499116596,7.51
2025-01-21 05:15:00,Two-Wheeler,41.10702738109166,22,3,24.38884038042487,14.47
2025-01-21 05:30:00,Two-Wheeler,50.12833131459311,7,4,30.01354871460299,7.91
2025-01-21 05:45:00,Two-Wheeler,48.481568815181355,50,7,31.58268767827771,11.36
2025-01-21 06:00:00,Car,79.4320973179509,11,1,13.070679743701096,13.77
2025-01-21 06:15:00,Bus,50.357674584302615,11,8,32.018818780355055,9.31
2025-01-21 06:30:00,Car,28.109221166394725,7,8,25.277369212446374,8.73
2025-01-21 06:45:00,Car,18.118815188125573,7,4,31.042959677040184,13.68
2025-01-21 07:00:00,Two-Wheeler,26.95060156704173,11,3,100.0,13.45
2025-01-21 07:15:00,Two-Wheeler,16.8850868815572,11,5,81.4082002113413,13.36
2025-01-21 07:30:00,Car,16.915311372505627,7,1,66.17852386381279,10.78
2025-01-21 07:45:00,Bus,69.92593751780171,7,0,63.04873573780193,10.53
2025-01-21 08:00:00,Two-Wheeler,39.34958619565292,50,0,79.74309754688728,9.37
2025-01-21 08:15:00,Bus,24.412425795226607,50,8,87.94104496585592,9.68
2025-01-21 08:30:00,Car,15.173314630297703,7,2,77.94253551176106,5.82
2025-01-21 08:45:00,Bus,63.27260504514266,11,5,71.32679561637704,5.52
2025-01-21 09:00:00,Two-Wheeler,53.31717960264161,11,8,100.0,13.97
2025-01-21 09:15:00,Two-Wheeler,20.277569681386638,22,6,83.04341054690818,13.27
2025-01-21 09:30:00,Bus,42.91403962764212,11,2,84.8907740936711,7.02
2025-01-21 09:45:00,Car,17.285945079592665,50,7,71.62853198275879,10.11
2025-01-21 10:00:00,Car,45.152055367163705,22,3,100.0,5.72
2025-01-21 10:15:00,Bus,18.553525661236954,11,5,89.33474362784943,9.91
2025-01-21 10:30:00,Bus,22.470835310741943,22,8,87.93630170852819,8.97
2025-01-21 10:45:00,Two-Wheeler,52.16880553477928,11,1,98.2818334495449,11.79
2025-01-21 11:00:00,Two-Wheeler,78.38456118089093,50,0,34.78731698360141,13.89
2025-01-21 11:15:00,Two-Wheeler,14.758061090848635,50,5,39.72902695150454,5.71
2025-01-21 11:30:00,Bus,37.03395275780239,22,3,50.369667479960704,11.02
2025-01-21 11:45:00,Bus,25.993130651918,22,8,41.44858151952419,5.85
2025-01-21 12:00:00,Car,45.49508482886851,50,6,57.42038403744804,6.03
2025-01-21 12:15:00,Two-Wheeler,31.054978202324367,11,5,39.65282812582129,5.15
2025-01-21 12:30:00,Two-Wheeler,62.3607821545048,11,4,40.51432473519756,6.07
2025-01-21 12:45:00,Bus,28.089222472777212,50,6,59.54319609427153,10.31
2025-01-21 13:00:00,Bus,24.648499483241878,50,6,63.06401605341015,8.39
2025-01-21 13:15:00,Two-Wheeler,34.73701596186273,50,5,47.064769918209436,13.21
2025-01-21 13:30:00,Two-Wheeler,40.29730130348816,7,5,52.17902327149314,7.82
2025-01-21 13:45:00,Bus,50.241654423139856,7,3,47.4624347469682,9.64
2025-01-21 14:00:00,Car,15.015712313746416,7,6,48.429012354929824,10.02
2025-01-21 14:15:00,Car,58.27501972211863,22,6,39.97758289214876,14.2
2025-01-21 14:30:00,Bus,51.83532237205263,22,4,38.63618194087448,10.34
2025-01-21 14:45:00,Bus,28.129143796854066,7,2,52.515416243950625,13.08
2025-01-21 15:00:00,Car,40.125063337876114,50,3,36.16348302709073,10.15
2025-01-21 15:15:00,Car,32.712968508058175,7,1,42.763320074060715,5.7
2025-01-21 15:30:00,Bus,35.465509915096504,7,1,40.79482982989755,11.73
2025-01-21 15:45:00,Two-Wheeler,66.21594110481296,11,4,57.56335092556718,6.12
2025-01-21 16:00:00,Bus,59.93176469258389,7,8,47.019556190154915,7.61
2025-01-21 16:15:00,Bus,45.49625216832961,50,10,62.3224133231518,14.66
2025-01-21 16:30:00,Bus,54.509695554800494,50,7,64.59682542456893,9.27
2025-01-21 16:45:00,Car,23.305915621871858,22,4,48.08280254976875,11.91
2025-01-21 17:00:00,Two-Wheeler,55.846257945445096,7,5,74.64892500437587,12.96
2025-01-21 17:15:00,Car,86.64671857293122,22,0,97.7626659705492,14.48
2025-01-21 17:30:00,Two-Wheeler,23.83731658038373,7,6,85.81476762537517,11.03
2025-01-21 17:45:00,Two-Wheeler,14.172616060530062,7,3,92.25793042834799,14.79
2025-01-21 18:00:00,Bus,12.701759542407205,50,8,89.13168420513236,11.16
2025-01-21 18:15:00,Car,52.36453902628845,11,0,96.21843757474069,10.21
2025-01-21 18:30:00,Bus,14.254252229681704,11,8,92.04517639721075,14.25
2025-01-21 18:45:00,Two-Wheeler,17.562344211121108,50,7,74.60959535235196,9.59
2025-01-21 19:00:00,Bus,33.7991493606986,7,0,78.1707097281049,13.07
2025-01-21 19:15:00,Car,87.72949219581481,11,3,86.34403093775049,5.36
2025-01-21 19:30:00,Two-Wheeler,44.39848717743128,50,7,79.36770397237801,10.32
2025-01-21 19:45:00,Two-Wheeler,87.4213955652213,7,3,72.00786112900987,9.13
2025-01-21 20:00:00,Two-Wheeler,39.374518654957576,22,6,95.96594094723717,7.35
2025-01-21 20:15:00,Two-Wheeler,44.54722719347782,50,0,76.55638093744078,12.78
2025-01-21 20:30:00,Two-Wheeler,78.007922097121,7,4,90.12223631980268,6.86
2025-01-21 20:45:00,Two-Wheeler,39.823432311967274,22,5,79.88115557480926,8.07
2025-01-21 21:00:00,Bus,56.80517151433424,11,6,82.30105692314466,6.56
2025-01-21 21:15:00,Bus,70.05872490888217,7,2,89.93923238912755,13.53
2025-01-21 21:30:00,Bus,64.60899926545989,50,7,100.0,11.28
2025-01-21 21:45:00,Car,18.469117613823553,7,0,92.90585388585198,10.93
2025-01-21 22:00:00,Bus,32.71628709727063,22,5,19.536941910021127,7.19
2025-01-21 22:15:00,Car,25.51355324456353,50,6,32.27832213132169,10.18
2025-01-21 22:30:00,Car,55.88214346578291,22,3,26.09711334336366,5.4
2025-01-21 22:45:00,Bus,26.76666190875865,7,7,22.04938595042559,7.79
2025-01-21 23:00:00,Two-Wheeler,35.50698230980434,7,0,27.97345511127276,7.44
2025-01-21 23:15:00,Two-Wheeler,21.866318946307484,7,6,29.023367782541676,12.65
2025-01-21 23:30:00,Car,41.93226978299309,7,3,14.259558159732661,13.73
2025-01-21 23:45:00,Car,21.516253005607698,22,5,22.00430260263019,7.71
2025-01-22 00:00:00,Car,35.9552959301087,11,1,30.793857355730445,6.34
2025-01-22 00:15:00,Car,62.392695470128956,22,2,27.800535232845693,9.39
2025-01-22 00:30:00,Two-Wheeler,19.953720820508384,11,0,15.902520880121543,8.61
2025-01-22 00:45:00,Car,35.496681927412986,22,3,13.456153213752462,7.72
2025-01-22 01:00:00,Car,58.797410308197115,22,9,25.98208230899162,14.44
2025-01-22 01:15:00,Bus,24.831015986400224,11,6,24.340704490263416,7.24
2025-01-22 01:30:00,Bus,49.8993025584656,50,2,28.168045995951225,10.95
2025-01-22 01:45:00,Bus,34.83218631642619,11,7,26.37122752266825,13.45
2025-01-22 02:00:00,Two-Wheeler,22.687645313879518,22,3,18.646221157084135,11.71
2025-01-22 02:15:00,Car,47.48617141110039,50,9,25.428282020400154,13.82
2025-01-22 02:30:00,Car,40.6039840093465,50,9,19.407542941604632,13.44
2025-01-22 02:45:00,Car,51.06646895440875,11,5,20.712210714904074,12.91
2025-01-22 03:00:00,Two-Wheeler,58.207157564437125,50,8,33.6999234678444,7.3
2025-01-22 03:15:00,Bus,50.43579469562643,7,6,16.505828179792662,11.03
2025-01-22 03:30:00,Car,24.710744216344086,50,7,20.70431436301122,7.06
2025-01-22 03:45:00,Car,40.27849103998647,11,6,33.16232766398493,6.62
2025-01-22 04:00:00,Bus,15.516176435344777,22,6,34.25235396407727,10.32
2025-01-22 04:15:00,Car,35.75070319394125,11,6,18.122097114308154,8.87
2025-01-22 04:30:00,Car,63.56960886540355,7,5,30.527349235981116,12.88
2025-01-22 04:45:00,Two-Wheeler,19.109881016202653,11,3,27.479734999475006,8.53
2025-01-22 05:00:00,Bus,28.521713455026728,50,10,26.792906461440296,8.62
2025-01-22 05:15:00,Car,17.896669773791885,22,5,27.188158339926094,12.83
2025-01-22 05:30:00,Car,55.478512147020375,7,4,31.70129101833335,8.45
2025-01-22 05:45:00,Bus,52.84151317089355,22,8,31.631150692587905,5.86
2025-01-22 06:00:00,Car,34.97790340215013,7,5,28.78681729352425,8.93
2025-01-22 06:15:00,Car,41.057685524479645,11,9,29.013332804454375,14.05
2025-01-22 06:30:00,Car,75.92147120559783,22,4,31.682080458964222,11.04
2025-01-22 06:45:00,Two-Wheeler,86.00286449083205,50,6,28.010924780020723,6.34
2025-01-22 07:00:00,Car,36.00902795431028,11,3,67.7637732074702,6.93
2025-01-22 07:15:00,Two-Wheeler,33.00625621708835,50,9,77.33071285070277,12.2
2025-01-22 07:30:00,Two-Wheeler,24.78044069140013,7,0,72.40000044846181,14.67
2025-01-22 07:45:00,Bus,18.75890272682643,7,4,80.0427724262713,10.94
2025-01-22 08:00:00,Car,20.546611736884643,7,3,84.74785433900567,7.75
2025-01-22 08:15:00,Car,56.57801562149321,11,6,100.0,13.45
2025-01-22 08:30:00,Two-Wheeler,74.1579629138673,22,3,79.27815129897023,14.06
2025-01-22 08:45:00,Bus,49.992620296305596,22,6,83.42479251079797,10.16
2025-01-22 09:00:00,Bus,49.13434556613497,11,1,82.21172613858695,10.44
2025-01-22 09:15:00,Bus,26.983915013964477,22,3,84.34805988706206,9.53
2025-01-22 09:30:00,Bus,51.21852337628244,22,10,70.43993604281839,13.46
2025-01-22 09:45:00,Bus,75.09968659327916,7,1,74.24214714074725,8.56
2025-01-22 10:00:00,Two-Wheeler,24.89897420868102,50,2,100.0,13.26
2025-01-22 10:15:00,Car,49.15055482695296,50,3,100.0,6.82
2025-01-22 10:30:00,Car,32.17128127919414,22,1,82.82367077138814,12.95
2025-01-22 10:45:00,Two-Wheeler,47.19322175176557,11,6,72.82414430851307,10.89
2025-01-22 11:00:00,Bus,37.57388468146675,22,5,40.34879784909657,14.08
2025-01-22 11:15:00,Bus,40.47341425604689,50,3,55.37430732228464,5.84
2025-01-22 11:30:00,Car,57.007280459450186,50,7,40.50174521232271,5.36
2025-01-22 11:45:00,Two-Wheeler,31.00978736784547,22,7,46.75041466067503,10.34
2025-01-22 12:00:00,Two-Wheeler,16.916185393304286,50,6,64.70639836631912,11.67
2025-01-22 12:15:00,Car,17.62653654844071,22,4,46.92394158591325,14.28
2025-01-22 12:30:00,Two-Wheeler,32.493781789707214,7,8,45.22729508692154,12.88
2025-01-22 12:45:00,Bus,34.167564580898926,7,9,47.989964859148856,11.9
2025-01-22 13:00:00,Bus,13.588842224471017,11,4,39.685546137263714,5.15
2025-01-22 13:15:00,Two-Wheeler,21.962251978649928,22,0,54.91431086059873,6.47
2025-01-22 13:30:00,Two-Wheeler,63.29586921793427,11,6,39.146136630336436,5.34
2025-01-22 13:45:00,Bus,15.989272875354462,22,6,39.10437679961319,9.64
2025-01-22 14:00:00,Bus,19.66636846509443,50,6,63.41994528119146,11.64
2025-01-22 14:15:00,Two-Wheeler,49.264621863918,22,3,57.46009432473297,12.53
2025-01-22 14:30:00,Bus,25.683957966690414,50,2,61.259972903197365,14.88
2025-01-22 14:45:00,Car,16.409462590346546,7,1,34.07410798976752,7.82
2025-01-22 15:00:00,Bus,17.40740198695147,22,11,56.13117479417457,14.67
2025-01-22 15:15:00,Bus,21.819284742697313,11,4,60.998995593885724,7.86
2025-01-22 15:30:00,Two-Wheeler,13.30450352919314,11,8,56.721311912506245,7.39
2025-01-22 15:45:00,Car,24.887030757732347,7,4,58.707228320539215,8.14
2025-01-22 16:00:00,Bus,59.55931823509515,7,5,63.412649742580854,5.75
2025-01-22 16:15:00,Two-Wheeler,45.9666281504118,7,2,50.80190260066356,11.85
2025-01-22 16:30:00,Two-Wheeler,24.69991627650507,22,6,47.8821556175007,10.89
2025-01-22 16:45:00,Car,47.796063280888255,7,6,46.27987991073411,11.61
2025-01-22 17:00:00,Two-Wheeler,18.14067573925063,7,4,77.58362965583305,6.45
2025-01-22 17:15:00,Bus,26.649336369068337,22,9,100.0,10.73
2025-01-22 17:30:00,Car,19.44128235068511,7,2,100.0,7.77
2025-01-22 17:45:00,Two-Wheeler,30.939369129357203,50,2,93.02193803177155,11.31
2025-01-22 18:00:00,Two-Wheeler,17.760187396808483,22,0,93.46556069627866,6.63
2025-01-22 18:15:00,Car,86.01203907918041,11,3,81.78322813407303,14.12
2025-01-22 18:30:00,Two-Wheeler,51.79293669252724,7,4,87.35349042009298,5.66
2025-01-22 18:45:00,Bus,45.5844515668707,11,5,65.62350339101457,11.43
2025-01-22 19:00:00,Bus,34.430405055642254,11,1,70.37327167864032,10.14
2025-01-22 19:15:00,Car,29.908075958828068,11,6,95.53700404971534,14.48
2025-01-22 19:30:00,Two-Wheeler,47.824723060360824,11,1,61.82090046850061,12.83
2025-01-22 19:45:00,Bus,23.30516426405702,11,9,99.95594675867292,14.74
2025-01-22 20:00:00,Two-Wheeler,68.63741993018517,22,12,100.0,14.97
2025-01-22 20:15:00,Car,81.31622818502117,22,4,83.66644502152894,8.24
2025-01-22 20:30:00,Car,50.55818122253037,50,2,74.28833547292763,6.54
2025-01-22 20:45:00,Bus,46.367255842749124,22,1,61.468105072435705,8.01
2025-01-22 21:00:00,Car,45.52586108814035,22,4,86.54853657563041,5.57
2025-01-22 21:15:00,Car,12.882919338131364,11,4,65.66141083824529,9.14
2025-01-22 21:30:00,Two-Wheeler,48.653951683549735,11,1,69.37583302979965,14.6
2025-01-22 21:45:00,Bus,31.123844232639165,50,5,71.63620177202758,11.59
2025-01-22 22:00:00,Car,22.204490880078612,22,2,28.460023497826896,12.98
2025-01-22 22:15:00,Bus,36.986020945710486,22,2,21.285260615519665,6.79
2025-01-22 22:30:00,Car,23.286568996698513,22,7,19.903274167225455,14.33
2025-01-22 22:45:00,Two-Wheeler,42.171868956471585,22,3,24.635716702469843,6.19
2025-01-22 23:00:00,Car,57.40334702621247,7,7,17.045059652258473,7.67
2025-01-22 23:15:00,Bus,23.874678729352567,7,7,32.591560414985736,8.61
2025-01-22 23:30:00,Car,68.24076819621307,50,6,22.388547171690796,12.49
2025-01-22 23:45:00,Bus,64.81281523126357,11,3,13.92553021030498,6.51
2025-01-23 00:00:00,Car,17.336622746614562,50,4,30.090836020245913,12.06
2025-01-23 00:15:00,Two-Wheeler,20.74575568819907,7,5,34.40974181274129,10.83
2025-01-23 00:30:00,Bus,16.367905530443828,7,0,14.653563536441702,11.62
2025-01-23 00:45:00,Bus,87.94810701007967,11,2,27.847041254123116,8.32
2025-01-23 01:00:00,Two-Wheeler,46.26040389086155,11,6,34.75307571115957,7.12
2025-01-23 01:15:00,Car,69.67192482881704,11,4,24.351976497508765,8.23
2025-01-23 01:30:00,Car,19.83509722933795,22,1,25.90440253383036,11.46
2025-01-23 01:45:00,Bus,45.7274140449423,7,7,28.488551945145524,5.13
2025-01-23 02:00:00,Two-Wheeler,14.32817021879669,7,0,18.636579919304726,13.73
2025-01-23 02:15:00,Bus,38.14032503469431,7,6,35.215125699829414,13.92
2025-01-23 02:30:00,Car,25.83467777073379,7,2,16.211671072571985,12.42
2025-01-23 02:45:00,Two-Wheeler,64.85667441852576,22,3,32.02643565823681,6.92
2025-01-23 03:00:00,Car,39.4994800983335,11,7,28.70896582969246,12.13
2025-01-23 03:15:00,Bus,26.490323876334262,7,5,30.861289873179018,14.63
2025-01-23 03:30:00,Two-Wheeler,63.12303977878337,50,6,29.2520100576057,12.47
2025-01-23 03:45:00,Two-Wheeler,26.047598693507066,7,4,14.364280618639558,8.67
2025-01-23 04:00:00,Two-Wheeler,28.649483307189072,7,1,11.419699635125694,7.73
2025-01-23 04:15:00,Two-Wheeler,61.71777874060147,7,5,29.817252599235466,6.1
2025-01-23 04:30:00,Car,27.302135484344806,11,2,28.533660545423416,5.02
2025-01-23 04:45:00,Bus,41.56953066594078,22,3,16.84125230164425,8.15
2025-01-23 05:00:00,Car,24.793499842450544,50,5,16.599719158813933,11.02
2025-01-23 05:15:00,Car,17.196570051491623,50,13,35.43191541889395,12.29
2025-01-23 05:30:00,Bus,32.213916370826986,22,8,35.14807360022382,13.0
2025-01-23 05:45:00,Car,16.766211652890334,22,7,28.37721594722355,7.57
2025-01-23 06:00:00,Two-Wheeler,32.25675758519314,7,2,20.48838318335283,6.15
2025-01-23 06:15:00,Car,19.88365208566802,22,1,13.05592045962738,9.47
2025-01-23 06:30:00,Bus,59.483833636001684,50,4,31.418047432678488,7.21
2025-01-23 06:45:00,Bus,35.89710424515699,7,7,22.6702007130322,13.72
2025-01-23 07:00:00,Bus,32.17252650315081,7,8,100.0,12.45
2025-01-23 07:15:00,Bus,46.12365178653393,7,8,82.20866456526238,5.46
2025-01-23 07:30:00,Car,84.15198594798173,7,5,85.93310374852173,14.13
2025-01-23 07:45:00,Car,84.73032630245683,11,5,72.14591150233433,11.23
2025-01-23 08:00:00,Bus,19.54303794773681,7,2,68.1472329575535,11.16
2025-01-23 08:15:00,Two-Wheeler,23.540482484262185,50,2,65.48258813251869,9.89
2025-01-23 08:30:00,Two-Wheeler,28.823151177084092,7,1,75.40360383254203,9.77
2025-01-23 08:45:00,Bus,53.66678842154138,22,4,74.67226701246645,10.36
2025-01-23 09:00:00,Bus,24.297944593016908,50,6,70.62650884735403,12.31
2025-01-23 09:15:00,Car,50.22937163755239,50,3,93.68458244719997,8.81
2025-01-23 09:30:00,Two-Wheeler,32.04292168694786,50,7,100.0,8.07
2025-01-23 09:45:00,Two-Wheeler,52.06165622096764,7,6,77.44483631295148,9.93
2025-01-23 10:00:00,Two-Wheeler,55.988190185844445,7,5,90.78786873404472,14.1
2025-01-23 10:15:00,Car,22.177211949742645,50,5,75.65579666483879,12.18
2025-01-23 10:30:00,Two-Wheeler,70.21145839164808,7,4,64.88885763041532,11.36
2025-01-23 10:45:00,Bus,24.56820770283029,11,7,92.09955506560533,6.8
2025-01-23 11:00:00,Two-Wheeler,41.61321393403505,7,5,50.12184448051978,9.76
2025-01-23 11:15:00,Car,48.95879246891293,11,0,36.49412589868861,11.34
2025-01-23 11:30:00,Car,26.66859379342838,22,0,36.85298948258936,12.03
2025-01-23 11:45:00,Car,34.857062350851685,11,2,35.64836344871603,7.66
2025-01-23 12:00:00,Car,24.24563433199164,7,10,52.89324503324099,9.65
2025-01-23 12:15:00,Bus,89.86356277434922,50,2,43.14204093799999,11.06
2025-01-23 12:30:00,Two-Wheeler,66.97573180930624,11,3,41.879496411486244,8.22
2025-01-23 12:45:00,Car,15.84630058723098,50,1,41.882106043626294,15.0
2025-01-23 13:00:00,Two-Wheeler,36.46397327391958,50,8,51.950060390800786,7.96
2025-01-23 13:15:00,Car,76.07084763504245,50,2,33.349434132365246,5.29
2025-01-23 13:30:00,Car,34.75977115530011,50,1,50.54777819442174,11.09
2025-01-23 13:45:00,Car,20.870661999481573,50,0,37.77579447562996,11.99
2025-01-23 14:00:00,Two-Wheeler,55.47681890682008,7,5,57.21182090023614,12.76
2025-01-23 14:15:00,Two-Wheeler,49.63471063064037,50,4,46.78334309080407,6.87
2025-01-23 14:30:00,Two-Wheeler,38.903392571491516,7,0,55.806169116201794,9.46
2025-01-23 14:45:00,Car,32.41917523098475,50,3,50.58830545258856,7.54
2025-01-23 15:00:00,Two-Wheeler,62.77476050123724,7,3,37.52927044541642,13.06
2025-01-23 15:15:00,Bus,11.74849811744625,22,4,55.49159673654735,13.86
2025-01-23 15:30:00,Two-Wheeler,23.60207032159501,50,6,39.245599719739815,13.16
2025-01-23 15:45:00,Car,71.50632306931611,7,7,55.61016592185999,11.65
2025-01-23 16:00:00,Bus,16.67866615426959,11,8,67.56445251714806,5.75
2025-01-23 16:15:00,Car,41.684464555379364,50,9,43.27327901497306,5.4
2025-01-23 16:30:00,Car,18.02886438447022,11,0,43.2224820111473,13.44
2025-01-23 16:45:00,Two-Wheeler,57.143490175231065,7,0,51.07491350471736,11.63
2025-01-23 17:00:00,Car,41.11713642620128,11,1,79.18173610110163,14.0
2025-01-23 17:15:00,Bus,35.0986583807594,22,0,98.45178084563666,9.58
2025-01-23 17:30:00,Car,16.224284655164652,11,4,100.0,7.72
2025-01-23 17:45:00,Two-Wheeler,23.462153027591416,22,4,84.81022338453708,10.29
2025-01-23 18:00:00,Bus,65.94366464310878,7,5,85.87157644977864,6.62
2025-01-23 18:15:00,Two-Wheeler,23.456691237485657,22,10,99.10509162284036,6.44
2025-01-23 18:30:00,Bus,33.15162767003707,50,4,81.73493019355733,11.05
2025-01-23 18:45:00,Bus,53.240864410687216,22,4,100.0,9.57
2025-01-23 19:00:00,Bus,35.236749468611414,22,5,67.4930200953631,8.79
2025-01-23 19:15:00,Two-Wheeler,29.02302006231895,50,4,68.17456398177579,8.5
2025-01-23 19:30:00,Car,43.92084329697368,22,3,73.7736799899902,13.62
2025-01-23 19:45:00,Bus,46.87144575972875,11,5,93.87278948842177,5.82
2025-01-23 20:00:00,Bus,54.35801559253498,7,4,96.10174275906226,14.27
2025-01-23 20:15:00,Two-Wheeler,33.30381995997237,7,6,66.6069193668734,14.54
2025-01-23 20:30:00,Car,50.88444938223401,22,8,71.49361656455778,9.17
2025-01-23 20:45:00,Two-Wheeler,47.69775129629765,11,7,83.7113468525291,6.26
2025-01-23 21:00:00,Two-Wheeler,51.23355095232871,50,9,100.0,9.1
2025-01-23 21:15:00,Bus,65.77373319144891,7,4,79.83015400894381,6.26
2025-01-23 21:30:00,Two-Wheeler,62.64345788088412,11,0,62.15100511794863,12.79
2025-01-23 21:45:00,Two-Wheeler,42.27007954576399,7,4,93.67037907563855,13.77
2025-01-23 22:00:00,Two-Wheeler,27.214557500790136,7,3,18.27127778371035,7.3
2025-01-23 22:15:00,Bus,44.060491013611255,11,7,17.408663321430502,10.19
2025-01-23 22:30:00,Two-Wheeler,59.076855273593466,11,2,27.586133023768628,8.23
2025-01-23 22:45:00,Two-Wheeler,26.120715440796292,50,2,23.551553197639375,7.52
2025-01-23 23:00:00,Bus,46.64709998602856,11,0,20.168253990546905,11.6
2025-01-23 23:15:00,Two-Wheeler,81.76265354114511,22,3,28.932574241346074,7.72
2025-01-23 23:30:00,Bus,15.2209865848667,11,4,26.74856952750539,11.16
2025-01-23 23:45:00,Bus,58.78221880036435,7,5,25.38214367403271,5.5
2025-01-24 00:00:00,Car,61.453619683700786,22,8,22.754256405055095,12.51
2025-01-24 00:15:00,Car,17.20033429218347,22,6,23.273362268743462,12.92
2025-01-24 00:30:00,Bus,62.00815985732051,22,0,27.118015263010317,10.68
2025-01-24 00:45:00,Bus,35.377788162299424,7,4,19.098531320418182,14.15
2025-01-24 01:00:00,Car,28.09961862343676,50,7,26.77611815469884,12.32
2025-01-24 01:15:00,Bus,52.94093236457791,50,3,28.237422679074783,7.31
2025-01-24 01:30:00,Two-Wheeler,43.81416419520419,11,8,29.301031725808066,11.15
2025-01-24 01:45:00,Car,53.372917782885594,7,1,26.41097961387136,14.8
2025-01-24 02:00:00,Car,67.00455390224197,22,8,19.21195392924987,14.18
2025-01-24 02:15:00,Car,84.66549647253643,7,0,11.371869808157914,8.81
2025-01-24 02:30:00,Bus,43.96919578871773,11,6,17.491037697404643,9.83
2025-01-24 02:45:00,Two-Wheeler,22.343826352767728,50,2,14.91576070441126,8.64
2025-01-24 03:00:00,Two-Wheeler,40.257934128935815,50,1,23.1292737035113,12.41
2025-01-24 03:15:00,Car,64.24942980831347,50,6,20.83769295965575,5.63
2025-01-24 03:30:00,Bus,17.264211212555406,22,2,16.476198501910613,12.36
2025-01-24 03:45:00,Car,25.782081137695137,11,7,25.933354489228307,11.66
2025-01-24 04:00:00,Car,25.261947399262446,7,5,28.872004456934874,11.78
2025-01-24 04:15:00,Car,39.355174509626146,11,5,20.64938460654996,5.53
2025-01-24 04:30:00,Two-Wheeler,44.48709837461642,7,6,20.706167961507415,6.75
2025-01-24 04:45:00,Two-Wheeler,29.136249027072367,11,1,28.041900360940907,12.71
2025-01-24 05:00:00,Two-Wheeler,18.562869968252215,7,6,22.74657553667184,14.64
2025-01-24 05:15:00,Car,41.24977875382772,22,6,35.20350877436667,11.87
2025-01-24 05:30:00,Bus,33.54734709313076,7,4,16.611466615732798,12.15
2025-01-24 05:45:00,Bus,13.593534911764074,50,1,29.340485047556744,12.55
2025-01-24 06:00:00,Two-Wheeler,46.6155561409429,7,2,27.26921353067364,6.67
2025-01-24 06:15:00,Bus,58.58510871475312,7,9,21.60698413324968,8.21
2025-01-24 06:30:00,Bus,18.535820399072193,22,1,25.29597215466191,11.25
2025-01-24 06:45:00,Bus,86.35086426345245,7,9,35.86979511188021,9.18
2025-01-24 07:00:00,Bus,41.232153700442225,7,10,89.23210031349012,12.21
2025-01-24 07:15:00,Car,45.403626093697206,7,3,80.08532076790286,6.2
2025-01-24 07:30:00,Bus,31.643445684115324,11,12,83.23547746438652,9.63
2025-01-24 07:45:00,Car,54.359720380415474,7,4,75.585840415229,12.93
2025-01-24 08:00:00,Car,53.64063219541573,11,5,74.386074772123,12.6
2025-01-24 08:15:00,Car,16.310368316984384,11,5,69.20827715972065,11.84
2025-01-24 08:30:00,Bus,11.083589379549462,22,4,77.08972516000193,14.84
2025-01-24 08:45:00,Two-Wheeler,48.60984083508738,7,0,90.71086280773889,11.86
2025-01-24 09:00:00,Bus,41.54568762801342,50,11,84.09174574283549,11.9
2025-01-24 09:15:00,Bus,33.72797347197566,50,6,81.97101536062308,12.46
2025-01-24 09:30:00,Car,47.0702742834187,7,0,88.70187073153335,11.0
2025-01-24 09:45:00,Bus,18.490621587518596,22,1,70.24218478182031,14.86
2025-01-24 10:00:00,Car,45.4470525966151,50,5,97.77144945136413,12.67
2025-01-24 10:15:00,Two-Wheeler,72.65988901059981,11,7,86.87264322159939,5.46
2025-01-24 10:30:00,Bus,10.250929383430986,50,0,94.23657901728177,12.54
2025-01-24 10:45:00,Car,29.667636582284725,11,4,100.0,12.87
2025-01-24 11:00:00,Two-Wheeler,24.882210231304228,7,7,66.90732667893317,12.69
2025-01-24 11:15:00,Car,59.79646291106689,50,2,48.46445990489639,14.06
2025-01-24 11:30:00,Car,59.29178732367076,7,9,56.34486601798391,10.43
2025-01-24 11:45:00,Car,28.621112552574573,11,5,56.46380800024242,10.29
2025-01-24 12:00:00,Two-Wheeler,21.442841888669555,50,6,65.92374986518794,14.69
2025-01-24 12:15:00,Two-Wheeler,25.8667208290189,7,4,41.630041405180854,13.92
2025-01-24 12:30:00,Bus,20.306379283822046,7,4,49.821329892941904,5.75
2025-01-24 12:45:00,Two-Wheeler,12.813130920874443,11,11,49.32556371643522,11.25
2025-01-24 13:00:00,Bus,65.00094347146117,50,4,41.324789686918656,14.18
2025-01-24 13:15:00,Bus,23.048750806178425,50,2,54.30912996679159,7.03
2025-01-24 13:30:00,Two-Wheeler,40.44352519047203,50,2,34.7535629294562,12.77
2025-01-24 13:45:00,Bus,12.87926833996291,7,5,45.76775143646357,6.48
2025-01-24 14:00:00,Car,60.117832666830836,7,7,41.78324234860637,11.9
2025-01-24 14:15:00,Car,18.96554572042763,7,6,43.398202910407065,12.39
2025-01-24 14:30:00,Car,51.115838889639576,22,0,34.86959586255036,7.06
2025-01-24 14:45:00,Bus,18.511467478714316,11,5,49.1428954589651,5.68
2025-01-24 15:00:00,Car,15.052575546233143,7,13,45.70723953002251,7.84
2025-01-24 15:15:00,Bus,26.44337232692555,22,5,52.26400666558961,13.26
2025-01-24 15:30:00,Two-Wheeler,59.187592939762744,11,2,52.85917032806889,12.25
2025-01-24 15:45:00,Two-Wheeler,31.21772481280367,50,8,40.36864480794705,12.27
2025-01-24 16:00:00,Two-Wheeler,48.460884044237076,50,5,63.675586234018745,14.94
2025-01-24 16:15:00,Two-Wheeler,38.85533407071981,11,4,57.624687058881214,5.74
2025-01-24 16:30:00,Two-Wheeler,72.5921279927957,7,9,63.88380281943665,13.99
2025-01-24 16:45:00,Bus,48.31758958214947,7,4,48.92091760650153,11.66
2025-01-24 17:00:00,Car,55.62392192014139,11,4,80.32040925990147,8.24
2025-01-24 17:15:00,Two-Wheeler,52.59915172102285,11,7,75.61193189285784,8.36
2025-01-24 17:30:00,Two-Wheeler,12.841531646179563,50,0,71.36842347676253,5.62
2025-01-24 17:45:00,Bus,27.93445078863303,22,6,82.19181623446953,10.39
2025-01-24 18:00:00,Bus,52.5584739426635,7,7,97.53111539707908,12.3
2025-01-24 18:15:00,Car,41.31289054877477,22,7,69.34165687800312,9.01
2025-01-24 18:30:00,Two-Wheeler,78.53847756604075,11,6,75.6991852558247,10.23
2025-01-24 18:45:00,Two-Wheeler,31.94958574617607,50,7,71.86477834854225,12.45
2025-01-24 19:00:00,Car,22.999249277255952,11,3,93.95968282268582,5.08
2025-01-24 19:15:00,Car,43.296113634881095,22,2,75.49666497519854,14.42
2025-01-24 19:30:00,Two-Wheeler,82.67867291755499,11,4,77.73725527158999,8.69
2025-01-24 19:45:00,Car,53.861990913220446,7,6,87.59374090170809,8.23
2025-01-24 20:00:00,Car,32.13131998430555,11,2,76.33702969520596,14.06
2025-01-24 20:15:00,Car,39.99492119533095,22,6,91.21664113676474,5.69
2025-01-24 20:30:00,Bus,80.55581389365882,22,10,90.20764915011077,10.93
2025-01-24 20:45:00,Car,74.18018089993606,50,6,89.08468628903805,5.86
2025-01-24 21:00:00,Bus,17.380216797552176,50,7,75.97255637223141,5.32
2025-01-24 21:15:00,Car,70.47575795876006,22,7,97.0755916656791,6.53
2025-01-24 21:30:00,Car,40.077336675774966,7,6,100.0,14.52
2025-01-24 21:45:00,Two-Wheeler,37.58481946658136,22,6,76.0053641734817,5.05
2025-01-24 22:00:00,Bus,43.94212210626571,50,3,26.062728216362466,12.09
2025-01-24 22:15:00,Bus,60.65616663747844,7,5,19.106372484665677,12.05
2025-01-24 22:30:00,Bus,77.39833909283807,22,2,16.961205390259288,5.39
2025-01-24 22:45:00,Two-Wheeler,16.397995832549142,7,9,37.88925015021081,8.93
2025-01-24 23:00:00,Bus,35.29887719337308,11,5,16.078949536722245,6.55
2025-01-24 23:15:00,Two-Wheeler,29.06436131950666,22,5,23.71596749708658,12.1
2025-01-24 23:30:00,Bus,86.12155463689328,50,6,25.59254474434845,9.74
2025-01-24 23:45:00,Two-Wheeler,45.85046041352419,7,0,16.872439922542757,6.15
2025-01-25 00:00:00,Two-Wheeler,78.23625128739779,22,3,24.722142358744456,8.19
2025-01-25 00:15:00,Car,29.374223232651275,11,2,13.882935045664471,7.2
2025-01-25 00:30:00,Car,41.23288930211671,7,1,20.97115280563552,8.7
2025-01-25 00:45:00,Car,18.637527775572906,22,4,27.233687124733297,9.11
2025-01-25 01:00:00,Car,39.50291531264544,11,3,25.108331687034983,10.02
2025-01-25 01:15:00,Bus,88.7789011477506,7,4,23.68850390783878,6.33
2025-01-25 01:30:00,Two-Wheeler,15.847502035738554,22,5,16.164869055429424,10.63
2025-01-25 01:45:00,Bus,60.45720834159116,7,1,15.473842866641267,11.39
2025-01-25 02:00:00,Car,49.83343505243957,11,8,30.019146213440084,6.12
2025-01-25 02:15:00,Bus,26.379346764909137,22,6,23.654946484151974,5.11
2025-01-25 02:30:00,Bus,41.46093873527409,11,6,22.095779993471595,9.81
2025-01-25 02:45:00,Two-Wheeler,42.221467982177536,22,5,15.28614570093244,13.9
2025-01-25 03:00:00,Two-Wheeler,57.126147316851686,22,5,17.133054348558602,10.58
2025-01-25 03:15:00,Two-Wheeler,63.47835002573301,50,9,21.194223377201297,10.16
2025-01-25 03:30:00,Bus,35.09021043283648,22,1,18.942460512102382,5.71
2025-01-25 03:45:00,Two-Wheeler,24.595274063945585,11,4,17.64827780303932,9.88
2025-01-25 04:00:00,Car,27.017374513685457,22,0,10.28740411853498,5.21
2025-01-25 04:15:00,Two-Wheeler,21.897202500469316,50,6,26.80186842195429,5.81
2025-01-25 04:30:00,Bus,23.064574223681124,22,4,18.764281056582952,12.7
2025-01-25 04:45:00,Car,18.974643859288665,22,0,18.265020064665528,9.91
2025-01-25 05:00:00,Car,45.063146905103885,11,7,32.9462828817325,8.19
2025-01-25 05:15:00,Bus,15.841443556261368,50,7,31.047029217302132,13.54
2025-01-25 05:30:00,Car,26.268706840708465,11,6,33.84754229186599,5.51
2025-01-25 05:45:00,Car,53.08670382938665,11,4,15.287682118573617,9.17
2025-01-25 06:00:00,Bus,52.64215974481565,50,5,26.54354390742685,10.18
2025-01-25 06:15:00,Car,85.26758764897205,50,0,14.519150812753045,8.5
2025-01-25 06:30:00,Two-Wheeler,21.342952552047556,50,2,29.687723349077167,7.52
2025-01-25 06:45:00,Bus,47.826708689273445,7,0,20.68712305800517,13.66
2025-01-25 07:00:00,Bus,72.15425492642424,22,8,85.56723785997683,5.8
2025-01-25 07:15:00,Car,79.21695932981737,11,10,95.14999412777848,13.1
2025-01-25 07:30:00,Bus,20.59241593301699,22,6,96.31936154020326,9.01
2025-01-25 07:45:00,Two-Wheeler,26.989801083771148,22,10,90.98160090815843,11.45
2025-01-25 08:00:00,Bus,16.63853438272515,7,8,89.07661783580568,10.42
2025-01-25 08:15:00,Two-Wheeler,12.097239707536408,50,7,89.93313970444655,14.68
2025-01-25 08:30:00,Bus,61.31917938786651,22,2,72.92297173474188,7.02
2025-01-25 08:45:00,Two-Wheeler,35.491281104573275,22,6,97.8689345323746,10.67
2025-01-25 09:00:00,Two-Wheeler,23.020653487421935,11,7,77.1333568256386,7.8
2025-01-25 09:15:00,Car,17.565144992969334,50,1,64.5029126906492,9.95
2025-01-25 09:30:00,Bus,27.307574245433592,11,7,88.83265686209249,7.96
2025-01-25 09:45:00,Two-Wheeler,46.07154916562019,50,9,84.55886565233013,11.89
2025-01-25 10:00:00,Bus,43.86565904144253,11,7,75.203393278879,9.61
2025-01-25 10:15:00,Two-Wheeler,13.235449702902738,11,4,77.97931908896057,11.8
2025-01-25 10:30:00,Two-Wheeler,55.560367247206585,50,11,100.0,8.67
2025-01-25 10:45:00,Car,25.001104145452473,50,1,61.87705719155693,9.45
2025-01-25 11:00:00,Car,21.119146363999977,11,11,56.42123274735598,13.3
2025-01-25 11:15:00,Bus,16.22693481128304,22,4,56.60156272046828,14.72
2025-01-25 11:30:00,Bus,41.46058777271251,22,9,59.840472523059134,14.88
2025-01-25 11:45:00,Two-Wheeler,50.804911317658494,50,7,43.69146904966071,7.76
2025-01-25 12:00:00,Car,59.90556920897664,7,8,39.84526223504845,14.72
2025-01-25 12:15:00,Car,23.686092567855233,50,7,41.2936154338118,12.12
2025-01-25 12:30:00,Two-Wheeler,46.67456101673334,22,5,56.364949394108976,14.33
2025-01-25 12:45:00,Bus,59.09422483411131,11,0,33.672599981890684,8.02
2025-01-25 13:00:00,Two-Wheeler,23.474036565202596,22,7,46.733519609390186,8.79
2025-01-25 13:15:00,Car,49.93069789842131,7,8,62.64525550694276,10.09
2025-01-25 13:30:00,Bus,24.831711718816504,50,8,43.50713307959441,14.02
2025-01-25 13:45:00,Two-Wheeler,64.75436868207538,11,4,35.797912993566754,7.36
2025-01-25 14:00:00,Two-Wheeler,18.101183409996956,11,4,40.66278493337688,12.42
2025-01-25 14:15:00,Car,56.35530980053556,50,0,52.05743717905917,6.03
2025-01-25 14:30:00,Two-Wheeler,46.58659062739432,7,8,61.63025542144343,12.34
2025-01-25 14:45:00,Car,47.78260313273825,7,3,42.783969810484976,9.44
2025-01-25 15:00:00,Car,45.08489147426239,50,8,55.393614757511784,6.46
2025-01-25 15:15:00,Two-Wheeler,39.26737397092055,11,6,64.3941848789234,8.43
2025-01-25 15:30:00,Two-Wheeler,83.30286685983242,22,6,56.07870714459558,12.6
2025-01-25 15:45:00,Two-Wheeler,24.371577106947655,7,0,39.28868678778469,11.85
2025-01-25 16:00:00,Bus,60.19327755122022,50,7,61.94960462830585,8.3
2025-01-25 16:15:00,Two-Wheeler,32.310535794669526,11,9,44.341963149741964,12.91
2025-01-25 16:30:00,Car,39.674251793011564,50,6,49.28262857251855,12.25
2025-01-25 16:45:00,Car,23.952033636108872,7,7,48.53636537927615,13.69
2025-01-25 17:00:00,Two-Wheeler,14.652418859979132,50,4,90.74250102248439,8.08
2025-01-25 17:15:00,Car,34.014809339229,50,5,92.64360745980662,14.32
2025-01-25 17:30:00,Two-Wheeler,51.05722668457852,11,9,100.0,13.78
2025-01-25 17:45:00,Bus,81.15913211101036,22,2,64.12973148255944,7.4
2025-01-25 18:00:00,Two-Wheeler,30.598227465922943,11,3,65.65522429117405,8.8
2025-01-25 18:15:00,Car,22.826478764964286,50,4,77.05237927293452,5.72
2025-01-25 18:30:00,Two-Wheeler,31.223597543678455,50,1,61.309005650134786,8.44
2025-01-25 18:45:00,Bus,28.692179753329338,11,5,72.44390271131617,11.56
2025-01-25 19:00:00,Car,8.359059888930044,50,5,73.58578855959023,14.9
2025-01-25 19:15:00,Two-Wheeler,17.265664900629606,7,7,100.0,11.05
2025-01-25 19:30:00,Car,18.2600159408561,50,9,100.0,6.9
2025-01-25 19:45:00,Car,49.545516038328216,7,1,70.25279203619395,11.36
2025-01-25 20:00:00,Car,44.00623618432166,7,3,81.24270921589195,13.18
2025-01-25 20:15:00,Car,74.04674223901725,50,3,73.20345724477173,6.92
2025-01-25 20:30:00,Two-Wheeler,37.96836107142699,7,6,81.84890960530302,6.33
2025-01-25 20:45:00,Bus,68.30462957541879,11,3,100.0,12.05
2025-01-25 21:00:00,Bus,38.0409311766245,22,5,89.38571170336695,15.0
2025-01-25 21:15:00,Bus,49.1075273198324,22,6,68.53797214640151,11.93
2025-01-25 21:30:00,Bus,69.49581254721963,22,2,75.58023629087376,14.43
2025-01-25 21:45:00,Bus,28.000973302490024,7,3,66.14828005474065,6.75
2025-01-25 22:00:00,Car,23.99855861548853,22,5,17.206844555775547,6.02
2025-01-25 22:15:00,Two-Wheeler,79.99947052783183,50,8,20.57933687703268,8.78
2025-01-25 22:30:00,Bus,87.6729980217513,11,1,22.182158411757,7.79
2025-01-25 22:45:00,Car,27.045170847553774,22,4,19.96231106788207,7.23
2025-01-25 23:00:00,Car,87.59152284317844,7,8,21.188524137766038,11.35
2025-01-25 23:15:00,Bus,40.53666273907912,11,0,11.330167909331637,9.25
2025-01-25 23:30:00,Bus,13.314703695162926,50,7,23.55996696742079,10.25
2025-01-25 23:45:00,Car,58.478240518629136,50,3,22.860972925741137,13.01
2025-01-26 00:00:00,Two-Wheeler,42.34588438888083,22,6,26.379477118887753,8.86
2025-01-26 00:15:00,Car,43.1703587615907,22,5,27.79147746664162,9.46
2025-01-26 00:30:00,Two-Wheeler,24.6050353767342,7,7,33.154605591650565,8.54
2025-01-26 00:45:00,Car,34.90653856044891,50,4,26.905319181330334,13.69
2025-01-26 01:00:00,Car,35.365914149335296,11,2,29.768522843757136,10.73
2025-01-26 01:15:00,Car,32.21271104649229,50,3,22.77786285727485,6.64
2025-01-26 01:30:00,Car,59.0477152910031,11,2,17.53495128747052,14.44
2025-01-26 01:45:00,Bus,51.311493202661886,50,0,20.557927680867852,10.28
2025-01-26 02:00:00,Bus,18.343347313212615,50,9,20.692998692128214,14.5
2025-01-26 02:15:00,Car,51.192451033821584,7,4,28.667391030152075,12.92
2025-01-26 02:30:00,Bus,49.48719089166649,11,8,27.73000828205427,13.35
2025-01-26 02:45:00,Two-Wheeler,42.39010875523719,22,0,10.944725473794277,5.53
2025-01-26 03:00:00,Car,19.94670568617767,22,0,21.665505568335846,9.84
2025-01-26 03:15:00,Two-Wheeler,78.18506636415087,50,5,16.883849141662743,10.32
2025-01-26 03:30:00,Two-Wheeler,19.675716909379734,7,8,20.320370225582792,5.93
2025-01-26 03:45:00,Car,24.713356733881447,11,0,28.969212886058656,12.0
2025-01-26 04:00:00,Two-Wheeler,48.81806877156767,50,0,15.45143338836829,7.2
2025-01-26 04:15:00,Bus,22.425562318283852,11,3,28.14711541410105,12.93
2025-01-26 04:30:00,Car,55.280236832885066,22,3,13.896808736798256,12.14
2025-01-26 04:45:00,Car,40.361385094925154,7,3,22.327282376652228,10.31
2025-01-26 05:00:00,Two-Wheeler,21.886809295391426,11,6,29.266517157633352,6.04
2025-01-26 05:15:00,Bus,18.186281691577715,11,3,29.06092253119747,14.45
2025-01-26 05:30:00,Two-Wheeler,29.31380442375026,11,4,27.13060872376372,5.56
2025-01-26 05:45:00,Car,19.902821690685684,50,2,14.64634031714201,9.54
2025-01-26 06:00:00,Bus,49.06768761150151,22,8,37.58928899411025,11.78
2025-01-26 06:15:00,Car,20.968608758835046,11,3,31.070871850704275,14.11
2025-01-26 06:30:00,Car,27.002211898861002,11,1,19.0823236309232,10.55
2025-01-26 06:45:00,Two-Wheeler,67.13527968258022,11,5,20.010097382539165,11.95
2025-01-26 07:00:00,Bus,24.91326088028611,50,2,96.3792208743889,9.32
2025-01-26 07:15:00,Bus,37.58384100353528,22,5,75.27880310876577,8.62
2025-01-26 07:30:00,Two-Wheeler,17.932178347334972,11,6,74.91063505667799,14.69
2025-01-26 07:45:00,Bus,43.82013749494263,22,6,100.0,6.26
2025-01-26 08:00:00,Car,34.421110917743285,50,5,78.33857713836625,12.53
2025-01-26 08:15:00,Bus,34.53515831232312,7,6,67.58916613458763,6.47
2025-01-26 08:30:00,Two-Wheeler,35.51718445755333,22,5,79.21170627222097,6.64
2025-01-26 08:45:00,Bus,24.34103303202698,50,9,89.8066473609717,14.86
2025-01-26 09:00:00,Bus,23.072138969838434,22,1,91.35391694082188,14.15
2025-01-26 09:15:00,Car,33.16266827676389,22,1,95.46669034713014,7.03
2025-01-26 09:30:00,Two-Wheeler,40.54357725246157,11,8,92.29985190927522,6.9
2025-01-26 09:45:00,Bus,49.375034875362445,22,1,79.81235262929671,10.6
2025-01-26 10:00:00,Two-Wheeler,38.67749005154455,22,1,87.07045356272404,5.66
2025-01-26 10:15:00,Car,16.446395276064766,22,0,80.60747835490464,10.2
2025-01-26 10:30:00,Car,20.06486045282567,22,1,62.3437275631803,8.38
2025-01-26 10:45:00,Bus,21.838838437345895,11,4,86.55616202423457,12.09
2025-01-26 11:00:00,Two-Wheeler,70.77908966351158,22,8,39.08403619446081,10.67
2025-01-26 11:15:00,Two-Wheeler,76.1826283967406,11,5,57.253307338805165,13.82
2025-01-26 11:30:00,Two-Wheeler,24.404070761989427,7,4,55.93616747636485,7.71
2025-01-26 11:45:00,Car,23.142251942650578,50,7,60.07750540468086,6.59
2025-01-26 12:00:00,Car,24.53678470436331,22,3,47.5361325064217,11.87
2025-01-26 12:15:00,Car,30.039272600746486,50,7,42.85317417018483,8.14
2025-01-26 12:30:00,Bus,51.69902350154641,11,3,53.52593230424042,6.43
2025-01-26 12:45:00,Car,73.69370842741631,11,6,55.86496064084123,9.22
2025-01-26 13:00:00,Car,83.93736439338048,22,3,60.14829549582636,13.4
2025-01-26 13:15:00,Bus,89.50997365330144,50,6,47.76614732470601,10.12
2025-01-26 13:30:00,Car,34.99000593003702,11,5,50.63288206978261,14.72
2025-01-26 13:45:00,Two-Wheeler,30.322704653702942,22,8,56.29631381924318,5.41
2025-01-26 14:00:00,Two-Wheeler,73.32987338992933,50,6,57.23164980065176,7.01
2025-01-26 14:15:00,Bus,44.009161956141575,7,2,44.40873807832373,12.14
2025-01-26 14:30:00,Bus,30.865911863985843,11,5,39.52193252827813,5.44
2025-01-26 14:45:00,Car,32.496525177621926,22,10,59.97468292166777,7.0
2025-01-26 15:00:00,Two-Wheeler,46.759742801276815,22,2,53.94980057768066,9.7
2025-01-26 15:15:00,Car,51.33644172917598,50,6,51.23799801516188,14.35
2025-01-26 15:30:00,Two-Wheeler,43.45614622702,50,7,38.678438397958615,10.91
2025-01-26 15:45:00,Bus,14.192664381806603,11,2,48.35145189053417,11.72
2025-01-26 16:00:00,Bus,68.1198998144002,22,8,61.176564027986075,12.01
2025-01-26 16:15:00,Car,22.70794274462241,11,6,43.264340992177516,13.7
2025-01-26 16:30:00,Bus,49.26590152391455,50,6,63.04432744410049,10.19
2025-01-26 16:45:00,Two-Wheeler,12.931787958724426,22,9,63.5737530522824,5.12
2025-01-26 17:00:00,Two-Wheeler,30.833427401325494,22,7,88.09118047047892,8.58
2025-01-26 17:15:00,Two-Wheeler,24.263328730133075,7,3,71.06459448119486,8.54
2025-01-26 17:30:00,Car,29.0074049273608,50,5,76.59981612693207,5.95
2025-01-26 17:45:00,Bus,36.93110592224121,11,2,86.29732704109976,5.2
2025-01-26 18:00:00,Bus,8.333333333333334,50,0,84.91200553909239,6.15
2025-01-26 18:15:00,Two-Wheeler,49.98247233910726,50,5,94.61313939021434,9.62
2025-01-26 18:30:00,Car,78.34801040898027,7,0,82.27435022949047,12.56
2025-01-26 18:45:00,Car,14.563785148349433,11,6,72.80199571606637,5.74
2025-01-26 19:00:00,Two-Wheeler,30.77107726824239,11,3,82.63769376411832,8.81
2025-01-26 19:15:00,Bus,50.25739769582249,22,2,80.15399108185653,13.86
2025-01-26 19:30:00,Two-Wheeler,62.197340102717604,7,5,85.09767170298886,9.91
2025-01-26 19:45:00,Two-Wheeler,28.556318133524584,11,6,98.5244107388311,8.46
2025-01-26 20:00:00,Two-Wheeler,39.97454922109384,7,6,73.86745610605801,6.81
2025-01-26 20:15:00,Two-Wheeler,47.6302587092509,7,9,98.18565462167774,7.61
2025-01-26 20:30:00,Two-Wheeler,63.28225602640145,22,5,83.30736901695107,14.37
2025-01-26 20:45:00,Car,57.114466542232876,50,7,67.90555293714989,5.29
2025-01-26 21:00:00,Two-Wheeler,29.908200004293146,50,3,65.04892284115633,6.17
2025-01-26 21:15:00,Car,17.918208507931237,50,2,72.09008203628808,6.12
2025-01-26 21:30:00,Bus,76.11314257228715,7,5,82.2157916751034,7.8
2025-01-26 21:45:00,Car,30.44395029836555,11,2,64.65195921540783,7.86
2025-01-26 22:00:00,Car,71.5922129818606,22,3,17.128679894597283,14.3
2025-01-26 22:15:00,Bus,38.3558482269125,22,5,31.291702671356187,7.74
2025-01-26 22:30:00,Two-Wheeler,25.040864286858568,11,4,32.01747185074353,11.02
2025-01-26 22:45:00,Car,13.568163326475734,11,5,15.193903366687492,11.31
2025-01-26 23:00:00,Two-Wheeler,23.778126026659937,22,0,16.14951870411165,13.31
2025-01-26 23:15:00,Two-Wheeler,46.16914109023567,11,7,22.668917190108907,5.98
2025-01-26 23:30:00,Bus,34.62179487715967,22,6,23.21569283183058,13.77
2025-01-26 23:45:00,Car,38.10979557262399,7,12,38.88093930735728,14.49
2025-01-27 00:00:00,Bus,40.46884411556054,22,10,28.02625655487502,6.14
2025-01-27 00:15:00,Car,59.4727112089214,11,2,12.962524552297019,9.06
2025-01-27 00:30:00,Car,31.144982748783075,50,4,21.729919817534455,10.26
2025-01-27 00:45:00,Bus,47.313425711391176,22,3,26.53371266857297,9.15
2025-01-27 01:00:00,Two-Wheeler,15.75744721227386,11,0,20.52087249781911,5.11
2025-01-27 01:15:00,Bus,59.97582797752128,7,0,11.44746686035009,6.08
2025-01-27 01:30:00,Two-Wheeler,48.693161992450584,22,7,28.878881056137175,14.75
2025-01-27 01:45:00,Bus,18.900814141916488,22,0,25.439521584684215,13.36
2025-01-27 02:00:00,Bus,49.26037132383688,11,2,16.84752919298512,8.77
2025-01-27 02:15:00,Bus,53.66728435716798,50,5,28.759840372713604,7.58
2025-01-27 02:30:00,Bus,61.623999980530705,22,10,20.66345514070378,10.67
2025-01-27 02:45:00,Bus,8.8449207571377,22,2,24.966726403050473,9.7
2025-01-27 03:00:00,Bus,56.90978246587915,50,0,10.120015633479639,7.16
2025-01-27 03:15:00,Two-Wheeler,59.75731126739374,22,9,23.115410439087427,7.57
2025-01-27 03:30:00,Bus,44.13746260491413,22,4,28.828397817259997,6.59
2025-01-27 03:45:00,Two-Wheeler,74.20370280266543,50,5,29.1165379056422,14.2
2025-01-27 04:00:00,Two-Wheeler,33.540781820061795,22,3,14.292928392499459,5.91
2025-01-27 04:15:00,Car,31.698741447418772,11,2,27.610773852790004,12.13
2025-01-27 04:30:00,Two-Wheeler,34.426163625337054,50,2,25.55739068034908,7.13
2025-01-27 04:45:00,Car,42.08301557500933,7,2,15.507730081746907,11.49
2025-01-27 05:00:00,Car,70.75040261320709,50,1,26.136895922599685,12.98
2025-01-27 05:15:00,Bus,28.787661554775646,50,0,11.113327856086565,14.86
2025-01-27 05:30:00,Two-Wheeler,70.4742513610681,11,6,24.417970449514385,11.52
2025-01-27 05:45:00,Car,29.602232058946562,22,0,29.241168960552763,8.65
2025-01-27 06:00:00,Car,19.607277157096107,50,3,26.91461056064796,12.07
2025-01-27 06:15:00,Bus,51.38898415477569,7,4,20.746810200401963,13.02
2025-01-27 06:30:00,Car,24.67096500597926,7,1,24.62074910611136,11.66
2025-01-27 06:45:00,Car,72.55419024117832,11,6,16.526099872064982,10.9
2025-01-27 07:00:00,Two-Wheeler,25.700331482312137,50,4,78.69241792501853,14.84
2025-01-27 07:15:00,Bus,38.893578467947734,22,6,72.90631784596172,6.85
2025-01-27 07:30:00,Two-Wheeler,44.523629628727214,11,0,90.39857033220994,13.38
2025-01-27 07:45:00,Two-Wheeler,18.52185047572211,7,1,95.30234825450812,8.19
2025-01-27 08:00:00,Car,54.881525214854875,50,0,77.37134072880608,11.93
2025-01-27 08:15:00,Two-Wheeler,54.9597026700912,50,2,87.89387433822813,7.76
2025-01-27 08:30:00,Bus,61.336558448791834,7,8,69.91165935480485,5.46
2025-01-27 08:45:00,Car,21.96201312262053,22,5,82.83329564024933,9.86
2025-01-27 09:00:00,Bus,33.96683422350912,11,1,85.23467390047554,8.83
2025-01-27 09:15:00,Two-Wheeler,23.188564586598783,7,11,91.77890467437302,11.36
2025-01-27 09:30:00,Car,30.485270938243865,7,5,87.11467278147512,7.52
2025-01-27 09:45:00,Car,24.823104496596805,50,9,81.9586773132216,12.39
2025-01-27 10:00:00,Car,43.16841242460543,22,6,86.25539111130762,14.57
2025-01-27 10:15:00,Bus,46.60449512261736,50,3,100.0,13.14
2025-01-27 10:30:00,Bus,33.57080600110878,11,0,60.699331496341706,8.84
2025-01-27 10:45:00,Car,54.25384367894378,50,5,82.97767192965313,6.5
2025-01-27 11:00:00,Bus,16.092297780810313,50,4,51.95126164884924,7.79
2025-01-27 11:15:00,Car,62.684305124762574,11,4,45.54594089386508,5.29
2025-01-27 11:30:00,Car,50.849376359149474,50,5,49.167981403969364,8.09
2025-01-27 11:45:00,Two-Wheeler,78.45049707194809,50,3,37.66184500623448,11.72
2025-01-27 12:00:00,Two-Wheeler,50.50014482559809,11,5,51.13437093888149,7.46
2025-01-27 12:15:00,Bus,52.94744161668042,50,4,58.4602547841331,7.97
2025-01-27 12:30:00,Car,38.8102442392102,11,3,53.5890337723087,9.87
2025-01-27 12:45:00,Two-Wheeler,53.31492170028923,22,3,37.70015683750443,7.87
2025-01-27 13:00:00,Bus,28.528818045068,11,4,62.943512732362294,10.04
2025-01-27 13:15:00,Car,24.032898961816443,22,6,57.77710392794679,5.43
2025-01-27 13:30:00,Two-Wheeler,24.22993836943712,11,0,40.512268344541155,5.91
2025-01-27 13:45:00,Car,64.22260829784356,22,0,39.34828245897414,12.87
2025-01-27 14:00:00,Two-Wheeler,88.13719050294827,7,5,49.872578859810645,11.31
2025-01-27 14:15:00,Two-Wheeler,50.455089960145635,50,6,54.51665577502386,13.52
2025-01-27 14:30:00,Car,59.1040229228077,7,5,63.07801313735982,6.76
2025-01-27 14:45:00,Bus,25.969984590540403,7,3,57.49599295701614,11.03
2025-01-27 15:00:00,Car,26.661534833895818,50,2,45.4878351310095,10.66
2025-01-27 15:15:00,Car,26.575327989221545,11,2,43.17213689676662,11.96
2025-01-27 15:30:00,Car,16.827903774009293,11,6,50.93276817305704,8.66
2025-01-27 15:45:00,Bus,54.65612817930735,11,9,54.799668484888656,11.96
2025-01-27 16:00:00,Two-Wheeler,27.572301027352847,7,5,62.71509287111073,13.64
2025-01-27 16:15:00,Bus,26.821703867289248,11,2,60.343800251107155,14.76
2025-01-27 16:30:00,Two-Wheeler,30.84757153821052,50,10,49.665832719288616,13.44
2025-01-27 16:45:00,Car,37.99967426655861,11,2,57.93150276370194,5.85
2025-01-27 17:00:00,Two-Wheeler,52.71048375968848,50,6,92.12470448022927,14.8
2025-01-27 17:15:00,Two-Wheeler,32.95277431269204,22,8,90.4683694498643,5.07
2025-01-27 17:30:00,Two-Wheeler,64.4088908869735,7,1,73.52226748865559,6.25
2025-01-27 17:45:00,Car,45.60880165882028,50,4,99.62417131261532,10.52
2025-01-27 18:00:00,Two-Wheeler,68.6827169317003,22,2,94.92862602844198,12.79
2025-01-27 18:15:00,Car,29.943939203860243,50,1,100.0,13.91
2025-01-27 18:30:00,Bus,49.57585523985952,50,2,76.9259414781184,9.24
2025-01-27 18:45:00,Car,19.29391757015044,50,2,91.10692729231334,9.82
2025-01-27 19:00:00,Bus,34.81936187037702,22,6,100.0,12.35
2025-01-27 19:15:00,Two-Wheeler,18.37453855464502,22,5,78.61968346114136,8.18
2025-01-27 19:30:00,Bus,45.535073853022304,11,0,62.304935267366474,14.3
2025-01-27 19:45:00,Two-Wheeler,46.3761232191378,22,4,75.30619328654706,7.99
2025-01-27 20:00:00,Bus,45.45245736952937,22,0,67.67687232363261,14.64
2025-01-27 20:15:00,Car,53.07183038113744,7,7,83.75478878908882,13.32
2025-01-27 20:30:00,Car,67.8899859411381,11,4,78.726009299015,9.11
2025-01-27 20:45:00,Two-Wheeler,53.90740660733744,11,3,90.72664551287764,7.24
2025-01-27 21:00:00,Two-Wheeler,44.676797034287326,22,8,69.07819039192525,5.91
2025-01-27 21:15:00,Two-Wheeler,31.63084535984616,50,4,88.48437637625348,13.76
2025-01-27 21:30:00,Two-Wheeler,43.91039106015058,11,1,73.25030705623618,6.35
2025-01-27 21:45:00,Car,23.454410846151497,50,10,79.94198231791184,10.22
2025-01-27 22:00:00,Two-Wheeler,49.60959672200269,7,4,33.57931532903879,8.54
2025-01-27 22:15:00,Bus,24.132055156472227,50,3,27.811909737744063,5.55
2025-01-27 22:30:00,Bus,23.56526363308515,22,0,16.147700949734016,13.56
2025-01-27 22:45:00,Car,60.94882614985501,50,5,16.09180554102393,13.05
2025-01-27 23:00:00,Two-Wheeler,50.178701333319175,22,11,31.195667314831685,14.43
2025-01-27 23:15:00,Car,27.338959412405877,11,8,29.369984765832083,11.13
2025-01-27 23:30:00,Car,52.97416002212727,22,8,36.10134103276166,7.77
2025-01-27 23:45:00,Car,44.06358717522342,22,3,28.914352029322007,8.4
2025-01-28 00:00:00,Bus,34.35116180464479,11,0,24.65154758515978,10.9
2025-01-28 00:15:00,Bus,45.0995831467676,7,2,13.884021360043013,10.93
2025-01-28 00:30:00,Two-Wheeler,44.497372049004525,50,7,32.46998068651597,7.27
2025-01-28 00:45:00,Car,62.31087747936667,22,2,30.51302413866519,7.91
2025-01-28 01:00:00,Car,30.99324503484896,22,3,21.55544204012199,14.15
2025-01-28 01:15:00,Bus,53.42890263192835,7,5,32.4243457375195,12.48
2025-01-28 01:30:00,Two-Wheeler,61.92117839285978,7,4,31.998985785445655,11.51
2025-01-28 01:45:00,Car,31.058410468612443,7,6,22.979997845051763,10.65
2025-01-28 02:00:00,Two-Wheeler,44.30299268796438,22,2,26.783539974288562,6.77
2025-01-28 02:15:00,Bus,38.630439622540756,11,7,22.93834663354763,5.97
2025-01-28 02:30:00,Bus,15.677588420225186,22,3,25.201366770667352,5.38
2025-01-28 02:45:00,Car,48.15645948901423,22,4,33.37896983506643,11.55
2025-01-28 03:00:00,Car,33.73292942328991,11,8,28.980953950354547,7.78
2025-01-28 03:15:00,Two-Wheeler,61.53671841607814,22,2,14.361835163942667,9.76
2025-01-28 03:30:00,Two-Wheeler,20.443642695674967,50,7,28.78419221044087,8.38
2025-01-28 03:45:00,Two-Wheeler,23.90309736461861,7,8,29.489092765815915,5.82
2025-01-28 04:00:00,Car,54.40690768852395,7,7,19.365977800814427,11.02
2025-01-28 04:15:00,Bus,50.87223651231505,11,7,30.470625197983125,13.45
2025-01-28 04:30:00,Two-Wheeler,27.303739354835916,22,8,22.388031592747623,7.3
2025-01-28 04:45:00,Car,71.49609414713416,50,5,32.02754410572116,7.35
2025-01-28 05:00:00,Bus,43.922827781116126,50,2,15.921087029094046,14.08
2025-01-28 05:15:00,Bus,18.536526557136426,22,7,19.40733477030022,10.4
2025-01-28 05:30:00,Bus,42.23659828627446,7,9,26.94196072709053,13.83
2025-01-28 05:45:00,Car,50.6868709859677,11,2,14.799600624221819,11.21
2025-01-28 06:00:00,Bus,36.81333566451806,22,2,26.72904107411041,10.65
2025-01-28 06:15:00,Two-Wheeler,35.49576335521142,22,3,26.43030487392772,7.13
2025-01-28 06:30:00,Two-Wheeler,40.705431796353,50,4,26.199814576301108,5.46
2025-01-28 06:45:00,Two-Wheeler,26.59700216706265,50,6,33.77692602651055,10.18
2025-01-28 07:00:00,Bus,58.27356624584979,11,8,86.09044040300962,8.79
2025-01-28 07:15:00,Bus,24.782446582079686,22,7,99.60073991481002,10.22
2025-01-28 07:30:00,Two-Wheeler,46.376657731979066,22,1,65.76835645655827,14.46
2025-01-28 07:45:00,Bus,45.816859170133625,11,5,78.5499518255777,6.5
2025-01-28 08:00:00,Two-Wheeler,28.5791922779775,22,1,74.95126212891563,8.57
2025-01-28 08:15:00,Two-Wheeler,31.44198984916601,22,2,67.85994176078212,14.41
2025-01-28 08:30:00,Two-Wheeler,22.040413318792712,11,4,83.27980887783932,13.99
2025-01-28 08:45:00,Car,25.084109030653057,11,10,96.73758319873875,6.57
2025-01-28 09:00:00,Two-Wheeler,18.785181955099343,50,8,83.94856997414956,13.39
2025-01-28 09:15:00,Car,33.04487116467426,7,9,70.09715075065785,6.23
2025-01-28 09:30:00,Car,35.1170823771985,22,4,67.83478698832874,8.81
2025-01-28 09:45:00,Bus,50.741202255030295,11,5,80.52474762881502,10.15
2025-01-28 10:00:00,Bus,37.805749017444,50,4,89.5338319743024,13.79
2025-01-28 10:15:00,Two-Wheeler,47.35873762783359,22,0,93.75089897397098,8.26
2025-01-28 10:30:00,Bus,64.27269023752072,22,8,86.25506372991781,12.36
2025-01-28 10:45:00,Two-Wheeler,73.81709535973371,11,1,93.80884790966113,14.01
2025-01-28 11:00:00,Car,28.222664272431864,50,1,42.34848277109026,7.91
2025-01-28 11:15:00,Two-Wheeler,84.00088476272917,11,4,55.01095258226218,5.75
2025-01-28 11:30:00,Bus,20.75507075708644,11,8,44.5418771856221,13.33
2025-01-28 11:45:00,Bus,39.33024053066504,50,2,51.913908016476796,14.42
2025-01-28 12:00:00,Two-Wheeler,31.47931939482148,11,3,47.29251378969194,14.49
2025-01-28 12:15:00,Bus,33.41516382099554,22,6,57.14407034522583,12.41
2025-01-28 12:30:00,Two-Wheeler,52.91971188968506,22,5,49.910028747040585,6.28
2025-01-28 12:45:00,Bus,31.07739651026008,7,4,38.35446978605394,9.79
2025-01-28 13:00:00,Bus,16.698344117809057,11,4,63.78675530553558,5.52
2025-01-28 13:15:00,Car,14.353822196102152,7,2,39.24771322561662,12.25
2025-01-28 13:30:00,Two-Wheeler,53.78395277277234,22,4,43.31298975934915,8.19
2025-01-28 13:45:00,Two-Wheeler,25.882151706333737,22,9,57.5164530773568,8.63
2025-01-28 14:00:00,Two-Wheeler,12.355172905690093,7,1,49.306479197356055,6.84
2025-01-28 14:15:00,Bus,41.464297278933266,11,3,44.08127823883194,14.25
2025-01-28 14:30:00,Bus,15.00766191641384,7,8,57.597658312050086,6.63
2025-01-28 14:45:00,Car,35.69112459046989,7,0,53.372143457963276,12.61
2025-01-28 15:00:00,Bus,72.54737673848969,22,3,33.02547328865154,14.52
2025-01-28 15:15:00,Car,43.1130008163122,7,6,50.76260696542908,5.74
2025-01-28 15:30:00,Two-Wheeler,68.65377290532403,50,1,40.456269775591636,11.62
2025-01-28 15:45:00,Two-Wheeler,13.56860124497057,50,2,36.41763385755918,7.52
2025-01-28 16:00:00,Car,23.653965737126285,22,4,35.80032456568263,11.21
2025-01-28 16:15:00,Car,65.78872632104941,7,10,65.49639293821964,6.93
2025-01-28 16:30:00,Car,42.94969135824395,50,8,49.77935245508625,6.62
2025-01-28 16:45:00,Two-Wheeler,52.68002908325068,50,1,41.64077839217755,12.2
2025-01-28 17:00:00,Two-Wheeler,56.206379825676855,22,6,94.85927677161851,8.35
2025-01-28 17:15:00,Two-Wheeler,85.83482318553119,11,5,88.93978840053103,11.89
2025-01-28 17:30:00,Two-Wheeler,58.431234619792285,22,4,65.4204371028224,13.89
2025-01-28 17:45:00,Bus,16.26408118506773,11,4,100.0,11.71
2025-01-28 18:00:00,Bus,15.326388545603319,50,9,95.24682789145709,9.47
2025-01-28 18:15:00,Two-Wheeler,29.63320955739146,50,5,87.78914677356468,11.46
2025-01-28 18:30:00,Car,51.97074146612318,50,7,75.3145162862173,5.68
2025-01-28 18:45:00,Bus,51.44342299815597,50,0,88.14429641844623,8.36
2025-01-28 19:00:00,Two-Wheeler,35.25721942439294,7,10,96.49028980658568,6.11
2025-01-28 19:15:00,Two-Wheeler,85.06589987514707,22,1,97.05876913577025,14.38
2025-01-28 19:30:00,Bus,16.522074643773905,11,6,87.31375414314569,13.25
2025-01-28 19:45:00,Bus,27.57240013620742,50,6,100.0,5.56
2025-01-28 20:00:00,Car,63.84633595254314,11,4,90.04815839823361,6.01
2025-01-28 20:15:00,Bus,56.95881124035367,50,7,68.22096863740128,13.58
2025-01-28 20:30:00,Car,8.333333333333334,50,5,70.29182099008912,14.02
2025-01-28 20:45:00,Two-Wheeler,80.76531116288369,50,8,93.31217602683884,12.63
2025-01-28 21:00:00,Bus,40.891363863301414,22,2,63.085328994722644,14.71
2025-01-28 21:15:00,Two-Wheeler,22.599838494505793,22,1,65.25734874798806,9.89
2025-01-28 21:30:00,Two-Wheeler,53.440461955591076,50,7,68.47329966059013,8.94
2025-01-28 21:45:00,Car,52.89303481653799,7,4,66.54021877126661,6.86
2025-01-28 22:00:00,Car,62.59713100202408,11,0,17.07254990180965,11.14
2025-01-28 22:15:00,Car,20.6850584781037,11,0,23.39942697801879,7.21
2025-01-28 22:30:00,Two-Wheeler,39.77291899299247,50,3,28.628118523421044,14.25
2025-01-28 22:45:00,Bus,15.44488140820982,11,6,33.29114980604314,12.5
2025-01-28 23:00:00,Two-Wheeler,25.776634750290043,7,7,21.63632099429507,6.11
2025-01-28 23:15:00,Car,25.851437545421685,22,7,31.656664863845776,14.89
2025-01-28 23:30:00,Bus,26.456121984061628,50,11,39.714510967575976,11.61
2025-01-28 23:45:00,Two-Wheeler,22.599185255439906,7,1,23.722725074220534,7.47
2025-01-29 00:00:00,Two-Wheeler,26.892645910690387,22,2,13.104555972243714,10.1
2025-01-29 00:15:00,Car,64.88111425839114,7,4,20.922523051323072,5.79
2025-01-29 00:30:00,Car,56.75094873809846,11,8,33.87185442155278,11.97
2025-01-29 00:45:00,Two-Wheeler,51.74597432740413,22,6,29.6195484538644,14.5
2025-01-29 01:00:00,Car,86.31254755770792,22,2,23.005316294928075,5.19
2025-01-29 01:15:00,Car,24.351037365989935,22,2,24.077433284247945,9.07
2025-01-29 01:30:00,Car,21.02712408664232,11,9,20.415473402806107,5.23
2025-01-29 01:45:00,Car,81.17185924722125,50,8,28.31651596984899,14.66
2025-01-29 02:00:00,Bus,28.41494196352513,50,3,29.07539905082229,14.97
2025-01-29 02:15:00,Two-Wheeler,23.97541641953781,22,0,28.795658928572802,8.96
2025-01-29 02:30:00,Two-Wheeler,49.26880688240106,7,8,33.5368457272325,11.72
2025-01-29 02:45:00,Bus,43.144709490862446,7,8,27.51434408816411,7.85
2025-01-29 03:00:00,Bus,48.77334611950049,7,6,28.88024316465822,13.44
2025-01-29 03:15:00,Car,55.49154395712094,11,4,15.611215988099575,12.77
2025-01-29 03:30:00,Bus,18.446644741329685,7,3,14.308065694322343,9.99
2025-01-29 03:45:00,Two-Wheeler,43.673013011982825,22,3,31.628963523191373,10.0
2025-01-29 04:00:00,Car,62.319616001214975,50,5,21.24146036590845,12.93
2025-01-29 04:15:00,Two-Wheeler,51.34047777591058,11,8,28.001425013476002,13.16
2025-01-29 04:30:00,Car,29.64832060767434,7,3,27.48806000635782,5.42
2025-01-29 04:45:00,Bus,21.509293121802326,7,7,31.429812551380397,8.36
2025-01-29 05:00:00,Car,32.76624217871469,50,4,25.03185142169716,12.49
2025-01-29 05:15:00,Car,42.26745441376248,7,7,19.64047353826671,13.2
2025-01-29 05:30:00,Two-Wheeler,30.346963629882552,50,6,31.25479063887005,13.98
2025-01-29 05:45:00,Two-Wheeler,28.708945060845295,22,6,33.03217400940598,11.43
2025-01-29 06:00:00,Car,19.26467779490092,50,7,29.71244615595432,11.64
2025-01-29 06:15:00,Bus,44.60976942763027,7,7,19.712155654826763,5.39
2025-01-29 06:30:00,Bus,46.02784072258282,11,2,25.591557857906142,12.06
2025-01-29 06:45:00,Car,47.908535696853036,50,1,17.419629471849568,10.27
2025-01-29 07:00:00,Bus,71.41051043172982,22,7,72.46923303662435,11.78
2025-01-29 07:15:00,Bus,25.322988289487594,7,6,94.37078176688802,10.19
2025-01-29 07:30:00,Bus,30.085818087900144,7,5,92.6847459827452,5.94
2025-01-29 07:45:00,Two-Wheeler,64.36426879408515,7,4,94.82560679774092,11.97
2025-01-29 08:00:00,Two-Wheeler,71.69251813947146,50,6,71.28196922333669,14.75
2025-01-29 08:15:00,Bus,49.073632080506336,7,4,75.60370276750996,11.44
2025-01-29 08:30:00,Bus,83.81984504760747,50,3,76.91575763524975,14.81
2025-01-29 08:45:00,Two-Wheeler,52.751066276896346,22,0,64.32881694269622,10.38
2025-01-29 09:00:00,Two-Wheeler,76.48717240234221,7,0,95.75228101549976,5.96
2025-01-29 09:15:00,Bus,31.69013109918061,50,7,86.53396333270473,9.38
2025-01-29 09:30:00,Bus,26.874295854871896,22,8,96.79851322761988,11.0
2025-01-29 09:45:00,Car,19.211844080413115,7,13,100.0,10.52
2025-01-29 10:00:00,Bus,15.447192733427627,11,4,81.26199142028338,12.74
2025-01-29 10:15:00,Two-Wheeler,23.588136544876253,22,0,60.18338125381101,6.54
2025-01-29 10:30:00,Car,24.630743661368186,7,3,87.78939345411226,14.3
2025-01-29 10:45:00,Two-Wheeler,38.02559379418235,50,0,99.16528517573366,11.9
2025-01-29 11:00:00,Two-Wheeler,22.428572981599498,22,8,61.99350004060455,6.7
2025-01-29 11:15:00,Two-Wheeler,46.44404485330241,50,0,52.30069821586967,9.82
2025-01-29 11:30:00,Car,18.052064277550993,7,2,37.61941238272002,8.59
2025-01-29 11:45:00,Car,22.868237295942833,7,5,56.54169529346052,6.45
2025-01-29 12:00:00,Two-Wheeler,53.37898756640933,11,3,41.25159190021961,14.44
2025-01-29 12:15:00,Car,27.446177533208058,50,1,46.985746068701616,5.11
2025-01-29 12:30:00,Bus,14.047313919571154,11,4,39.848918923711274,14.35
2025-01-29 12:45:00,Two-Wheeler,28.501418972813426,22,5,40.94921359089228,5.84
2025-01-29 13:00:00,Two-Wheeler,16.718230667070173,11,4,45.17354930511603,9.18
2025-01-29 13:15:00,Car,30.513833591449174,7,2,41.72774002093886,12.24
2025-01-29 13:30:00,Car,22.842241965359506,7,6,60.572064744192204,6.71
2025-01-29 13:45:00,Two-Wheeler,26.08942263101255,22,5,54.39763851586478,11.35
2025-01-29 14:00:00,Two-Wheeler,41.833558295992,50,5,53.60342036505876,9.04
2025-01-29 14:15:00,Car,16.08627399015373,22,3,41.05097564514739,13.21
2025-01-29 14:30:00,Bus,20.27533609741996,11,5,61.40720137386364,13.24
2025-01-29 14:45:00,Bus,53.093103158928635,11,8,41.125342175240206,6.36
2025-01-29 15:00:00,Two-Wheeler,19.571926142501706,22,1,60.00605519612142,11.04
2025-01-29 15:15:00,Two-Wheeler,55.45814496378064,22,0,45.4361069607602,14.92
2025-01-29 15:30:00,Bus,37.286702636875575,50,8,65.56743790987989,11.0
2025-01-29 15:45:00,Car,39.144548586721605,7,2,33.75230395751437,9.76
2025-01-29 16:00:00,Bus,29.003597454875898,11,3,40.96419564918273,5.26
2025-01-29 16:15:00,Bus,28.910541073750345,11,7,41.59475311776495,13.11
2025-01-29 16:30:00,Bus,30.09056357842328,7,3,37.98102436996163,6.57
2025-01-29 16:45:00,Two-Wheeler,35.182416359438974,50,5,58.099598905338866,10.28
2025-01-29 17:00:00,Car,50.28093589931468,11,2,94.04351400063635,14.15
2025-01-29 17:15:00,Car,15.569081185479236,22,5,100.0,10.91
2025-01-29 17:30:00,Two-Wheeler,45.56794842256975,22,0,93.0613246919539,7.47
2025-01-29 17:45:00,Two-Wheeler,22.824227775340738,11,5,100.0,6.45
2025-01-29 18:00:00,Car,30.371320529398066,22,4,79.16686007799603,14.9
2025-01-29 18:15:00,Car,41.133983798478624,7,7,78.87434499864028,5.69
2025-01-29 18:30:00,Bus,34.80033802035624,22,7,82.24104904010036,13.18
2025-01-29 18:45:00,Two-Wheeler,40.354748373803524,11,4,100.0,5.68
2025-01-29 19:00:00,Bus,47.085444578462756,22,10,90.21701179323125,5.19
2025-01-29 19:15:00,Two-Wheeler,14.24361657018552,11,7,68.77773905298092,13.95
2025-01-29 19:30:00,Car,34.48174982670393,7,6,68.38791289119658,6.97
2025-01-29 19:45:00,Car,44.95791029906115,50,4,100.0,11.61
2025-01-29 20:00:00,Two-Wheeler,17.459800396978995,22,0,85.32031170128153,9.26
2025-01-29 20:15:00,Car,48.50322399283937,50,1,80.37100975286816,9.21
2025-01-29 20:30:00,Two-Wheeler,36.47523859556472,50,8,84.22827839275493,14.52
2025-01-29 20:45:00,Car,62.80151821011473,50,2,70.98766065078573,10.92
2025-01-29 21:00:00,Car,79.20059032821226,22,3,95.58932683167892,7.22
2025-01-29 21:15:00,Two-Wheeler,21.08566792447037,50,1,81.88597564320236,14.14
2025-01-29 21:30:00,Two-Wheeler,69.53001823955981,7,3,92.89075952733737,14.17
2025-01-29 21:45:00,Bus,28.830322536831545,7,3,63.880246532985836,11.8
2025-01-29 22:00:00,Car,48.699027072927755,7,2,29.4065385211984,13.89
2025-01-29 22:15:00,Bus,13.723540271207785,11,2,25.50439295079264,5.1
2025-01-29 22:30:00,Bus,29.11701702836901,7,6,30.411475361199358,8.31
2025-01-29 22:45:00,Car,38.975439281106425,11,3,23.913084152286977,7.26
2025-01-29 23:00:00,Bus,46.796455957105174,22,7,36.062846795475664,9.99
2025-01-29 23:15:00,Two-Wheeler,22.108327307360682,11,8,29.432329213008344,10.28
2025-01-29 23:30:00,Bus,33.63577969084843,50,4,27.77479308009197,6.39
2025-01-29 23:45:00,Bus,31.27216344555802,7,1,23.418283686452426,5.08
2025-01-30 00:00:00,Car,27.708120928476042,11,5,29.032993567299368,13.4
2025-01-30 00:15:00,Bus,28.600701260923064,50,4,30.152468630035948,6.23
2025-01-30 00:30:00,Car,19.639947472667476,7,5,21.547837720148134,8.22
2025-01-30 00:45:00,Car,16.775954821146655,50,7,36.067634688011,7.14
2025-01-30 01:00:00,Bus,58.609447315077325,50,1,11.20778898578625,12.57
2025-01-30 01:15:00,Two-Wheeler,60.84008800566016,7,3,31.984812753742794,14.86
2025-01-30 01:30:00,Two-Wheeler,55.19398424461176,11,7,35.059592981126976,6.28
2025-01-30 01:45:00,Two-Wheeler,46.35472662305405,11,6,17.923993876045934,9.78
2025-01-30 02:00:00,Car,53.34594968546508,22,8,25.79494829347322,10.16
2025-01-30 02:15:00,Bus,63.19486771965895,7,4,16.37517607251501,8.1
2025-01-30 02:30:00,Two-Wheeler,40.23676273765438,7,6,22.58492927290854,14.19
2025-01-30 02:45:00,Bus,43.84875724958649,11,3,18.2893765762886,5.32
2025-01-30 03:00:00,Car,28.635396216783363,22,4,25.485800644076377,13.93
2025-01-30 03:15:00,Two-Wheeler,14.097313146611816,22,4,33.78503456959109,9.53
2025-01-30 03:30:00,Car,23.68947187533741,22,9,25.30556596662257,9.84
2025-01-30 03:45:00,Car,74.13047854182831,50,6,21.725403694791762,7.42
2025-01-30 04:00:00,Bus,64.32966329947834,22,2,12.785057577060915,13.35
2025-01-30 04:15:00,Bus,11.24518222425286,11,4,30.75366093554421,14.87
2025-01-30 04:30:00,Bus,58.46529028231583,11,9,31.805701991566377,11.71
2025-01-30 04:45:00,Two-Wheeler,20.69663472924305,22,7,17.538083076992677,11.95
2025-01-30 05:00:00,Two-Wheeler,34.244472779368266,22,10,30.34234609270304,7.48
2025-01-30 05:15:00,Car,51.24877058710571,50,5,17.076541720222387,8.42
2025-01-30 05:30:00,Bus,24.694575857055344,50,5,28.89578204735335,8.05
2025-01-30 05:45:00,Two-Wheeler,20.652847179802833,50,3,29.169866809783752,14.82
2025-01-30 06:00:00,Car,47.52303482687629,22,9,23.81864411357843,14.69
2025-01-30 06:15:00,Bus,53.082245582070655,50,8,19.237604224923984,9.54
2025-01-30 06:30:00,Two-Wheeler,20.301953617819986,22,3,18.42561799005491,9.55
2025-01-30 06:45:00,Bus,25.228146690460036,50,7,17.62493237938675,5.99
2025-01-30 07:00:00,Bus,30.86402974455038,22,5,70.80089869080767,6.0
2025-01-30 07:15:00,Two-Wheeler,35.80119209531743,50,2,98.61326334274067,5.42
2025-01-30 07:30:00,Two-Wheeler,26.60579828701914,7,6,99.03878779341875,8.64
2025-01-30 07:45:00,Two-Wheeler,80.15542762293806,22,0,75.5744336512353,12.16
2025-01-30 08:00:00,Car,18.826059943822205,11,4,80.76314120181537,11.0
2025-01-30 08:15:00,Car,21.953809535977435,7,6,99.31133256753952,14.22
2025-01-30 08:30:00,Bus,49.607666155223775,50,8,71.44072750254722,5.3
2025-01-30 08:45:00,Two-Wheeler,66.38021214029544,11,5,82.04315967457154,14.72
2025-01-30 09:00:00,Car,14.187198203708025,7,1,79.59489775677491,11.48
2025-01-30 09:15:00,Car,33.1150655580946,7,2,92.70537928624663,9.1
2025-01-30 09:30:00,Bus,30.306014098009918,7,4,98.20423350959814,11.91
2025-01-30 09:45:00,Car,81.79651589788577,50,7,69.40071562462337,9.06
2025-01-30 10:00:00,Car,42.34441678863951,7,9,100.0,8.29
2025-01-30 10:15:00,Two-Wheeler,27.30010031395898,11,6,70.63598876971015,10.42
2025-01-30 10:30:00,Car,41.64507398437151,11,5,87.50482004856441,11.95
2025-01-30 10:45:00,Two-Wheeler,48.040318718987585,50,6,68.53685298321324,6.67
2025-01-30 11:00:00,Bus,66.11398154846813,22,4,51.21953261125337,8.67
2025-01-30 11:15:00,Bus,65.13870443251587,7,1,47.39727732374364,14.82
2025-01-30 11:30:00,Car,53.30561294550628,11,3,41.15474550496323,9.61
2025-01-30 11:45:00,Bus,52.78184334120026,22,1,60.9992160293877,10.95
2025-01-30 12:00:00,Car,17.999248985215615,50,7,51.620275925595365,6.75
2025-01-30 12:15:00,Car,16.481582347590702,50,6,38.82132227929961,8.45
2025-01-30 12:30:00,Two-Wheeler,85.17216826404643,50,0,30.812080594108952,6.17
2025-01-30 12:45:00,Two-Wheeler,37.614541364187836,22,4,60.59915531206599,5.8
2025-01-30 13:00:00,Two-Wheeler,23.635141219257076,50,12,70.49754544497584,14.27
2025-01-30 13:15:00,Car,53.16220761408373,50,6,55.7355723086393,7.99
2025-01-30 13:30:00,Two-Wheeler,31.054288526848765,50,2,33.62850289269761,12.24
2025-01-30 13:45:00,Bus,80.3561808817475,22,2,58.482614247378294,6.01
2025-01-30 14:00:00,Car,14.75837336085832,7,6,38.497222436360516,7.18
2025-01-30 14:15:00,Car,71.20193212901451,50,5,63.69580248731798,6.74
2025-01-30 14:30:00,Two-Wheeler,77.84799613536748,50,0,50.264688618288446,8.67
2025-01-30 14:45:00,Car,51.45184502456907,11,9,43.012952594390015,7.08
2025-01-30 15:00:00,Bus,47.08300442074558,22,4,55.75493100787017,14.52
2025-01-30 15:15:00,Bus,51.65121668573214,50,2,61.16323183702339,5.44
2025-01-30 15:30:00,Two-Wheeler,28.926430650992344,22,2,42.596217422613904,12.57
2025-01-30 15:45:00,Car,23.516224687444783,11,2,52.05560145164829,13.28
2025-01-30 16:00:00,Bus,31.87814891072723,11,4,56.463614134668745,5.57
2025-01-30 16:15:00,Car,29.99058810943609,7,5,44.398631519567004,5.91
2025-01-30 16:30:00,Car,23.750804978007245,11,4,60.24182086749431,5.64
2025-01-30 16:45:00,Car,35.072636623727,22,2,50.468367570118716,12.39
2025-01-30 17:00:00,Two-Wheeler,46.858004742401036,7,0,85.29377705567003,9.27
2025-01-30 17:15:00,Two-Wheeler,29.681773868338198,22,2,99.83929069949204,8.24
2025-01-30 17:30:00,Two-Wheeler,20.135287845552796,11,3,85.60649335249886,7.17
2025-01-30 17:45:00,Car,25.801700131836103,11,6,95.85443633053879,7.8
2025-01-30 18:00:00,Two-Wheeler,19.05581724844536,50,0,86.52284447656903,10.65
2025-01-30 18:15:00,Bus,50.808385313982406,22,6,100.0,13.43
2025-01-30 18:30:00,Bus,48.01921591265926,50,3,86.48745343554728,10.98
2025-01-30 18:45:00,Bus,58.70635399730054,50,0,71.64554269917477,12.1
2025-01-30 19:00:00,Two-Wheeler,80.48064166961815,50,0,99.31488596611872,11.41
2025-01-30 19:15:00,Two-Wheeler,16.303963042325094,22,3,73.63272360847179,9.5
2025-01-30 19:30:00,Bus,16.239436599439653,11,3,69.60246462040773,8.78
2025-01-30 19:45:00,Two-Wheeler,60.113696134148384,22,8,80.85353762385903,10.48
2025-01-30 20:00:00,Car,55.300585787041726,7,6,92.9492601291274,6.71
2025-01-30 20:15:00,Two-Wheeler,17.16633784364451,50,8,86.41686840307031,5.4
2025-01-30 20:30:00,Bus,55.54542879001843,50,5,87.8552439127725,9.25
2025-01-30 20:45:00,Bus,32.180700133900054,22,1,61.32801499226886,12.19
2025-01-30 21:00:00,Two-Wheeler,14.796011158775036,11,7,86.20492070476051,10.72
2025-01-30 21:15:00,Two-Wheeler,12.884329272632668,7,7,77.11355839862841,12.21
2025-01-30 21:30:00,Two-Wheeler,26.626443417321113,22,8,100.0,8.49
2025-01-30 21:45:00,Car,39.019842011016465,7,3,88.3154360008165,13.17
2025-01-30 22:00:00,Car,83.63095625667843,7,2,16.190588032450307,5.08
2025-01-30 22:15:00,Car,43.40907185997193,22,5,17.071571029415885,6.22
2025-01-30 22:30:00,Car,15.42595238396374,22,1,21.538824500720658,11.87
2025-01-30 22:45:00,Two-Wheeler,43.61479137235021,11,2,24.700381401437493,6.91
2025-01-30 23:00:00,Bus,81.01602689410662,50,7,31.72137384045964,7.76
2025-01-30 23:15:00,Two-Wheeler,49.3691146079398,50,7,26.37521584950448,11.54
2025-01-30 23:30:00,Two-Wheeler,69.21592647880857,22,6,24.531818903718694,14.74
2025-01-30 23:45:00,Car,65.14948850684007,7,5,18.54873568546832,7.93
2025-01-31 00:00:00,Bus,53.099320639659375,7,9,30.08258815853913,11.09
2025-01-31 00:15:00,Car,26.24333054504313,7,7,26.38363087816427,11.45
2025-01-31 00:30:00,Bus,39.827098836460806,22,7,34.0248876672717,8.34
2025-01-31 00:45:00,Bus,51.369080089186305,22,0,26.9422644698184,14.38
2025-01-31 01:00:00,Car,60.03589704414348,22,6,30.486808756585308,11.89
2025-01-31 01:15:00,Two-Wheeler,11.001127340065343,50,4,21.003327137153953,11.24
2025-01-31 01:30:00,Two-Wheeler,15.171311746210455,50,4,32.77184126763862,7.74
2025-01-31 01:45:00,Bus,42.42055603497034,22,12,24.393660671545252,13.36
2025-01-31 02:00:00,Bus,29.062182936880262,22,11,38.557380138210256,9.1
2025-01-31 02:15:00,Car,47.014229639031,50,4,23.28066215803034,13.36
2025-01-31 02:30:00,Two-Wheeler,42.54208968654553,11,7,25.31873888787357,7.87
2025-01-31 02:45:00,Car,34.131770870037954,50,2,12.679768335187509,13.43
2025-01-31 03:00:00,Two-Wheeler,49.96115377791046,50,3,23.3524565202691,12.96
2025-01-31 03:15:00,Car,19.95312703717862,22,7,24.249726824015237,6.28
2025-01-31 03:30:00,Car,14.385252415868981,7,3,17.20316468014354,9.74
2025-01-31 03:45:00,Car,11.641064788622474,22,1,25.859624362970663,9.24
2025-01-31 04:00:00,Bus,31.585221928168785,7,6,31.819606861102244,9.13
2025-01-31 04:15:00,Two-Wheeler,21.47981386150026,22,5,26.478460537392994,6.59
2025-01-31 04:30:00,Bus,15.500088826792469,50,6,17.570553831835667,13.9
2025-01-31 04:45:00,Car,24.524641867850715,50,4,14.697556654283492,5.39
2025-01-31 05:00:00,Bus,24.577947246698542,11,7,31.584791257723072,10.78
2025-01-31 05:15:00,Car,41.642027766805704,7,5,30.292964815820525,7.58
2025-01-31 05:30:00,Two-Wheeler,52.06406940600693,22,8,25.166910173457172,11.53
2025-01-31 05:45:00,Car,13.027557297242456,22,10,20.195757774124104,11.14
2025-01-31 06:00:00,Two-Wheeler,22.663633071066094,22,0,22.707235348567632,13.54
2025-01-31 06:15:00,Car,46.3265200794969,11,6,28.442718650386666,5.32
2025-01-31 06:30:00,Two-Wheeler,35.374175997697215,7,0,14.981857089134277,10.73
2025-01-31 06:45:00,Bus,28.846071209188796,22,0,18.843446874497467,8.45
2025-01-31 07:00:00,Car,61.1078796744839,50,6,69.33857704627678,7.71
2025-01-31 07:15:00,Car,58.88482433826001,7,1,61.3190466936597,13.33
2025-01-31 07:30:00,Car,8.979394267139906,50,5,80.56341631033179,10.29
2025-01-31 07:45:00,Bus,30.057708619766345,7,4,68.64509257463875,14.0
2025-01-31 08:00:00,Two-Wheeler,16.266425846962978,50,8,95.8084667938943,8.42
2025-01-31 08:15:00,Car,48.93185648916056,50,5,85.39448513778669,14.59
2025-01-31 08:30:00,Car,22.70506079648793,11,5,87.44057812119729,10.72
2025-01-31 08:45:00,Two-Wheeler,52.731629230972004,50,6,93.64202610883117,10.64
2025-01-31 09:00:00,Two-Wheeler,31.205964712531777,50,3,95.47986970395766,5.07
2025-01-31 09:15:00,Bus,29.386754096973856,22,0,77.60683831339892,9.23
2025-01-31 09:30:00,Car,26.427119859616518,7,4,87.62581003950635,7.78
2025-01-31 09:45:00,Bus,89.28320789070916,11,7,81.50304996676033,11.84
2025-01-31 10:00:00,Bus,34.601275440390026,50,4,96.74568754153731,13.39
2025-01-31 10:15:00,Two-Wheeler,30.94804653728904,50,2,68.06380813842138,14.49
2025-01-31 10:30:00,Bus,57.00181813024621,50,0,64.23510470593648,9.84
2025-01-31 10:45:00,Two-Wheeler,28.678165265093828,7,4,83.40082830758385,8.61
2025-01-31 11:00:00,Two-Wheeler,40.67864256660557,7,5,52.38149251374221,11.59
2025-01-31 11:15:00,Bus,56.32659641399103,7,6,64.14736060412396,13.13
2025-01-31 11:30:00,Bus,24.32171875179873,50,6,55.88263774541397,13.97
2025-01-31 11:45:00,Bus,44.4618804947079,50,3,49.339049621889856,6.47
2025-01-31 12:00:00,Two-Wheeler,64.61129335516115,22,6,57.410791414370365,13.27
2025-01-31 12:15:00,Car,38.02981259750288,11,7,40.86898019229302,7.8
2025-01-31 12:30:00,Two-Wheeler,18.465860234005874,22,6,63.45693347379462,14.41
2025-01-31 12:45:00,Two-Wheeler,12.063003528276857,22,5,38.260679276551414,12.78
2025-01-31 13:00:00,Car,25.734142559446855,11,1,44.69246244246266,5.08
2025-01-31 13:15:00,Two-Wheeler,45.11130714955809,50,4,42.79862644277779,12.63
2025-01-31 13:30:00,Bus,44.01579953374159,50,9,57.93911331984633,12.03
2025-01-31 13:45:00,Car,52.59229387654554,7,0,42.179542974807646,13.37
2025-01-31 14:00:00,Two-Wheeler,44.56036783749932,50,6,62.8902991240408,11.51
2025-01-31 14:15:00,Bus,41.66611228748852,22,2,41.75492460477666,5.56
2025-01-31 14:30:00,Bus,77.11161539072131,7,4,51.04480632537839,5.06
2025-01-31 14:45:00,Car,12.223109996691363,22,9,58.20655998573869,6.12
2025-01-31 15:00:00,Car,25.519499914191922,50,8,65.63953292274373,7.61
2025-01-31 15:15:00,Two-Wheeler,40.02043016298835,7,5,50.84156412306537,6.23
2025-01-31 15:30:00,Car,52.31520536826228,7,1,51.711396838877086,11.98
2025-01-31 15:45:00,Bus,17.472234896112916,22,5,58.21624433185991,5.85
2025-01-31 16:00:00,Two-Wheeler,63.20725125250154,22,0,57.00446605631957,8.12
2025-01-31 16:15:00,Car,36.04251128383514,50,7,56.78921832327664,12.6
2025-01-31 16:30:00,Car,18.313573056547092,7,3,54.90870591572842,6.85
2025-01-31 16:45:00,Bus,40.8497279731308,50,9,42.03967249137477,9.67
2025-01-31 17:00:00,Car,26.351126778068338,7,4,70.92999550895544,13.18
2025-01-31 17:15:00,Bus,29.130229684426375,50,6,81.93970348257618,14.92
2025-01-31 17:30:00,Two-Wheeler,12.979341054149163,22,1,79.92939649551236,9.37
2025-01-31 17:45:00,Car,26.0399952032451,11,10,97.1302752974254,10.64
2025-01-31 18:00:00,Car,67.09137683674382,7,8,100.0,12.3
2025-01-31 18:15:00,Two-Wheeler,61.41142124161741,11,4,95.8973128661504,14.01
2025-01-31 18:30:00,Two-Wheeler,53.66248432956143,50,2,68.19034405360593,7.91
2025-01-31 18:45:00,Bus,54.57488319232818,11,3,98.0524819833153,11.79
2025-01-31 19:00:00,Two-Wheeler,75.55188763278804,22,4,79.93030480386625,8.82
2025-01-31 19:15:00,Car,25.23401549485667,11,8,86.28411970569974,10.08
2025-01-31 19:30:00,Two-Wheeler,8.333333333333336,50,2,77.7326724447482,6.18
2025-01-31 19:45:00,Car,41.481223867960345,22,3,78.44191066229241,8.27
2025-01-31 20:00:00,Two-Wheeler,16.41600355320368,50,3,68.82240478828393,8.59
2025-01-31 20:15:00,Bus,18.383586614072996,22,4,69.66832438137385,7.97
2025-01-31 20:30:00,Car,66.72877931290614,50,9,97.81128676025628,9.76
2025-01-31 20:45:00,Bus,21.50633067214219,22,7,100.0,9.18
2025-01-31 21:00:00,Two-Wheeler,36.41910304609652,7,1,91.78933610296177,6.3
2025-01-31 21:15:00,Car,43.28751696858292,22,6,73.02334851396986,7.75
2025-01-31 21:30:00,Two-Wheeler,64.37749805832692,11,7,100.0,6.87
2025-01-31 21:45:00,Bus,22.43599325224837,50,4,76.86119610056164,8.51
2025-01-31 22:00:00,Bus,64.4830120124597,50,10,21.009246064664573,7.9
2025-01-31 22:15:00,Bus,36.95557958757521,11,0,12.442124084615887,11.8
2025-01-31 22:30:00,Car,28.086441550876955,11,6,28.572813033476187,5.91
2025-01-31 22:45:00,Two-Wheeler,17.640546413525538,22,3,25.76289136744348,9.59
2025-01-31 23:00:00,Car,25.8387400202113,22,1,19.709521847236406,13.96
2025-01-31 23:15:00,Car,22.05308233863655,11,7,36.02772436800956,9.36
2025-01-31 23:30:00,Two-Wheeler,25.95905006821998,22,6,17.809073339807007,14.71
2025-01-31 23:45:00,Car,21.96315970578767,11,3,14.660083949571895,10.12
2025-02-01 00:00:00,Two-Wheeler,60.89845401106827,7,8,28.135752495501585,9.62
2025-02-01 00:15:00,Car,23.47064261836212,50,6,27.220774504461453,5.64
2025-02-01 00:30:00,Two-Wheeler,33.626161895737965,50,8,27.34461905501628,8.22
2025-02-01 00:45:00,Two-Wheeler,73.25539151267986,22,11,39.757909864278304,14.02
2025-02-01 01:00:00,Car,13.223460184993217,22,1,14.111267862804288,6.15
2025-02-01 01:15:00,Two-Wheeler,31.283140021134493,11,8,33.44460253152902,10.03
2025-02-01 01:30:00,Two-Wheeler,79.86713814035161,11,2,27.94130379203441,9.77
2025-02-01 01:45:00,Bus,24.257968795660787,7,5,15.993095378967158,13.49
2025-02-01 02:00:00,Car,19.72967701395856,7,9,25.007196434466017,12.54
2025-02-01 02:15:00,Bus,56.50036963362463,22,5,21.988310934371935,5.5
2025-02-01 02:30:00,Bus,88.8955553596083,50,6,24.573567995506842,9.56
2025-02-01 02:45:00,Car,18.187663374663757,50,1,18.5549038371785,8.46
2025-02-01 03:00:00,Two-Wheeler,63.905797999318814,7,3,16.593099806170372,5.84
2025-02-01 03:15:00,Car,43.76275887927682,11,8,33.69532422535946,14.67
2025-02-01 03:30:00,Bus,50.0380950011857,11,7,29.43134468963415,13.7
2025-02-01 03:45:00,Car,19.685814703903862,7,6,21.75898739265274,9.05
2025-02-01 04:00:00,Car,43.93450402246445,11,9,20.397921148217403,9.85
2025-02-01 04:15:00,Bus,62.82586363358108,11,5,25.14321181851642,10.4
2025-02-01 04:30:00,Two-Wheeler,12.112446713712274,11,2,24.785251241758473,9.88
2025-02-01 04:45:00,Car,18.738651983791218,50,2,16.68381149644774,14.34
2025-02-01 05:00:00,Bus,58.980731398874816,7,8,23.12770626582906,5.76
2025-02-01 05:15:00,Two-Wheeler,20.347201792862574,7,1,14.378658569654254,6.55
2025-02-01 05:30:00,Two-Wheeler,17.226626602072194,7,5,15.97691533246859,10.9
2025-02-01 05:45:00,Bus,75.63822062176453,50,3,23.988442656964978,10.19
2025-02-01 06:00:00,Bus,25.514697653478596,11,8,37.4351575474584,5.44
2025-02-01 06:15:00,Bus,57.00144977206612,50,7,26.326640314377173,14.16
2025-02-01 06:30:00,Car,23.966818691905868,22,5,19.42940422277823,5.51
2025-02-01 06:45:00,Car,26.219152975996668,22,5,28.41283980376942,11.93
2025-02-01 07:00:00,Bus,27.903736817415677,11,4,83.07841793098615,5.1
2025-02-01 07:15:00,Car,54.89669264109296,7,2,92.79534431908523,13.17
2025-02-01 07:30:00,Bus,14.422479906841778,7,6,83.17863306264813,6.27
2025-02-01 07:45:00,Car,87.05448579266313,22,2,70.75083890377348,13.24
2025-02-01 08:00:00,Two-Wheeler,55.466006890875164,22,6,66.0642378895858,9.3
2025-02-01 08:15:00,Two-Wheeler,14.716465852288051,22,0,83.06531191535058,7.89
2025-02-01 08:30:00,Two-Wheeler,27.981705725446417,50,6,74.69395518283251,6.07
2025-02-01 08:45:00,Two-Wheeler,21.986955320388457,7,7,69.41029163486934,6.08
2025-02-01 09:00:00,Two-Wheeler,33.63923849388093,22,8,68.41596755152759,8.26
2025-02-01 09:15:00,Bus,43.34592434793631,22,6,77.54307411677453,14.81
2025-02-01 09:30:00,Car,15.996953071984372,22,1,66.97413243563487,10.02
2025-02-01 09:45:00,Two-Wheeler,25.498507307291202,7,4,87.15545717480771,9.37
2025-02-01 10:00:00,Car,24.49177626235967,50,0,98.59095676915081,11.6
2025-02-01 10:15:00,Two-Wheeler,20.581778048440704,11,0,93.28517032930233,12.37
2025-02-01 10:30:00,Car,12.638767702226975,11,1,91.09944239502968,5.34
2025-02-01 10:45:00,Bus,46.97361726611714,50,2,85.24534694760773,11.75
2025-02-01 11:00:00,Bus,20.012032196232962,22,4,58.03469145759116,7.51
2025-02-01 11:15:00,Bus,12.880390009479527,50,6,51.03458888433851,14.63
2025-02-01 11:30:00,Bus,37.352296746078885,50,7,46.87953790750956,13.29
2025-02-01 11:45:00,Bus,72.85985017301574,11,7,66.77876420457585,10.4
2025-02-01 12:00:00,Car,35.269196716524824,7,0,33.10922425497168,9.43
2025-02-01 12:15:00,Two-Wheeler,16.780826298757148,11,6,40.547786137658896,10.71
2025-02-01 12:30:00,Car,24.51001551612654,22,6,48.366192507433276,14.4
2025-02-01 12:45:00,Bus,32.03425882429773,50,8,62.343356302774744,12.88
2025-02-01 13:00:00,Car,25.740570419874498,7,8,47.377808020332296,5.5
2025-02-01 13:15:00,Two-Wheeler,43.00148090674543,50,6,58.04562487975216,12.01
2025-02-01 13:30:00,Car,33.919982318350755,22,5,64.1479433756615,12.86
2025-02-01 13:45:00,Two-Wheeler,32.237106242942296,7,0,39.34590123461948,14.07
2025-02-01 14:00:00,Car,44.15102427365208,11,7,60.91856919622901,10.97
2025-02-01 14:15:00,Bus,88.92131117968417,50,6,59.315849352989915,6.79
2025-02-01 14:30:00,Bus,17.756231320319817,11,1,48.85503004654124,8.63
2025-02-01 14:45:00,Bus,83.80337436730319,22,5,42.52369685000963,9.61
2025-02-01 15:00:00,Car,28.354548099200485,50,6,55.1283875781842,14.8
2025-02-01 15:15:00,Car,69.10410570059773,22,10,61.23175024433452,12.65
2025-02-01 15:30:00,Two-Wheeler,38.296257484053015,50,4,58.19641062118795,5.86
2025-02-01 15:45:00,Car,31.567849112706984,11,6,59.185928115815244,9.82
2025-02-01 16:00:00,Two-Wheeler,31.065463936629072,50,8,53.977515780789375,10.98
2025-02-01 16:15:00,Two-Wheeler,14.391187797732233,7,3,55.68013895076788,6.68
2025-02-01 16:30:00,Two-Wheeler,26.440992525064818,22,6,42.00246421194253,13.15
2025-02-01 16:45:00,Car,38.89521821368982,7,4,48.00117654764793,10.69
2025-02-01 17:00:00,Car,31.90405676479631,7,4,73.6385940487887,7.26
2025-02-01 17:15:00,Two-Wheeler,19.111817035516207,11,0,81.70350009759008,6.42
2025-02-01 17:30:00,Two-Wheeler,50.56928192625991,7,5,74.590056652214,6.72
2025-02-01 17:45:00,Car,50.52130826629,11,9,72.14379076463982,12.34
2025-02-01 18:00:00,Bus,67.87765275168124,22,7,80.68293827019207,11.29
2025-02-01 18:15:00,Bus,65.4154324954204,7,2,91.00303642043608,11.83
2025-02-01 18:30:00,Two-Wheeler,29.71349550894972,22,0,97.90307733292467,10.08
2025-02-01 18:45:00,Car,66.53510325834539,22,3,97.22546496779914,7.71
2025-02-01 19:00:00,Car,32.49462198785857,22,6,70.68614000305091,7.69
2025-02-01 19:15:00,Two-Wheeler,42.576942558142,11,0,68.33061917338163,11.07
2025-02-01 19:30:00,Two-Wheeler,11.687569219765049,11,5,78.68574566186949,11.76
2025-02-01 19:45:00,Two-Wheeler,67.46535465812093,7,4,94.65543000330229,9.93
2025-02-01 20:00:00,Bus,34.6077416467465,11,5,80.7375345293685,11.5
2025-02-01 20:15:00,Two-Wheeler,62.8722584692328,7,6,66.89565477281394,6.24
2025-02-01 20:30:00,Bus,38.49613378265759,11,3,92.21131229415779,6.01
2025-02-01 20:45:00,Two-Wheeler,44.26317712005882,7,9,71.3826630150293,12.06
2025-02-01 21:00:00,Two-Wheeler,47.76276986491318,11,5,89.42465275458784,13.35
2025-02-01 21:15:00,Bus,20.142374586695723,7,5,100.0,6.29
2025-02-01 21:30:00,Two-Wheeler,37.502891253254596,11,4,67.19387870289457,8.07
2025-02-01 21:45:00,Two-Wheeler,46.61152827963191,50,8,100.0,11.25
2025-02-01 22:00:00,Two-Wheeler,16.68752869953732,11,4,30.92370045676101,5.7
2025-02-01 22:15:00,Bus,20.491655292595876,50,4,15.731184476866172,6.43
2025-02-01 22:30:00,Car,19.93826669593711,50,6,26.8127469322256,11.73
2025-02-01 22:45:00,Bus,39.3200255769222,50,2,24.123815827554644,6.16
2025-02-01 23:00:00,Two-Wheeler,35.89020398554735,50,8,19.51102533221924,11.21
2025-02-01 23:15:00,Car,12.156320337891268,50,5,27.904035200632293,11.06
2025-02-01 23:30:00,Bus,34.43513752940616,11,5,29.435814599393815,6.13
2025-02-01 23:45:00,Car,38.25327830459553,11,8,18.673796743548074,11.4
2025-02-02 00:00:00,Car,37.772362714903664,7,1,30.493980254169596,8.45
2025-02-02 00:15:00,Two-Wheeler,86.83075518502459,11,0,12.213787488397799,8.86
2025-02-02 00:30:00,Car,41.51113886263372,50,4,25.683483683634485,14.45
2025-02-02 00:45:00,Car,42.16539200845929,7,4,29.73933976275586,10.56
2025-02-02 01:00:00,Car,36.025023740310395,7,5,17.700959974556067,10.48
2025-02-02 01:15:00,Bus,31.75610739074672,22,0,15.705999515897638,12.94
2025-02-02 01:30:00,Bus,30.136823359629044,50,2,18.89326549376713,13.02
2025-02-02 01:45:00,Car,28.681472096103228,7,6,27.303131451556162,13.35
2025-02-02 02:00:00,Two-Wheeler,26.129037385256936,7,7,27.183050766054137,7.75
2025-02-02 02:15:00,Two-Wheeler,72.17194700074572,22,9,32.751134821376056,5.38
2025-02-02 02:30:00,Car,16.00170284225506,7,2,29.288822517843265,8.13
2025-02-02 02:45:00,Two-Wheeler,35.049578973213194,50,5,31.667311046332234,6.62
2025-02-02 03:00:00,Bus,66.38120571946953,7,0,17.904491278272197,5.66
2025-02-02 03:15:00,Two-Wheeler,46.49651558717968,22,8,20.031117719012812,8.24
2025-02-02 03:30:00,Car,20.896767919762304,22,8,24.0808240147483,12.16
2025-02-02 03:45:00,Bus,14.72481696424343,50,0,16.84828704588243,12.07
2025-02-02 04:00:00,Car,89.52583224658125,50,5,18.383830455852483,11.93
2025-02-02 04:15:00,Car,13.93097215769367,11,4,24.26411413404083,5.72
2025-02-02 04:30:00,Car,34.88265277676659,7,6,18.355805910508252,5.62
2025-02-02 04:45:00,Car,38.20616533861159,11,3,21.069049382657546,14.05
2025-02-02 05:00:00,Car,27.71880566027935,7,7,19.82060150569523,14.4
2025-02-02 05:15:00,Car,28.733301696798307,50,8,20.60728269547945,13.99
2025-02-02 05:30:00,Car,19.933891728022143,50,3,14.43803279655534,6.37
2025-02-02 05:45:00,Car,75.95831485385568,50,6,24.98824058592893,7.48
2025-02-02 06:00:00,Two-Wheeler,31.718122230680738,50,7,34.459722727848145,14.96
2025-02-02 06:15:00,Two-Wheeler,23.704579737067817,22,7,21.143443371689234,13.49
2025-02-02 06:30:00,Bus,26.599688602811714,22,0,12.273699625366202,13.82
2025-02-02 06:45:00,Two-Wheeler,20.846459755686485,50,2,19.52310477092624,9.73
2025-02-02 07:00:00,Car,21.29922713898155,7,6,74.10821565020869,5.49
2025-02-02 07:15:00,Two-Wheeler,61.597346914298846,11,4,65.48408981252388,13.98
2025-02-02 07:30:00,Car,35.301479105033636,7,4,100.0,7.97
2025-02-02 07:45:00,Two-Wheeler,12.102233397474523,22,2,67.45491923922316,8.32
2025-02-02 08:00:00,Two-Wheeler,16.57773370467923,11,7,76.46796962621573,5.87
2025-02-02 08:15:00,Two-Wheeler,24.429844159324894,11,3,78.11211862170585,11.36
2025-02-02 08:30:00,Two-Wheeler,33.91193081972135,7,0,63.935939682233105,8.07
2025-02-02 08:45:00,Car,29.754397740821762,11,5,95.27218460582037,8.05
2025-02-02 09:00:00,Two-Wheeler,49.893994263486206,11,5,100.0,8.85
2025-02-02 09:15:00,Two-Wheeler,56.14463988075947,22,4,85.93832568147573,6.02
2025-02-02 09:30:00,Car,25.224358499471812,22,0,92.72100435347105,5.49
2025-02-02 09:45:00,Two-Wheeler,57.04359821623906,11,8,76.87278291047977,13.05
2025-02-02 10:00:00,Two-Wheeler,42.14441826575698,22,0,60.37410553580725,7.96
2025-02-02 10:15:00,Car,36.609755165040674,22,0,77.9022273831356,12.92
2025-02-02 10:30:00,Car,55.76373852373191,11,4,65.64487586469569,9.13
2025-02-02 10:45:00,Two-Wheeler,19.358858596331462,7,5,87.22742171162469,14.44
2025-02-02 11:00:00,Car,71.90239926823598,50,3,53.59129072099359,7.47
2025-02-02 11:15:00,Two-Wheeler,26.04326923760877,22,7,54.75571521070617,6.42
2025-02-02 11:30:00,Bus,65.93292946849301,7,2,54.58128238912279,12.77
2025-02-02 11:45:00,Two-Wheeler,35.07137790655322,11,4,63.40026530822183,5.52
2025-02-02 12:00:00,Car,42.01810033924439,50,0,42.90256823148335,5.71
2025-02-02 12:15:00,Bus,37.34949000204628,22,3,42.35556634803754,10.88
2025-02-02 12:30:00,Car,12.425587330055553,11,9,46.36175879802021,10.24
2025-02-02 12:45:00,Car,24.58569699666824,7,0,39.835640448645016,13.77
2025-02-02 13:00:00,Bus,28.379305465236627,22,3,41.7885951327298,9.61
2025-02-02 13:15:00,Two-Wheeler,36.2494528830981,11,6,56.449589408842414,5.92
2025-02-02 13:30:00,Car,20.054240362727583,22,8,58.8516586880628,8.63
2025-02-02 13:45:00,Car,77.37978154859381,50,4,59.97942786935045,11.53
2025-02-02 14:00:00,Car,58.1900028647167,22,6,57.286803149244406,8.03
2025-02-02 14:15:00,Car,19.015662404870195,11,7,48.176157245805896,9.07
2025-02-02 14:30:00,Bus,17.64751036135943,22,4,42.332499598308594,11.04
2025-02-02 14:45:00,Car,46.830424521063904,7,3,41.4839184879166,9.03
2025-02-02 15:00:00,Car,26.392559665439077,11,5,49.082152771926914,7.6
2025-02-02 15:15:00,Two-Wheeler,23.04867667910529,11,6,40.38079132946993,6.48
2025-02-02 15:30:00,Bus,84.58299971145306,7,6,62.14462850136647,8.9
2025-02-02 15:45:00,Car,76.74596487699142,22,4,63.16668824318046,14.65
2025-02-02 16:00:00,Two-Wheeler,41.29531754272984,11,0,50.49989740674874,6.94
2025-02-02 16:15:00,Two-Wheeler,17.268785685375875,22,5,49.34298118094732,8.34
2025-02-02 16:30:00,Car,30.652895599257523,50,5,64.64644858747344,5.34
2025-02-02 16:45:00,Bus,18.922583705638594,50,7,48.498865324527245,9.2
2025-02-02 17:00:00,Two-Wheeler,42.977457443959864,11,2,97.33859740448372,9.28
2025-02-02 17:15:00,Two-Wheeler,45.989054948926636,7,8,100.0,13.44
2025-02-02 17:30:00,Bus,31.950767749224642,11,4,100.0,6.71
2025-02-02 17:45:00,Car,51.32863749234418,22,0,92.56521457843229,5.1
2025-02-02 18:00:00,Two-Wheeler,37.4823743490351,11,5,71.16858993954322,11.1
2025-02-02 18:15:00,Bus,47.256075205801764,50,1,68.15426739310618,14.47
2025-02-02 18:30:00,Two-Wheeler,11.402413390289357,7,7,74.07840672121756,10.44
2025-02-02 18:45:00,Car,24.337135867901193,50,0,97.3979050798299,12.3
2025-02-02 19:00:00,Car,18.316697923064204,11,5,77.1943150058431,6.03
2025-02-02 19:15:00,Bus,74.11693857352513,7,4,87.2871955937508,14.33
2025-02-02 19:30:00,Two-Wheeler,55.474085786526096,50,5,96.64695464889706,8.01
2025-02-02 19:45:00,Bus,85.65586962393,22,2,88.08146413574609,11.55
2025-02-02 20:00:00,Car,48.00760122238993,7,9,100.0,6.79
2025-02-02 20:15:00,Two-Wheeler,26.62567295663267,11,3,99.03244483781188,14.69
2025-02-02 20:30:00,Two-Wheeler,26.235328003582886,22,4,77.05044781868264,7.82
2025-02-02 20:45:00,Car,25.263363201673307,7,4,73.21291018265326,8.1
2025-02-02 21:00:00,Two-Wheeler,23.95387266341411,7,5,68.84149716945387,14.64
2025-02-02 21:15:00,Two-Wheeler,51.84007153162098,50,3,90.38940822049199,10.29
2025-02-02 21:30:00,Bus,46.117113522254144,11,7,91.7311383313016,8.85
2025-02-02 21:45:00,Two-Wheeler,18.168294101057114,50,3,97.97656001050814,7.1
2025-02-02 22:00:00,Car,52.14455273556001,7,4,25.92534269076756,11.54
2025-02-02 22:15:00,Car,25.672191754287887,7,8,35.5409088993998,8.4
2025-02-02 22:30:00,Bus,56.717031135053084,7,6,31.614923025307924,10.13
2025-02-02 22:45:00,Bus,16.736472526966043,11,0,27.463110583296938,14.66
2025-02-02 23:00:00,Bus,14.022435212924682,7,2,18.69873561822554,7.28
2025-02-02 23:15:00,Bus,58.28447647730488,50,2,25.03689236912538,6.53
2025-02-02 23:30:00,Two-Wheeler,20.316195490402183,50,6,35.78832582174253,13.21
2025-02-02 23:45:00,Two-Wheeler,47.39416464011197,11,0,21.161931497812994,13.39
2025-02-03 00:00:00,Car,47.78725440364636,22,9,25.165668247130228,13.54
2025-02-03 00:15:00,Car,84.52551457907217,22,3,23.847600706334678,9.71
2025-02-03 00:30:00,Car,48.92028160442343,50,8,23.90657040280402,7.66
2025-02-03 00:45:00,Bus,20.584041227852666,50,8,26.235964492132066,13.96
2025-02-03 01:00:00,Car,32.88891742068592,7,3,17.190914752036782,5.38
2025-02-03 01:15:00,Two-Wheeler,26.817455337338952,11,3,16.42458387339773,5.57
2025-02-03 01:30:00,Car,56.760995425300734,22,5,34.06463392728436,7.87
2025-02-03 01:45:00,Car,51.20105650130011,50,5,34.76235154125183,11.99
2025-02-03 02:00:00,Car,16.797336670132005,7,9,37.32445184059553,14.21
2025-02-03 02:15:00,Bus,60.20872612481329,7,4,22.48852523052925,8.01
2025-02-03 02:30:00,Bus,20.076925363208904,50,0,19.916513103133667,6.06
2025-02-03 02:45:00,Two-Wheeler,26.738860405263733,22,0,10.223191144364211,11.76
2025-02-03 03:00:00,Bus,35.46574611536676,11,2,12.760353389329676,14.13
2025-02-03 03:15:00,Bus,46.48697989034244,22,9,21.486436023586617,11.6
2025-02-03 03:30:00,Bus,11.906225654043363,22,4,28.00679457100198,6.17
2025-02-03 03:45:00,Bus,66.05207876816308,22,1,28.963798420715605,9.91
2025-02-03 04:00:00,Bus,31.53851502910052,11,3,26.341863205668993,14.32
2025-02-03 04:15:00,Car,85.28200458696803,50,5,26.14025039545878,10.93
2025-02-03 04:30:00,Bus,39.57347152201561,50,1,22.21500691174925,9.56
2025-02-03 04:45:00,Two-Wheeler,65.9295032681324,11,0,26.407570277887938,5.3
2025-02-03 05:00:00,Car,40.93715854028981,7,6,34.06515482681236,7.23
2025-02-03 05:15:00,Bus,25.001532724503758,11,0,24.039617045287844,5.87
2025-02-03 05:30:00,Two-Wheeler,35.710629278537105,50,0,12.258782316436804,8.43
2025-02-03 05:45:00,Car,28.211300670430923,50,3,25.37693804585068,14.66
2025-02-03 06:00:00,Two-Wheeler,67.70329790065958,11,6,34.25781230964222,11.98
2025-02-03 06:15:00,Car,28.72501949680785,11,7,17.219925785512427,13.18
2025-02-03 06:30:00,Bus,22.884827590966058,22,5,18.119342360356196,6.72
2025-02-03 06:45:00,Bus,19.8098134295499,22,2,18.78999591216047,12.33
2025-02-03 07:00:00,Bus,21.30806508709349,11,2,83.7580687055942,5.54
2025-02-03 07:15:00,Two-Wheeler,51.84581717485326,50,9,92.7316860311964,9.72
2025-02-03 07:30:00,Car,67.43841506960983,11,7,91.66456771202539,13.5
2025-02-03 07:45:00,Two-Wheeler,46.03760198215795,50,7,84.32058397308754,9.12
2025-02-03 08:00:00,Bus,55.74285880165163,7,1,80.67437692575744,10.24
2025-02-03 08:15:00,Bus,17.407662274777472,50,5,74.1480873817399,10.61
2025-02-03 08:30:00,Bus,40.92206797709604,50,3,76.17771858335468,6.89
2025-02-03 08:45:00,Bus,43.77012831733073,22,2,74.90556166811226,14.08
2025-02-03 09:00:00,Bus,24.1769541406982,22,8,91.30616082855403,8.47
2025-02-03 09:15:00,Bus,34.98820073062469,22,0,83.32902606766285,6.23
2025-02-03 09:30:00,Two-Wheeler,30.274860552804164,22,9,84.69057173326124,13.63
2025-02-03 09:45:00,Bus,35.44809564514067,50,8,100.0,12.33
2025-02-03 10:00:00,Car,20.20767860566004,11,6,98.82051599444155,11.33
2025-02-03 10:15:00,Bus,37.90155609892511,50,7,80.26840489622892,5.24
2025-02-03 10:30:00,Two-Wheeler,60.766546630360374,22,6,69.06675378357818,8.37
2025-02-03 10:45:00,Bus,52.92951320881911,7,1,100.0,11.36
2025-02-03 11:00:00,Car,29.01023173992713,22,10,45.05895781440326,7.77
2025-02-03 11:15:00,Bus,31.135196614116595,22,5,45.857231803538085,7.32
2025-02-03 11:30:00,Car,45.071166871152734,50,6,43.7319923417744,7.28
2025-02-03 11:45:00,Two-Wheeler,24.218102132310925,22,2,46.2844102677452,13.16
2025-02-03 12:00:00,Car,15.201032140975975,11,2,61.358486393726636,10.46
2025-02-03 12:15:00,Car,18.30015414894134,50,14,46.18335507632013,7.39
2025-02-03 12:30:00,Car,48.13771018039171,50,4,53.97555187295866,9.86
2025-02-03 12:45:00,Two-Wheeler,52.44430214409167,50,7,39.659994113092736,12.6
2025-02-03 13:00:00,Bus,26.082347894428903,11,7,56.53762557729214,12.93
2025-02-03 13:15:00,Car,37.74205435013761,11,7,46.27117986731304,5.45
2025-02-03 13:30:00,Bus,40.08035185220837,7,6,36.89426827424009,12.66
2025-02-03 13:45:00,Car,31.979972377306016,22,10,41.88266654005166,12.88
2025-02-03 14:00:00,Bus,48.75574401596616,7,4,45.48910009096892,12.06
2025-02-03 14:15:00,Car,31.941099635916345,7,6,48.16942726944981,5.81
2025-02-03 14:30:00,Car,58.78309122506242,11,7,62.25431858866497,11.51
2025-02-03 14:45:00,Car,28.2981069802692,7,5,35.44149002022176,9.79
2025-02-03 15:00:00,Car,31.80878638541744,50,13,67.66348702930026,12.0
2025-02-03 15:15:00,Car,49.608254010172445,11,1,59.196223982983106,6.14
2025-02-03 15:30:00,Two-Wheeler,24.412416642071552,50,3,36.91872875429206,8.46
2025-02-03 15:45:00,Car,39.170867260055125,7,4,61.43358738511009,5.43
2025-02-03 16:00:00,Bus,50.63572478397075,50,1,31.670129631431113,10.71
2025-02-03 16:15:00,Car,20.343578522224952,22,4,52.91958044790562,11.75
2025-02-03 16:30:00,Two-Wheeler,44.08097358749305,11,3,47.31598651405165,10.98
2025-02-03 16:45:00,Bus,20.57286228057245,11,8,44.88435374749604,8.8
2025-02-03 17:00:00,Two-Wheeler,54.86112180134812,50,11,79.64949195736695,8.92
2025-02-03 17:15:00,Car,32.43573914299692,7,5,72.5801671158595,11.16
2025-02-03 17:30:00,Two-Wheeler,70.0733754045781,11,2,100.0,10.55
2025-02-03 17:45:00,Car,64.98602077304875,11,9,88.91155466071046,9.23
2025-02-03 18:00:00,Bus,10.653526648299765,50,7,78.8417793297148,5.77
2025-02-03 18:15:00,Bus,61.432411869380644,7,5,78.32286539646323,13.71
2025-02-03 18:30:00,Two-Wheeler,35.69933408476024,7,8,100.0,14.99
2025-02-03 18:45:00,Bus,54.28824401083117,7,4,100.0,9.08
2025-02-03 19:00:00,Two-Wheeler,76.14822096322655,7,5,98.9399607491008,6.02
2025-02-03 19:15:00,Bus,56.0582155498387,50,1,64.63784958892563,11.96
2025-02-03 19:30:00,Bus,57.24602598538774,50,0,97.89903746637208,7.41
2025-02-03 19:45:00,Car,52.29289858180053,7,9,89.58251764864791,8.0
2025-02-03 20:00:00,Two-Wheeler,71.05923031951006,11,3,78.25352465269286,9.66
2025-02-03 20:15:00,Bus,32.04032821100884,22,6,79.32075963814269,9.29
2025-02-03 20:30:00,Two-Wheeler,32.501124690409725,22,3,96.98740544492009,5.0
2025-02-03 20:45:00,Two-Wheeler,17.810516883160524,50,5,98.56146446376147,11.4
2025-02-03 21:00:00,Car,29.031746763415434,22,3,100.0,5.76
2025-02-03 21:15:00,Two-Wheeler,42.81764770894571,22,5,86.8624875913255,14.39
2025-02-03 21:30:00,Two-Wheeler,25.486999382725244,7,1,87.1701996803296,6.94
2025-02-03 21:45:00,Two-Wheeler,33.31121788144346,11,8,93.31612306003188,6.7
2025-02-03 22:00:00,Car,21.027114709992965,50,2,14.212916961866942,11.78
2025-02-03 22:15:00,Two-Wheeler,61.98595641105443,11,2,19.872573684231018,8.43
2025-02-03 22:30:00,Two-Wheeler,26.921379947860938,50,1,22.98828414273091,9.79
2025-02-03 22:45:00,Bus,42.73172916423836,11,5,22.678976574684032,12.5
2025-02-03 23:00:00,Two-Wheeler,71.63048865841908,22,6,22.515709333381935,5.98
2025-02-03 23:15:00,Bus,23.082449869027588,22,3,22.63307495659187,13.28
2025-02-03 23:30:00,Two-Wheeler,16.741964212132324,7,8,36.089385447119895,14.72
2025-02-03 23:45:00,Bus,20.323695107395245,22,5,28.629757454098336,9.4
2025-02-04 00:00:00,Bus,13.417674447191262,11,7,32.31618322979914,9.31
2025-02-04 00:15:00,Two-Wheeler,18.784384854042017,50,12,28.574158639490413,7.51
2025-02-04 00:30:00,Two-Wheeler,37.724066314943244,50,2,17.90738152220759,13.62
2025-02-04 00:45:00,Two-Wheeler,19.052987482831618,22,6,19.235157460558792,12.58
2025-02-04 01:00:00,Bus,79.37746929231804,11,0,22.97010276143075,10.84
2025-02-04 01:15:00,Two-Wheeler,16.15547121439643,22,2,27.67146270215981,9.42
2025-02-04 01:30:00,Bus,57.775571834288556,22,6,25.600541792561543,12.32
2025-02-04 01:45:00,Two-Wheeler,17.273566868100335,50,0,29.10001515005105,6.0
2025-02-04 02:00:00,Car,39.40207094841678,7,1,11.616173481962122,14.14
2025-02-04 02:15:00,Two-Wheeler,13.851759548917546,7,6,18.706711552379133,14.78
2025-02-04 02:30:00,Bus,62.883885276251746,11,4,24.780100896515012,9.29
2025-02-04 02:45:00,Two-Wheeler,34.36576660104792,50,9,24.63149443764568,9.12
2025-02-04 03:00:00,Two-Wheeler,11.051478708577399,50,1,13.623750838360216,11.48
2025-02-04 03:15:00,Bus,13.814518520475014,11,3,25.45493228590453,9.04
2025-02-04 03:30:00,Bus,32.19742186494739,22,6,22.36139265757484,7.46
2025-02-04 03:45:00,Two-Wheeler,23.849030498918715,11,12,22.705260362102937,13.4
2025-02-04 04:00:00,Two-Wheeler,24.15046557950405,22,5,17.464232384732714,8.47
2025-02-04 04:15:00,Car,15.59502812978524,50,0,11.827569540145417,13.89
2025-02-04 04:30:00,Bus,57.568922344387616,7,3,14.490138014721325,13.24
2025-02-04 04:45:00,Two-Wheeler,47.91167795603532,50,1,21.980189645245666,10.97
2025-02-04 05:00:00,Bus,78.74597579737232,7,3,24.072946577339458,14.19
2025-02-04 05:15:00,Bus,18.978133498269564,7,7,26.80884505038934,10.33
2025-02-04 05:30:00,Bus,88.04791434004126,11,6,16.24458358047118,12.81
2025-02-04 05:45:00,Car,34.94496384445177,7,6,26.941717845359175,6.29
2025-02-04 06:00:00,Car,27.826211225701773,11,7,29.49824833154169,11.92
2025-02-04 06:15:00,Bus,66.20851166480878,22,9,21.85335601653509,9.59
2025-02-04 06:30:00,Bus,11.965862609222851,7,6,21.489002900961943,14.27
2025-02-04 06:45:00,Two-Wheeler,86.51543877647335,22,5,21.99310681073668,12.49
2025-02-04 07:00:00,Bus,74.26568666721504,7,1,66.25751457810597,10.94
2025-02-04 07:15:00,Bus,79.65616312887768,50,3,80.12408463017603,14.64
2025-02-04 07:30:00,Car,72.81495276992052,11,0,94.29595457333116,14.89
2025-02-04 07:45:00,Bus,58.92811452385199,7,8,82.68326268035885,9.55
2025-02-04 08:00:00,Car,15.151502746933353,22,6,95.75368981934388,14.16
2025-02-04 08:15:00,Car,30.227602511065925,11,2,100.0,10.12
2025-02-04 08:30:00,Bus,42.44501479873926,22,3,91.22854741303915,10.84
2025-02-04 08:45:00,Two-Wheeler,54.399454230552074,22,0,76.22203078541641,12.22
2025-02-04 09:00:00,Car,30.04265067340082,7,4,67.99162727141024,13.02
2025-02-04 09:15:00,Two-Wheeler,65.98823597420444,11,8,80.6233114430321,7.97
2025-02-04 09:30:00,Two-Wheeler,64.87267327540326,11,1,72.03262098539973,8.08
2025-02-04 09:45:00,Two-Wheeler,20.64483103474055,11,4,85.74480428779079,11.62
2025-02-04 10:00:00,Car,64.45349708820326,11,1,99.35720825290306,7.1
2025-02-04 10:15:00,Two-Wheeler,49.30617321533321,22,6,67.13562072893106,5.78
2025-02-04 10:30:00,Car,38.38886802387788,11,5,75.93250092488671,8.61
2025-02-04 10:45:00,Two-Wheeler,31.343208074118696,11,6,100.0,13.28
2025-02-04 11:00:00,Two-Wheeler,17.309416401791044,22,3,58.32535525513387,13.98
2025-02-04 11:15:00,Bus,29.060006406227487,50,12,52.52110949433005,13.28
2025-02-04 11:30:00,Bus,36.76633097614069,22,1,39.09505001347301,8.2
2025-02-04 11:45:00,Two-Wheeler,45.37742051887135,11,5,55.36454502222046,12.45
2025-02-04 12:00:00,Two-Wheeler,19.647349831442277,22,5,38.34924714615096,12.96
2025-02-04 12:15:00,Bus,33.714217512676754,11,3,38.07843832628889,6.98
2025-02-04 12:30:00,Two-Wheeler,19.15236126892744,22,1,38.97837567693375,6.34
2025-02-04 12:45:00,Two-Wheeler,34.941948142766044,11,1,42.82693654827431,14.17
2025-02-04 13:00:00,Two-Wheeler,19.931788777993745,11,0,30.268960080987167,14.55
2025-02-04 13:15:00,Car,49.104631644122904,7,2,42.98712675773535,14.64
2025-02-04 13:30:00,Two-Wheeler,53.70372016995499,7,3,35.76883404416416,9.33
2025-02-04 13:45:00,Car,45.356393012394534,7,2,61.37249579100576,9.63
2025-02-04 14:00:00,Two-Wheeler,48.01255853900834,22,8,67.73238327482852,8.9
2025-02-04 14:15:00,Bus,24.504387859204225,22,2,57.935048848803554,12.87
2025-02-04 14:30:00,Two-Wheeler,37.13994488745266,22,5,40.85824305516848,10.05
2025-02-04 14:45:00,Car,22.461917097009202,11,1,41.8536147356009,13.67
2025-02-04 15:00:00,Car,24.11863108804498,7,6,55.61501912409605,7.34
2025-02-04 15:15:00,Car,43.83682516616717,7,3,45.49564178663531,11.81
2025-02-04 15:30:00,Bus,39.82487688551835,11,6,44.6327268843429,10.47
2025-02-04 15:45:00,Bus,25.38317607301074,7,3,61.65200480857597,13.91
2025-02-04 16:00:00,Two-Wheeler,60.621466760102265,7,6,42.76903282820352,8.61
2025-02-04 16:15:00,Car,67.29031614603579,22,8,53.29425207841472,7.16
2025-02-04 16:30:00,Two-Wheeler,51.93016595279059,50,1,37.89325724971447,12.89
2025-02-04 16:45:00,Bus,19.522476498047915,50,0,58.45119964493432,7.47
2025-02-04 17:00:00,Car,47.51220194955262,50,7,78.06769373958201,10.73
2025-02-04 17:15:00,Bus,19.897746676480036,11,3,88.27915945392584,12.6
2025-02-04 17:30:00,Car,44.34014865057655,22,9,76.27187525048409,7.02
2025-02-04 17:45:00,Two-Wheeler,17.345113497067835,50,5,69.0045817862407,9.94
2025-02-04 18:00:00,Two-Wheeler,24.265665095175322,50,5,89.57076691111686,10.3
2025-02-04 18:15:00,Car,32.36737173906624,7,3,70.58436665548778,5.37
2025-02-04 18:30:00,Two-Wheeler,51.2173862202634,11,3,74.64593871278657,14.45
2025-02-04 18:45:00,Bus,45.25921249695324,50,12,100.0,13.01
2025-02-04 19:00:00,Bus,43.37978643340263,11,1,88.74947209318289,10.76
2025-02-04 19:15:00,Car,15.450544215738155,50,1,62.80568295448475,5.83
2025-02-04 19:30:00,Bus,54.52493807970039,22,2,80.43296322303189,11.8
2025-02-04 19:45:00,Two-Wheeler,42.552226390954715,22,5,83.57599223283974,5.4
2025-02-04 20:00:00,Car,53.54907966994211,7,4,90.7542569110424,14.16
2025-02-04 20:15:00,Bus,23.32772479106951,50,7,81.2380844069531,5.07
2025-02-04 20:30:00,Bus,33.81633918256997,50,1,76.36700717599338,10.72
2025-02-04 20:45:00,Bus,85.57560682336234,7,7,77.34724548256195,5.03
2025-02-04 21:00:00,Car,37.64642998510054,50,6,66.49142382603588,9.88
2025-02-04 21:15:00,Car,56.58426611398236,11,5,97.09839922658267,14.31
2025-02-04 21:30:00,Car,25.363212107590016,22,4,100.0,5.47
2025-02-04 21:45:00,Car,21.930170133387602,11,9,70.62048143391979,11.48
2025-02-04 22:00:00,Car,43.65055066497517,22,9,33.08847080095515,11.45
2025-02-04 22:15:00,Bus,34.37653633002097,11,6,22.188908127806734,8.3
2025-02-04 22:30:00,Two-Wheeler,40.75926685961909,11,1,13.158230747492363,8.29
2025-02-04 22:45:00,Car,61.37209138757393,50,0,15.955015389879163,14.3
2025-02-04 23:00:00,Two-Wheeler,45.34771932222553,7,8,34.66750126874972,11.38
2025-02-04 23:15:00,Car,54.14169959140632,7,2,18.59607486752042,13.2
2025-02-04 23:30:00,Two-Wheeler,42.55389636239859,50,7,18.34670797770014,5.43
2025-02-04 23:45:00,Two-Wheeler,46.044787818245354,50,6,29.554737935337684,12.12
2025-02-05 00:00:00,Car,87.71356513140607,22,7,23.2028279602927,13.3
2025-02-05 00:15:00,Bus,18.619302501450353,7,11,34.74181727725421,14.23
2025-02-05 00:30:00,Bus,19.07051984155778,11,4,19.953943295372255,8.87
2025-02-05 00:45:00,Bus,12.683412951602914,11,8,24.2270568685663,9.49
2025-02-05 01:00:00,Car,43.676016232931374,50,2,15.282203138961952,8.92
2025-02-05 01:15:00,Two-Wheeler,30.48881024650301,22,8,37.15158755173213,14.05
2025-02-05 01:30:00,Bus,34.84367334111201,50,4,15.797257694698207,13.78
2025-02-05 01:45:00,Bus,71.86651577935302,50,2,12.896355926782713,9.26
2025-02-05 02:00:00,Car,30.675883868772516,7,4,33.91554242141854,5.06
2025-02-05 02:15:00,Bus,49.14845688877963,50,2,31.86221063645566,10.91
2025-02-05 02:30:00,Car,26.468114647113552,7,5,20.816434587370445,8.33
2025-02-05 02:45:00,Car,57.330616720298494,50,1,11.05934117420982,13.07
2025-02-05 03:00:00,Two-Wheeler,33.77118373510966,22,8,21.754019672645263,14.52
2025-02-05 03:15:00,Bus,14.868498478473642,50,4,33.70900728018047,12.25
2025-02-05 03:30:00,Bus,31.74007740693926,11,6,28.40278389844255,14.21
2025-02-05 03:45:00,Bus,50.7727999757714,7,7,32.77397979106944,5.29
2025-02-05 04:00:00,Two-Wheeler,18.356815333784215,7,3,16.12580561963682,9.97
2025-02-05 04:15:00,Bus,40.891875402799066,7,7,30.483277379351797,12.57
2025-02-05 04:30:00,Car,60.28102750701234,22,8,21.906348210867183,14.39
2025-02-05 04:45:00,Two-Wheeler,35.93997790133402,7,6,32.98113504120875,5.78
2025-02-05 05:00:00,Two-Wheeler,27.86075083187407,50,6,17.734586313715848,11.07
2025-02-05 05:15:00,Car,47.819996814272244,11,6,35.55574084818658,12.69
2025-02-05 05:30:00,Bus,70.43004554816216,7,5,24.013954862510563,14.81
2025-02-05 05:45:00,Bus,40.598336274779854,11,3,30.913740153112236,7.41
2025-02-05 06:00:00,Two-Wheeler,23.006557501066887,7,4,27.295985533787942,6.68
2025-02-05 06:15:00,Car,83.85480415417446,50,11,23.041920234199946,9.22
2025-02-05 06:30:00,Two-Wheeler,30.216437458953344,11,4,28.627120961914375,9.61
2025-02-05 06:45:00,Car,31.465579449213465,7,2,18.269333247571893,11.77
2025-02-05 07:00:00,Car,23.810813931960467,7,4,100.0,6.57
2025-02-05 07:15:00,Two-Wheeler,85.17962621312094,11,2,74.7687804182277,14.58
2025-02-05 07:30:00,Car,63.682529647908744,7,4,91.74162749215067,12.36
2025-02-05 07:45:00,Two-Wheeler,78.45943695113206,7,7,76.63570677646922,5.74
2025-02-05 08:00:00,Car,72.79427657107018,7,4,97.07696923423731,9.38
2025-02-05 08:15:00,Car,16.373651227664034,7,0,81.98554421146159,7.39
2025-02-05 08:30:00,Two-Wheeler,56.4112429909612,50,0,99.93985299209808,5.74
2025-02-05 08:45:00,Two-Wheeler,67.83232334472368,22,3,72.99637797400241,6.4
2025-02-05 09:00:00,Two-Wheeler,72.15455735568148,7,0,62.40259959373722,6.34
2025-02-05 09:15:00,Two-Wheeler,83.14563120198109,11,3,100.0,11.34
2025-02-05 09:30:00,Bus,36.37287938944669,22,2,76.29423141046288,11.02
2025-02-05 09:45:00,Bus,84.06597497356574,50,4,78.62932457856907,8.64
2025-02-05 10:00:00,Car,38.51207931032801,22,4,64.16263719790656,10.5
2025-02-05 10:15:00,Bus,62.93987779924469,50,2,63.0883353523852,11.29
2025-02-05 10:30:00,Car,23.027293280921228,7,8,85.7815122597,8.43
2025-02-05 10:45:00,Car,22.327739537977862,22,0,77.63497264813833,11.25
2025-02-05 11:00:00,Car,30.530841944745504,22,10,46.81455245010069,7.05
2025-02-05 11:15:00,Two-Wheeler,33.23215169347302,11,3,33.079833108578384,10.87
2025-02-05 11:30:00,Car,56.22041839110096,50,3,57.084606160243645,13.07
2025-02-05 11:45:00,Car,16.333032618770595,50,5,40.26131374954886,7.27
2025-02-05 12:00:00,Two-Wheeler,50.85446506989548,11,6,65.87793497694126,5.2
2025-02-05 12:15:00,Car,28.21147621198131,22,7,57.10949741056933,5.31
2025-02-05 12:30:00,Two-Wheeler,65.98833361481431,22,4,51.749385901734854,8.24
2025-02-05 12:45:00,Two-Wheeler,49.267781525872266,11,6,56.13354864394614,5.28
2025-02-05 13:00:00,Car,52.92571038156756,50,9,62.06189947541556,11.1
2025-02-05 13:15:00,Car,39.28763927297797,7,4,43.8513951724119,6.17
2025-02-05 13:30:00,Two-Wheeler,22.656163965271805,11,6,40.79181554336436,8.9
2025-02-05 13:45:00,Bus,51.137498312668086,22,2,37.317640321318805,10.64
2025-02-05 14:00:00,Car,35.980258650109135,50,3,59.95279961967158,11.26
2025-02-05 14:15:00,Two-Wheeler,30.242022099646526,22,8,65.95227794681404,10.78
2025-02-05 14:30:00,Bus,33.69626190420738,50,1,38.46933413048067,5.57
2025-02-05 14:45:00,Car,31.782132157450953,11,0,44.51013776996972,13.81
2025-02-05 15:00:00,Two-Wheeler,34.05905156937769,7,6,39.50750563855167,7.97
2025-02-05 15:15:00,Car,50.39877172484197,7,8,44.450389140035,10.72
2025-02-05 15:30:00,Car,42.839249875761034,22,7,47.543748629361616,11.34
2025-02-05 15:45:00,Bus,13.517216565016403,22,3,47.38846421201622,5.92
2025-02-05 16:00:00,Car,53.25276101292742,11,5,36.986929653965916,10.78
2025-02-05 16:15:00,Car,31.226412466230215,7,2,36.37876236553533,8.29
2025-02-05 16:30:00,Car,57.08932288943788,7,4,44.07554207384074,7.83
2025-02-05 16:45:00,Car,33.68947712306976,11,6,54.92981513831087,14.34
2025-02-05 17:00:00,Bus,50.500025547396866,11,1,84.65493092440656,10.87
2025-02-05 17:15:00,Car,80.06529131943273,11,6,69.66739323822743,8.01
2025-02-05 17:30:00,Two-Wheeler,38.89219877224186,7,5,74.82679102911123,14.24
2025-02-05 17:45:00,Bus,45.25349831816263,22,8,85.9285590165228,8.45
2025-02-05 18:00:00,Two-Wheeler,39.7491629771377,22,3,81.88656274985131,13.42
2025-02-05 18:15:00,Bus,55.62956669600525,50,6,100.0,7.18
2025-02-05 18:30:00,Car,33.08824783237583,7,4,82.96146033944318,8.02
2025-02-05 18:45:00,Two-Wheeler,29.76139810362076,22,3,70.38697390768992,10.04
2025-02-05 19:00:00,Two-Wheeler,59.59169432482603,50,5,84.52262304231574,8.62
2025-02-05 19:15:00,Car,46.736067050604454,11,5,96.15050433387992,7.74
2025-02-05 19:30:00,Car,29.956613720219465,22,7,100.0,6.93
2025-02-05 19:45:00,Bus,47.222914761754744,50,6,68.4914379473239,11.81
2025-02-05 20:00:00,Bus,23.97321555791967,50,3,63.53239188922574,7.6
2025-02-05 20:15:00,Car,50.796808171991756,11,5,89.9219800032005,9.39
2025-02-05 20:30:00,Car,32.47038520738381,7,5,100.0,10.71
2025-02-05 20:45:00,Bus,61.06680574510063,50,6,70.93637399933141,12.09
2025-02-05 21:00:00,Car,51.970318727053964,7,7,75.92452859044434,9.08
2025-02-05 21:15:00,Bus,23.11744656651147,11,9,100.0,7.13
2025-02-05 21:30:00,Car,65.39860794235244,22,5,77.27029476493557,7.39
2025-02-05 21:45:00,Bus,42.02697728324283,22,4,77.67339678535885,5.09
2025-02-05 22:00:00,Two-Wheeler,64.23776245519618,50,1,11.602950310328046,6.1
2025-02-05 22:15:00,Car,43.409060853015305,7,4,16.109021302292003,13.59
2025-02-05 22:30:00,Two-Wheeler,24.344223189541392,50,6,25.844962020747257,11.13
2025-02-05 22:45:00,Two-Wheeler,18.543511752642825,7,11,31.43385260380515,10.0
2025-02-05 23:00:00,Bus,22.477834162683287,50,11,38.81747462254771,12.71
2025-02-05 23:15:00,Bus,34.22443583082533,11,5,18.70280663947895,6.42
2025-02-05 23:30:00,Car,62.381820003572244,22,5,23.670691889088626,10.56
2025-02-05 23:45:00,Two-Wheeler,12.399688308105157,7,13,41.87769820077757,14.35
2025-02-06 00:00:00,Two-Wheeler,12.813122254140575,7,6,23.687006686882988,6.71
2025-02-06 00:15:00,Car,33.85993990872079,7,2,29.47971240297671,14.86
2025-02-06 00:30:00,Two-Wheeler,38.91667793661102,22,4,25.677256062571722,8.33
2025-02-06 00:45:00,Car,58.29555384751862,11,4,28.11743713535066,8.83
2025-02-06 01:00:00,Two-Wheeler,54.97733287594442,7,3,22.140869061084196,6.0
2025-02-06 01:15:00,Bus,56.101962369229355,11,3,23.28079950089547,7.49
2025-02-06 01:30:00,Two-Wheeler,19.966225680053476,7,4,30.206697354611354,14.93
2025-02-06 01:45:00,Bus,41.075615360688985,7,0,22.537842938028973,10.14
2025-02-06 02:00:00,Bus,67.02904950649082,22,7,26.810866171432735,6.17
2025-02-06 02:15:00,Car,56.266203397888795,50,3,32.295723059000736,14.99
2025-02-06 02:30:00,Bus,22.164729006322403,7,0,19.209289247572613,11.6
2025-02-06 02:45:00,Car,26.13067210539297,7,2,15.593145912052847,8.99
2025-02-06 03:00:00,Car,65.81611417388059,22,2,18.854363580537978,7.52
2025-02-06 03:15:00,Bus,63.50573872190855,11,7,17.778069355261948,11.12
2025-02-06 03:30:00,Car,27.59757052230992,7,12,25.94265443716101,14.27
2025-02-06 03:45:00,Car,30.049729981492565,22,7,28.391254813298325,11.57
2025-02-06 04:00:00,Bus,56.202373902856465,22,3,25.253662061094975,11.44
2025-02-06 04:15:00,Bus,29.25270378699008,50,4,27.854302853885965,13.21
2025-02-06 04:30:00,Car,26.951505868944928,50,1,30.914557109173366,12.83
2025-02-06 04:45:00,Bus,47.69777414739656,11,3,30.709611370642865,7.79
2025-02-06 05:00:00,Two-Wheeler,49.72984141008672,7,4,19.036235463612183,10.66
2025-02-06 05:15:00,Two-Wheeler,45.74332322462143,50,1,12.127559334940901,13.11
2025-02-06 05:30:00,Car,8.391711162706311,50,6,18.840859466866124,6.68
2025-02-06 05:45:00,Two-Wheeler,25.95138730833775,22,3,22.208489783245856,14.92
2025-02-06 06:00:00,Two-Wheeler,81.54682158985,22,7,27.791004371542492,6.04
2025-02-06 06:15:00,Two-Wheeler,62.329936446470626,7,3,27.371246259696523,10.8
2025-02-06 06:30:00,Car,51.80945086808612,22,6,35.25963555304322,8.1
2025-02-06 06:45:00,Bus,27.89755738738045,22,9,23.066813074334657,13.98
2025-02-06 07:00:00,Car,33.807969645145995,11,1,95.11215933105889,12.5
2025-02-06 07:15:00,Car,19.434472116426747,22,1,63.62306053180964,9.99
2025-02-06 07:30:00,Two-Wheeler,56.11232325669638,22,0,85.59615348123535,8.06
2025-02-06 07:45:00,Car,21.127958712453104,22,4,73.67784946352464,6.58
2025-02-06 08:00:00,Car,25.252112184415896,7,6,69.13344884989087,6.2
2025-02-06 08:15:00,Two-Wheeler,23.720111712134543,50,3,100.0,11.58
2025-02-06 08:30:00,Car,27.4473143522721,22,0,97.17964768176871,11.84
2025-02-06 08:45:00,Two-Wheeler,32.10607115042704,22,0,60.72671283708668,9.37
2025-02-06 09:00:00,Car,61.55198169569318,22,1,67.23552652748194,13.35
2025-02-06 09:15:00,Two-Wheeler,26.76254075320359,22,4,65.07118298356419,5.11
2025-02-06 09:30:00,Bus,16.597432070628876,11,2,67.9668839244264,7.44
2025-02-06 09:45:00,Bus,17.878710913083008,22,0,83.73475210354698,13.66
2025-02-06 10:00:00,Two-Wheeler,67.09393872522028,7,0,85.75933693481954,14.03
2025-02-06 10:15:00,Car,51.8129094064078,7,3,79.14500514044485,11.34
2025-02-06 10:30:00,Bus,58.76256352497218,11,11,100.0,12.92
2025-02-06 10:45:00,Car,14.153318598675021,22,2,81.31640873401186,12.62
2025-02-06 11:00:00,Car,50.68703949538167,50,8,62.1885792332543,11.69
2025-02-06 11:15:00,Two-Wheeler,13.71565634408759,22,7,40.72504617018378,6.35
2025-02-06 11:30:00,Two-Wheeler,12.222524703808794,7,6,37.293016033749936,14.93
2025-02-06 11:45:00,Two-Wheeler,33.665367243240624,22,0,30.53931993528579,5.79
2025-02-06 12:00:00,Car,45.183940142288954,50,6,59.16250627332923,6.17
2025-02-06 12:15:00,Car,36.82215954368147,50,4,38.43564778178522,5.47
2025-02-06 12:30:00,Car,36.793881025121856,7,5,49.432996436238184,14.96
2025-02-06 12:45:00,Bus,19.04964892201086,7,4,57.28264742344103,14.43
2025-02-06 13:00:00,Two-Wheeler,27.326696578637083,7,3,44.36767368096882,12.95
2025-02-06 13:15:00,Two-Wheeler,65.13475722775057,50,3,52.43753335764454,10.19
2025-02-06 13:30:00,Two-Wheeler,63.80774079452319,7,5,52.50758036502947,10.69
2025-02-06 13:45:00,Bus,28.363288702084745,50,1,56.995773969445295,9.53
2025-02-06 14:00:00,Bus,34.177354971614,50,2,56.8504684088043,8.42
2025-02-06 14:15:00,Bus,27.19016204122688,50,6,57.57568042828268,10.87
2025-02-06 14:30:00,Two-Wheeler,43.246604275470936,7,7,57.3509973678335,5.56
2025-02-06 14:45:00,Car,25.477527764424465,50,0,57.17862750035164,8.17
2025-02-06 15:00:00,Two-Wheeler,62.11555237005247,50,5,55.08337325687667,13.19
2025-02-06 15:15:00,Bus,20.198355042910787,22,0,33.374512643591345,11.39
2025-02-06 15:30:00,Two-Wheeler,33.296483237889184,22,7,37.012309475121604,7.77
2025-02-06 15:45:00,Car,18.370943840316514,11,5,54.17660417944013,6.31
2025-02-06 16:00:00,Car,49.004436125249406,22,4,35.84145836400593,6.18
2025-02-06 16:15:00,Two-Wheeler,21.83683763546288,11,1,60.3332069201392,12.71
2025-02-06 16:30:00,Car,41.669683167025696,50,5,52.138510584971215,8.81
2025-02-06 16:45:00,Bus,34.058147629901626,11,7,38.136130280857785,13.07
2025-02-06 17:00:00,Two-Wheeler,29.72195189463507,50,5,66.11990971282508,5.65
2025-02-06 17:15:00,Car,12.680545521532988,7,2,82.39427090580075,6.75
2025-02-06 17:30:00,Bus,15.43620586023156,11,0,97.01797786376166,5.41
2025-02-06 17:45:00,Two-Wheeler,44.02604907817639,11,4,84.76152518753608,14.33
2025-02-06 18:00:00,Car,71.42240664781738,50,1,92.81922510322653,7.23
2025-02-06 18:15:00,Two-Wheeler,18.934643060063856,50,1,64.2941050256764,8.61
2025-02-06 18:30:00,Two-Wheeler,39.60423900181031,11,4,95.58978905331912,13.38
2025-02-06 18:45:00,Bus,22.42564650419682,50,3,69.17063341186453,5.06
2025-02-06 19:00:00,Car,49.20143151681441,50,2,86.65746003998258,5.66
2025-02-06 19:15:00,Car,39.60936153055244,7,10,100.0,8.8
2025-02-06 19:30:00,Bus,19.822327876814064,7,2,83.26420526601598,8.04
2025-02-06 19:45:00,Two-Wheeler,24.07726644782631,7,6,95.83134980784753,6.85
2025-02-06 20:00:00,Bus,21.436712395368506,11,2,93.08548655094947,8.09
2025-02-06 20:15:00,Bus,11.776929459956536,22,10,70.67820085962916,11.21
2025-02-06 20:30:00,Car,87.39356976152182,7,10,87.58775679861688,13.92
2025-02-06 20:45:00,Car,80.93337214918655,11,3,92.89372033774121,7.75
2025-02-06 21:00:00,Two-Wheeler,26.163908412779048,7,8,74.92851798863792,8.82
2025-02-06 21:15:00,Car,58.193515507185964,50,4,72.43592594497947,7.17
2025-02-06 21:30:00,Car,33.91336148023437,11,5,97.072719893043,6.4
2025-02-06 21:45:00,Car,49.43204921236305,7,1,93.94302765251804,8.41
2025-02-06 22:00:00,Two-Wheeler,51.702172450765545,22,8,20.508305045436593,14.67
2025-02-06 22:15:00,Car,33.85184961214614,22,4,32.30269515436865,7.59
2025-02-06 22:30:00,Two-Wheeler,52.51952710873779,11,7,19.629157842326194,9.89
2025-02-06 22:45:00,Bus,32.12571119349062,50,6,34.14614565720649,12.46
2025-02-06 23:00:00,Bus,84.69981339333506,50,2,19.768818917057487,12.82
2025-02-06 23:15:00,Bus,41.01600737033023,7,9,23.373286287661728,6.99
2025-02-06 23:30:00,Bus,76.42682521507322,7,0,22.647472723208402,8.1
2025-02-06 23:45:00,Two-Wheeler,20.157405544375685,22,4,19.145882752442095,10.21
2025-02-07 00:00:00,Two-Wheeler,44.436382993662754,50,4,19.881902474521073,8.55
2025-02-07 00:15:00,Bus,40.78996351432601,7,8,30.27223550914909,8.07
2025-02-07 00:30:00,Bus,20.424977514247477,7,4,33.47202580292854,13.93
2025-02-07 00:45:00,Two-Wheeler,52.664931323948736,11,0,19.368901257735388,11.27
2025-02-07 01:00:00,Car,64.77502352807096,7,2,29.02102772576829,5.72
2025-02-07 01:15:00,Car,24.622559430720333,7,10,28.243777232184552,6.45
2025-02-07 01:30:00,Bus,37.58757483831525,22,3,20.64648882489503,10.14
2025-02-07 01:45:00,Bus,30.992965282871893,22,5,26.30494901926997,8.58
2025-02-07 02:00:00,Car,50.52156869223112,7,3,21.878490664272608,5.46
2025-02-07 02:15:00,Bus,43.3280232547042,11,1,17.046921766301956,13.25
2025-02-07 02:30:00,Car,19.75443657776431,22,8,28.480592119476952,5.79
2025-02-07 02:45:00,Two-Wheeler,80.88263228734061,7,3,23.308986035605738,14.7
2025-02-07 03:00:00,Car,89.17086863945707,11,7,36.97933814834251,9.66
2025-02-07 03:15:00,Bus,71.81252380293691,22,1,29.828997002993063,8.82
2025-02-07 03:30:00,Bus,20.302113860066445,50,4,16.439997913033753,13.35
2025-02-07 03:45:00,Car,21.874968276442647,50,3,22.408748293642617,12.0
2025-02-07 04:00:00,Two-Wheeler,13.092551482199989,50,8,29.61809885600818,8.27
2025-02-07 04:15:00,Two-Wheeler,74.14624843118219,7,8,28.96264181335617,7.72
2025-02-07 04:30:00,Two-Wheeler,31.99678616148298,11,7,19.07832870544211,7.51
2025-02-07 04:45:00,Bus,34.94246446781879,50,5,23.427124193071517,10.64
2025-02-07 05:00:00,Two-Wheeler,46.95316781615431,11,4,23.153764140999243,12.11
2025-02-07 05:15:00,Car,28.690735838783823,22,1,17.156599211580183,5.42
2025-02-07 05:30:00,Bus,37.72716791240786,11,10,34.55316454744589,9.25
2025-02-07 05:45:00,Car,43.40345153675289,11,6,18.909299626190386,8.01
2025-02-07 06:00:00,Bus,23.95241632709645,7,7,25.913995821911442,8.02
2025-02-07 06:15:00,Bus,30.297366167539654,22,6,16.251649402030782,8.59
2025-02-07 06:30:00,Two-Wheeler,42.16429129194676,7,2,19.11017414861653,11.39
2025-02-07 06:45:00,Car,49.26764811075848,22,3,21.0530842267898,11.9
2025-02-07 07:00:00,Bus,21.2383076306196,22,12,100.0,8.5
2025-02-07 07:15:00,Car,40.694894769369895,11,3,100.0,14.88
2025-02-07 07:30:00,Bus,16.807048395151977,22,5,78.42255390004533,9.27
2025-02-07 07:45:00,Bus,53.14764027884497,22,4,100.0,7.66
2025-02-07 08:00:00,Two-Wheeler,19.501685053443218,50,5,84.26851015511016,7.09
2025-02-07 08:15:00,Car,76.96159210593586,11,1,93.85758526509545,5.39
2025-02-07 08:30:00,Bus,51.24689484252232,11,7,76.8662496114272,11.11
2025-02-07 08:45:00,Bus,40.3998300385111,11,4,100.0,13.26
2025-02-07 09:00:00,Two-Wheeler,20.064205223359718,22,7,75.13958949654946,8.93
2025-02-07 09:15:00,Two-Wheeler,46.39397975056353,11,8,99.21779086327686,14.19
2025-02-07 09:30:00,Two-Wheeler,15.893467823354257,50,5,89.07216553466212,13.19
2025-02-07 09:45:00,Car,47.89025263977658,50,4,80.53946211161607,13.67
2025-02-07 10:00:00,Car,37.827644985689396,50,5,99.12195991032479,11.48
2025-02-07 10:15:00,Two-Wheeler,55.61987445851821,11,7,77.30643832021778,6.5
2025-02-07 10:30:00,Two-Wheeler,23.674971125964376,7,7,83.39314061017548,13.34
2025-02-07 10:45:00,Bus,26.406732899288578,50,10,100.0,13.55
2025-02-07 11:00:00,Car,63.59423037759328,22,5,42.47443417129825,6.69
2025-02-07 11:15:00,Bus,45.2138869610167,11,8,58.717690253610435,5.76
2025-02-07 11:30:00,Two-Wheeler,44.113569655637285,50,5,44.854241292513954,11.7
2025-02-07 11:45:00,Two-Wheeler,36.71595321006849,50,3,39.64684552213629,6.19
2025-02-07 12:00:00,Two-Wheeler,22.20231939922491,11,9,54.45344810635674,12.49
2025-02-07 12:15:00,Car,14.652641578908959,50,6,40.96490411237061,8.69
2025-02-07 12:30:00,Car,23.659659097091623,50,0,37.841475102877936,11.35
2025-02-07 12:45:00,Two-Wheeler,33.298523912955595,50,0,47.72819622902037,5.21
2025-02-07 13:00:00,Car,64.33983378457923,50,3,37.56607342585378,11.65
2025-02-07 13:15:00,Car,55.317304459996244,7,4,39.75498566833609,9.26
2025-02-07 13:30:00,Bus,20.335521327913774,50,7,48.76948067390575,12.05
2025-02-07 13:45:00,Two-Wheeler,71.07920082214575,11,0,39.059478331790615,10.06
2025-02-07 14:00:00,Two-Wheeler,65.11221465594502,50,5,55.42914871161304,9.6
2025-02-07 14:15:00,Bus,52.23166740315157,7,1,52.362325362144446,13.15
2025-02-07 14:30:00,Car,42.605554984770734,7,1,54.79679310607111,13.52
2025-02-07 14:45:00,Two-Wheeler,29.62791641036409,22,10,66.23202158068845,10.54
2025-02-07 15:00:00,Bus,33.16055599307053,22,6,50.67064036051186,7.56
2025-02-07 15:15:00,Bus,24.46760547772464,22,0,45.081146454459315,9.76
2025-02-07 15:30:00,Car,40.812368434160184,50,7,46.8132764971771,8.05
2025-02-07 15:45:00,Bus,46.16059825265133,22,0,59.77902089963405,8.02
2025-02-07 16:00:00,Two-Wheeler,63.02709486491252,7,8,52.164345541463575,6.05
2025-02-07 16:15:00,Car,24.632909799542595,7,10,64.37536358584289,11.95
2025-02-07 16:30:00,Bus,32.832270988178955,11,7,43.38246519545526,8.64
2025-02-07 16:45:00,Bus,82.50561348868499,7,6,42.122750362219826,6.19
2025-02-07 17:00:00,Bus,53.69937143732436,11,4,84.73019648418128,6.77
2025-02-07 17:15:00,Bus,15.51854067182958,11,4,91.00894199967746,11.59
2025-02-07 17:30:00,Car,50.53082496678346,11,8,79.49771519179006,9.81
2025-02-07 17:45:00,Bus,8.333333333333334,50,2,85.85008714434721,9.46
2025-02-07 18:00:00,Bus,35.86240575864575,11,4,74.19585082253245,12.44
2025-02-07 18:15:00,Car,86.53783389669272,7,0,98.07185377485354,7.59
2025-02-07 18:30:00,Two-Wheeler,19.418901357873757,22,4,76.34457966290178,9.33
2025-02-07 18:45:00,Bus,20.897468886781496,50,4,85.70031774038054,14.79
2025-02-07 19:00:00,Car,14.844615666865007,7,3,100.0,9.8
2025-02-07 19:15:00,Bus,53.2832435456895,22,7,77.47632648601878,13.82
2025-02-07 19:30:00,Two-Wheeler,36.944360422732906,22,7,70.53651689552163,11.21
2025-02-07 19:45:00,Car,55.805126814791734,22,1,96.39057576149696,8.1
2025-02-07 20:00:00,Bus,26.576906803003833,7,4,89.72361437796232,9.05
2025-02-07 20:15:00,Two-Wheeler,66.77966243855398,11,7,89.77805469950013,7.71
2025-02-07 20:30:00,Bus,16.06394376357005,7,3,88.69510847431108,7.87
2025-02-07 20:45:00,Bus,85.82098415673909,50,1,90.02199760830297,7.84
2025-02-07 21:00:00,Bus,21.46767518225922,22,10,98.2191097960299,12.48
2025-02-07 21:15:00,Two-Wheeler,46.57559022176682,22,0,89.61682742167682,5.95
2025-02-07 21:30:00,Two-Wheeler,60.658721178943885,50,0,87.73813814777515,8.36
2025-02-07 21:45:00,Bus,86.23872054794384,7,7,75.64596957276719,10.76
2025-02-07 22:00:00,Bus,23.004622266167296,22,6,30.659549429929434,5.42
2025-02-07 22:15:00,Two-Wheeler,44.573877676073984,50,6,20.166419951472093,6.92
2025-02-07 22:30:00,Two-Wheeler,26.3333940420858,50,2,13.36640544464439,9.35
2025-02-07 22:45:00,Bus,44.58445340832265,7,3,32.55080104112846,5.6
2025-02-07 23:00:00,Car,20.400456743516887,7,1,19.569330891207713,13.08
2025-02-07 23:15:00,Two-Wheeler,64.63100476051723,7,8,25.053723957262115,14.31
2025-02-07 23:30:00,Two-Wheeler,12.878509783879126,22,5,24.723827375438347,6.93
2025-02-07 23:45:00,Car,24.812645110313,7,7,30.74977723988615,7.0
2025-02-08 00:00:00,Two-Wheeler,35.00161657962012,7,7,18.46657824092331,11.6
2025-02-08 00:15:00,Car,65.20371147442597,11,7,20.261345549934127,12.84
2025-02-08 00:30:00,Car,24.45813570651013,22,3,13.548582038919145,10.18
2025-02-08 00:45:00,Car,15.611612973971061,11,6,24.021719681499466,6.03
2025-02-08 01:00:00,Car,60.512074977611825,11,4,16.00275738085937,12.75
2025-02-08 01:15:00,Car,35.54248105521765,50,6,30.393193519204672,5.3
2025-02-08 01:30:00,Bus,16.344533279501338,50,3,24.26158576704777,14.16
2025-02-08 01:45:00,Car,26.704580130683212,11,4,15.767944938432555,9.08
2025-02-08 02:00:00,Bus,44.03879788013103,50,3,29.53022368415698,14.73
2025-02-08 02:15:00,Car,52.92961996944753,11,5,27.358170864016056,7.14
2025-02-08 02:30:00,Two-Wheeler,20.660828604639622,50,9,24.157044447557567,12.47
2025-02-08 02:45:00,Two-Wheeler,81.01963918885451,11,3,28.179181222320377,10.37
2025-02-08 03:00:00,Car,12.030268693081865,22,6,18.226173595991803,6.05
2025-02-08 03:15:00,Bus,49.58382285508909,7,8,33.02053387226656,14.76
2025-02-08 03:30:00,Bus,81.09152545841422,22,7,28.32311563611293,10.85
2025-02-08 03:45:00,Car,47.77820851983453,7,9,32.46518614493554,9.85
2025-02-08 04:00:00,Bus,28.35734454001323,7,4,32.74586560101778,7.88
2025-02-08 04:15:00,Two-Wheeler,57.82670159314367,11,6,23.680963956766725,12.21
2025-02-08 04:30:00,Car,21.128957174258154,22,4,19.43233598156004,11.19
2025-02-08 04:45:00,Car,34.57128842336723,11,6,31.948883949224598,8.44
2025-02-08 05:00:00,Car,57.3289591226043,11,1,26.937375324498078,12.48
2025-02-08 05:15:00,Bus,24.33560356281603,22,4,33.75360556613667,5.86
2025-02-08 05:30:00,Bus,56.439496846484374,7,8,18.283405792572513,14.29
2025-02-08 05:45:00,Car,61.88090175052785,7,1,13.183334917561135,12.3
2025-02-08 06:00:00,Two-Wheeler,33.73099153667266,22,7,26.934069647157102,14.88
2025-02-08 06:15:00,Bus,32.39439589073568,50,6,33.257681336810194,6.75
2025-02-08 06:30:00,Car,32.27175979857278,22,4,25.111949058199365,6.11
2025-02-08 06:45:00,Bus,72.52853457552432,22,2,27.19712233679708,9.35
2025-02-08 07:00:00,Bus,64.5558960299638,11,2,85.76268734348758,11.59
2025-02-08 07:15:00,Bus,47.91856956347911,7,7,100.0,7.17
2025-02-08 07:30:00,Two-Wheeler,82.59598501564287,50,10,97.56307712517571,9.73
2025-02-08 07:45:00,Bus,25.98839807584936,50,4,87.18967291714276,10.04
2025-02-08 08:00:00,Two-Wheeler,62.64332495510059,7,11,92.27689306303917,9.35
2025-02-08 08:15:00,Car,32.82978291594946,22,4,99.00631792367071,10.84
2025-02-08 08:30:00,Car,55.698821907102605,22,3,95.14599597170218,8.51
2025-02-08 08:45:00,Car,21.245520867553207,11,2,82.04849795882825,12.65
2025-02-08 09:00:00,Two-Wheeler,20.548441490851758,11,2,78.8215346379969,11.71
2025-02-08 09:15:00,Two-Wheeler,22.150846162977572,7,4,73.89332805740833,5.22
2025-02-08 09:30:00,Car,34.64911965349777,7,1,96.10751397915433,12.08
2025-02-08 09:45:00,Car,15.222241893428217,50,5,97.15976764575365,9.09
2025-02-08 10:00:00,Bus,51.87166860565768,11,10,100.0,6.65
2025-02-08 10:15:00,Two-Wheeler,33.97676952746383,7,11,83.50154532001315,14.69
2025-02-08 10:30:00,Car,48.77896060273487,11,1,86.73741415757405,10.94
2025-02-08 10:45:00,Bus,39.363540591098555,22,5,98.63770608391425,14.19
2025-02-08 11:00:00,Bus,50.42038079169785,22,3,39.02047628703257,7.52
2025-02-08 11:15:00,Car,26.343404580554793,7,4,47.78657341326239,11.72
2025-02-08 11:30:00,Bus,75.29019824453243,7,5,61.72377061210123,11.67
2025-02-08 11:45:00,Car,25.560175362023095,11,10,44.2457090242461,10.3
2025-02-08 12:00:00,Bus,73.69134452350863,11,5,45.71311745355044,14.63
2025-02-08 12:15:00,Two-Wheeler,41.00964322619755,22,9,42.29403335971191,13.13
2025-02-08 12:30:00,Two-Wheeler,37.072373127377006,50,7,56.251063627601,8.07
2025-02-08 12:45:00,Two-Wheeler,63.39769606597428,50,1,58.89722742195869,11.19
2025-02-08 13:00:00,Car,28.980409742068332,22,6,63.80766013724981,11.0
2025-02-08 13:15:00,Car,24.841918226432767,50,5,61.896679609393566,9.43
2025-02-08 13:30:00,Two-Wheeler,42.441356613865985,50,9,49.04473015696449,6.35
2025-02-08 13:45:00,Car,21.951826548266755,50,4,54.594642047684516,5.47
2025-02-08 14:00:00,Bus,16.86588137835703,7,9,56.513568554114784,7.93
2025-02-08 14:15:00,Two-Wheeler,20.89549581487642,22,5,59.57136738858622,5.26
2025-02-08 14:30:00,Two-Wheeler,44.69566583249406,11,4,51.76746446168053,14.57
2025-02-08 14:45:00,Car,30.262349089225467,50,4,63.696041635252655,9.11
2025-02-08 15:00:00,Car,50.693781465010225,22,3,44.39886740601747,6.99
2025-02-08 15:15:00,Two-Wheeler,36.75856585003907,50,4,49.15154889530678,10.64
2025-02-08 15:30:00,Bus,34.773836620966264,7,6,51.857952365008984,9.3
2025-02-08 15:45:00,Bus,60.913487645086796,11,8,62.07138887890646,13.84
2025-02-08 16:00:00,Two-Wheeler,54.92512963717036,50,0,55.98004590776401,8.23
2025-02-08 16:15:00,Car,48.9228234001554,22,7,64.939464372206,14.56
2025-02-08 16:30:00,Car,60.952525094299034,50,10,59.72978532546646,12.51
2025-02-08 16:45:00,Two-Wheeler,20.593258729527303,7,3,33.923374541630494,14.93
2025-02-08 17:00:00,Two-Wheeler,35.23997304448751,50,2,80.38340623400116,12.75
2025-02-08 17:15:00,Car,76.88628814457314,11,2,92.29035100578082,8.43
2025-02-08 17:30:00,Two-Wheeler,52.68897892625121,22,3,93.45596469273758,6.28
2025-02-08 17:45:00,Bus,43.49214518428473,7,6,90.33888468097982,5.51
2025-02-08 18:00:00,Two-Wheeler,26.001688982978163,50,5,92.49802798400027,7.95
2025-02-08 18:15:00,Bus,63.732308003344414,7,5,88.2969465772048,10.62
2025-02-08 18:30:00,Bus,86.34528101778434,7,7,88.90135074037283,14.32
2025-02-08 18:45:00,Bus,47.93951171096657,22,6,100.0,10.97
2025-02-08 19:00:00,Bus,19.198655206977296,50,5,98.51627807833917,6.41
2025-02-08 19:15:00,Car,40.674989859429495,7,1,64.11256824610254,9.1
2025-02-08 19:30:00,Car,30.442678426031424,7,3,83.31784923996193,7.31
2025-02-08 19:45:00,Bus,30.87743987065914,50,5,66.02366028998013,13.31
2025-02-08 20:00:00,Car,37.11325108054255,7,11,95.34165756060051,7.64
2025-02-08 20:15:00,Two-Wheeler,48.309599528705085,11,3,80.98758147939878,14.87
2025-02-08 20:30:00,Car,46.66612717961436,11,4,70.42710473207194,13.75
2025-02-08 20:45:00,Bus,18.371072818489946,7,1,80.9550564992035,12.88
2025-02-08 21:00:00,Two-Wheeler,48.74935349228564,7,4,93.24743131575639,11.01
2025-02-08 21:15:00,Two-Wheeler,20.121746945261094,11,8,79.16508236441643,12.57
2025-02-08 21:30:00,Two-Wheeler,79.79383455703578,50,2,71.65295107211243,12.12
2025-02-08 21:45:00,Car,27.355859902456615,22,5,65.7560290932567,7.4
2025-02-08 22:00:00,Car,87.88769452060933,50,7,33.25964853794376,7.22
2025-02-08 22:15:00,Two-Wheeler,22.46067634542318,11,3,28.477862779569683,12.9
2025-02-08 22:30:00,Car,18.064725372980433,11,3,22.619099201035457,13.9
2025-02-08 22:45:00,Two-Wheeler,79.48973918597704,22,10,29.14669773357354,12.66
2025-02-08 23:00:00,Two-Wheeler,32.55855932933457,22,0,27.712786067631352,9.71
2025-02-08 23:15:00,Bus,43.024047249577755,11,1,11.766210985158606,9.32
2025-02-08 23:30:00,Two-Wheeler,37.36029385064673,7,7,26.295779250565417,6.07
2025-02-08 23:45:00,Two-Wheeler,54.64763578374725,7,11,27.660251495420123,7.19
2025-02-09 00:00:00,Two-Wheeler,34.677912762235245,22,5,20.23827915105145,14.57
2025-02-09 00:15:00,Car,69.05853102986336,11,8,18.222425863753266,8.92
2025-02-09 00:30:00,Two-Wheeler,49.49867889305316,50,9,31.107039731190596,11.78
2025-02-09 00:45:00,Car,78.82697311223532,50,6,35.74310280854537,12.71
2025-02-09 01:00:00,Bus,33.93719874209678,50,4,17.813148432653,9.97
2025-02-09 01:15:00,Car,88.09133541708577,50,1,11.241853896120164,9.62
2025-02-09 01:30:00,Bus,38.06007006940413,50,0,28.273312507040334,6.86
2025-02-09 01:45:00,Two-Wheeler,39.14825451418443,50,8,19.215105461799606,5.75
2025-02-09 02:00:00,Two-Wheeler,23.08394306733716,50,9,28.815459726446527,13.31
2025-02-09 02:15:00,Bus,28.551085669407975,7,3,14.429891549380425,7.34
2025-02-09 02:30:00,Two-Wheeler,22.41446954341137,22,5,16.65625927190159,5.31
2025-02-09 02:45:00,Bus,19.501322069739025,50,6,25.768654854994477,14.64
2025-02-09 03:00:00,Bus,44.15737063681427,50,9,38.397459408660055,11.41
2025-02-09 03:15:00,Car,53.133392501523744,7,3,21.05263368221362,14.22
2025-02-09 03:30:00,Bus,77.50259721822772,11,11,31.85356254582945,8.98
2025-02-09 03:45:00,Bus,51.14968750928125,11,7,34.022611333206996,6.3
2025-02-09 04:00:00,Car,55.33398687678752,7,9,27.898959565439768,10.64
2025-02-09 04:15:00,Car,14.029709604323044,22,7,25.0722098420367,11.0
2025-02-09 04:30:00,Two-Wheeler,64.1444267857432,50,12,22.893504153709053,5.9
2025-02-09 04:45:00,Two-Wheeler,84.07164527209468,11,4,16.640835436585217,9.34
2025-02-09 05:00:00,Bus,34.51421384166932,22,7,34.192229293306085,12.03
2025-02-09 05:15:00,Car,53.2320590281517,22,10,22.94988628173194,6.07
2025-02-09 05:30:00,Car,80.36268030039398,11,6,18.08505731449229,11.68
2025-02-09 05:45:00,Bus,48.505927300166256,50,9,23.37905802024321,9.09
2025-02-09 06:00:00,Two-Wheeler,49.08090424412116,50,6,24.639032943743935,14.25
2025-02-09 06:15:00,Two-Wheeler,88.55908124295682,50,5,23.52553671395116,8.17
2025-02-09 06:30:00,Two-Wheeler,79.08790743734556,11,7,26.859667736782107,9.19
2025-02-09 06:45:00,Car,15.458252990817538,22,3,29.869809610539047,14.69
2025-02-09 07:00:00,Two-Wheeler,66.45945648806442,22,9,77.13864053758542,5.91
2025-02-09 07:15:00,Car,40.56302422430809,50,7,99.1327386951256,7.63
2025-02-09 07:30:00,Two-Wheeler,58.93521232178805,22,4,64.16430339664095,7.94
2025-02-09 07:45:00,Bus,39.07504501548667,50,6,95.80715596853594,14.02
2025-02-09 08:00:00,Car,48.29011609875294,22,6,97.48743982929138,12.47
2025-02-09 08:15:00,Two-Wheeler,63.60992746539956,50,7,70.67401598577088,8.36
2025-02-09 08:30:00,Two-Wheeler,37.683009213764535,7,6,79.50151782525495,13.18
2025-02-09 08:45:00,Bus,15.560368903545074,11,0,73.7359545103665,7.54
2025-02-09 09:00:00,Two-Wheeler,23.52075218009547,11,3,91.1343084189144,10.7
2025-02-09 09:15:00,Bus,61.79181126171377,7,1,70.75846940286212,11.04
2025-02-09 09:30:00,Bus,45.11028254704266,22,4,98.21541996531697,7.41
2025-02-09 09:45:00,Bus,33.60738015244856,22,5,99.85847973211173,13.86
2025-02-09 10:00:00,Bus,40.23655270090505,11,5,88.53188231909039,14.04
2025-02-09 10:15:00,Two-Wheeler,42.58060363005489,7,0,72.3815228835335,6.59
2025-02-09 10:30:00,Bus,30.347801303862163,50,11,71.33044986520402,11.53
2025-02-09 10:45:00,Bus,62.33226827341348,11,7,77.24645536815237,12.96
2025-02-09 11:00:00,Car,22.654261212235237,50,9,58.213521166350056,7.06
2025-02-09 11:15:00,Car,24.60367586673023,7,3,36.149983857679274,8.61
2025-02-09 11:30:00,Bus,78.90796113225133,7,6,51.16690120934075,8.5
2025-02-09 11:45:00,Two-Wheeler,10.310499938096996,22,2,38.334503937714835,6.68
2025-02-09 12:00:00,Car,73.1170596211592,11,3,61.58863277751651,14.81
2025-02-09 12:15:00,Car,23.8822272226211,11,8,58.23837879475627,14.14
2025-02-09 12:30:00,Car,82.42959589659996,7,6,46.54968167535539,6.66
2025-02-09 12:45:00,Car,28.3251144392535,7,3,43.38219275324417,12.15
2025-02-09 13:00:00,Car,45.87808147890266,11,4,48.95067344131067,9.78
2025-02-09 13:15:00,Car,15.23716834538707,7,3,59.05088462833863,5.56
2025-02-09 13:30:00,Bus,31.174966473937996,11,6,56.549023091586164,9.73
2025-02-09 13:45:00,Two-Wheeler,21.910490996198078,22,7,45.81458198714419,14.53
2025-02-09 14:00:00,Car,21.788818978080776,7,2,61.41969117889579,11.16
2025-02-09 14:15:00,Two-Wheeler,37.172902745654035,22,12,52.77459573910323,10.66
2025-02-09 14:30:00,Bus,85.11238312131289,7,3,36.97183752186932,9.2
2025-02-09 14:45:00,Bus,37.69800925257338,22,3,41.95967540907165,6.77
2025-02-09 15:00:00,Bus,32.02307355387326,22,4,59.159111467651876,8.97
2025-02-09 15:15:00,Two-Wheeler,26.714997340927688,7,1,38.36313067576406,10.73
2025-02-09 15:30:00,Car,17.869495679835165,11,8,38.87796383407242,12.78
2025-02-09 15:45:00,Car,67.38768840797276,22,6,55.296930079828996,9.4
2025-02-09 16:00:00,Car,16.71334798221735,11,4,63.32140520903381,6.53
2025-02-09 16:15:00,Car,49.347578893899254,50,8,44.92795160034187,8.69
2025-02-09 16:30:00,Two-Wheeler,23.740880028673462,22,5,62.870286516003205,10.66
2025-02-09 16:45:00,Bus,16.33143982576547,7,5,35.9111950335687,13.9
2025-02-09 17:00:00,Bus,17.788434377695516,7,0,96.85537026613706,5.69
2025-02-09 17:15:00,Car,34.73168619049949,11,3,77.12842897271422,11.57
2025-02-09 17:30:00,Car,48.18557656624416,22,0,64.66521927960548,5.1
2025-02-09 17:45:00,Two-Wheeler,34.62039204393753,7,5,97.98223299145738,12.27
2025-02-09 18:00:00,Car,43.80638506809308,22,4,100.0,11.07
2025-02-09 18:15:00,Two-Wheeler,18.1124763638551,11,8,81.84600591716487,13.93
2025-02-09 18:30:00,Bus,28.157020667544735,7,4,64.63186780010957,10.21
2025-02-09 18:45:00,Car,49.012157934365064,50,3,89.03282181882865,14.88
2025-02-09 19:00:00,Car,60.5510326496321,50,0,62.37981978312802,9.43
2025-02-09 19:15:00,Car,63.64456816603122,50,4,85.42037761388342,5.14
2025-02-09 19:30:00,Car,30.83504155453084,7,12,96.80730526075243,5.25
2025-02-09 19:45:00,Car,23.91504062198566,11,3,99.65255368905285,7.03
2025-02-09 20:00:00,Car,25.326637014634315,22,2,77.86117211324937,14.58
2025-02-09 20:15:00,Two-Wheeler,29.01288628275942,7,1,61.82884868275833,12.53
2025-02-09 20:30:00,Two-Wheeler,32.06076007419352,7,6,86.06119081532036,13.96
2025-02-09 20:45:00,Bus,85.82752380577067,11,0,62.5912837809875,9.38
2025-02-09 21:00:00,Two-Wheeler,19.19755399661941,7,4,97.46590772655655,10.39
2025-02-09 21:15:00,Two-Wheeler,35.930040872633974,7,0,80.15022272360783,14.56
2025-02-09 21:30:00,Bus,58.60989487086159,7,7,86.10254438991217,11.79
2025-02-09 21:45:00,Two-Wheeler,59.1410075894235,7,2,87.49941254862532,8.18
2025-02-09 22:00:00,Two-Wheeler,29.31160468313948,7,4,16.384968203764753,11.6
2025-02-09 22:15:00,Car,31.116561652866977,50,4,33.59469888029442,7.22
2025-02-09 22:30:00,Two-Wheeler,24.080353568312308,11,7,27.115049716645984,11.99
2025-02-09 22:45:00,Car,19.708419146407344,22,3,31.370609035715695,5.4
2025-02-09 23:00:00,Two-Wheeler,16.311696578359093,50,5,23.194908460000605,10.74
2025-02-09 23:15:00,Car,37.77779922616467,50,0,26.052815615549193,10.13
2025-02-09 23:30:00,Bus,63.03072302878637,22,4,32.81237605860897,6.13
2025-02-09 23:45:00,Car,41.275632824957455,22,1,18.5487442631755,9.92
2025-02-10 00:00:00,Car,59.32742881612413,7,11,32.13104276884622,6.05
2025-02-10 00:15:00,Bus,9.964039670405691,50,3,29.59628073732467,8.76
2025-02-10 00:30:00,Bus,47.93940815469929,7,4,14.637941765305598,14.27
2025-02-10 00:45:00,Car,21.8650419284749,11,2,22.76208275472009,12.76
2025-02-10 01:00:00,Car,73.03917174392625,22,3,22.730945513219165,9.99
2025-02-10 01:15:00,Two-Wheeler,73.62556326276427,22,5,20.871636833021004,12.87
2025-02-10 01:30:00,Car,17.44664581502848,11,1,30.299529992976538,5.31
2025-02-10 01:45:00,Bus,43.997235840635284,22,5,32.443512776125274,11.05
2025-02-10 02:00:00,Two-Wheeler,48.86736268369612,11,9,32.27976455327704,11.79
2025-02-10 02:15:00,Car,34.346865609511305,22,8,34.59239654938887,9.95
2025-02-10 02:30:00,Two-Wheeler,53.87823724738422,50,11,33.17065969562381,5.36
2025-02-10 02:45:00,Bus,42.89220004364371,50,3,23.641045207664103,6.15
2025-02-10 03:00:00,Car,46.409329643116095,11,5,34.943508075335345,13.79
2025-02-10 03:15:00,Car,25.298382075117345,11,3,27.942148171671008,9.58
2025-02-10 03:30:00,Two-Wheeler,64.73161585898168,11,5,26.664618053972795,7.1
2025-02-10 03:45:00,Two-Wheeler,15.401005690940629,11,0,25.18538568261116,5.06
2025-02-10 04:00:00,Two-Wheeler,22.810204717606126,11,1,24.44601277355055,9.54
2025-02-10 04:15:00,Car,23.323018974381704,7,5,29.942855798923112,9.92
2025-02-10 04:30:00,Bus,43.89388615866439,7,4,15.134551672577045,10.36
2025-02-10 04:45:00,Car,53.65495349018592,22,7,23.508822636572173,13.71
2025-02-10 05:00:00,Car,8.333333333333332,50,6,28.002355199362697,6.47
2025-02-10 05:15:00,Bus,36.5512916676428,11,1,26.187971048694813,14.07
2025-02-10 05:30:00,Bus,61.55673213097658,11,6,22.133564700880225,7.25
2025-02-10 05:45:00,Car,58.334837892387895,11,8,34.138172394467475,6.33
2025-02-10 06:00:00,Bus,12.166869906881688,50,3,14.083976064055356,11.33
2025-02-10 06:15:00,Two-Wheeler,17.82462566199511,7,3,23.334121630787692,14.19
2025-02-10 06:30:00,Bus,82.20022178695976,7,0,28.480589197398885,9.4
2025-02-10 06:45:00,Bus,26.885458241255527,50,9,38.11395882000856,10.79
2025-02-10 07:00:00,Bus,17.732597093537553,22,4,77.59074551153057,10.19
2025-02-10 07:15:00,Two-Wheeler,51.655900668197965,50,5,91.87223178454485,6.38
2025-02-10 07:30:00,Two-Wheeler,50.00269368957926,22,7,72.07344400241962,7.05
2025-02-10 07:45:00,Two-Wheeler,19.402469279514147,11,2,85.56878345045408,9.71
2025-02-10 08:00:00,Car,16.106534626399434,7,6,93.60372488206859,13.55
2025-02-10 08:15:00,Two-Wheeler,33.11398304650583,7,2,93.58567606565697,10.29
2025-02-10 08:30:00,Car,35.956797662540566,7,5,80.03660772741233,6.39
2025-02-10 08:45:00,Bus,29.67558828418104,7,7,81.72803476218981,7.84
2025-02-10 09:00:00,Two-Wheeler,29.82776187213267,7,5,84.75095682274623,14.24
2025-02-10 09:15:00,Bus,23.526602595549836,50,3,78.35401180792435,11.04
2025-02-10 09:30:00,Bus,22.976374211136243,11,0,71.54102939221757,7.42
2025-02-10 09:45:00,Two-Wheeler,17.8984965027161,11,5,100.0,9.85
2025-02-10 10:00:00,Bus,48.59006625015012,50,1,62.205587727083156,7.91
2025-02-10 10:15:00,Two-Wheeler,55.06689620131693,50,2,75.3777550348436,10.16
2025-02-10 10:30:00,Car,13.098479991693326,22,3,80.66408562167291,9.4
2025-02-10 10:45:00,Two-Wheeler,40.41773667387329,11,7,81.10948026574138,11.47
2025-02-10 11:00:00,Car,17.76121617033401,11,3,40.06443878959474,11.45
2025-02-10 11:15:00,Two-Wheeler,40.154889947011746,7,6,43.38915673271868,8.06
2025-02-10 11:30:00,Car,68.30221303074455,22,2,60.14555110288683,13.94
2025-02-10 11:45:00,Car,23.4917383166392,11,13,54.5909611316949,12.46
2025-02-10 12:00:00,Bus,63.94092542763982,11,0,59.62348679739754,13.69
2025-02-10 12:15:00,Bus,38.3093716812376,11,8,43.14025734568189,5.73
2025-02-10 12:30:00,Two-Wheeler,31.787866412638444,50,2,59.62293558898811,13.88
2025-02-10 12:45:00,Car,64.2590789133881,11,4,52.566266582380834,7.93
2025-02-10 13:00:00,Bus,20.243177389073942,50,5,49.66053634366073,12.63
2025-02-10 13:15:00,Two-Wheeler,42.560170009575884,11,5,56.173015348197964,8.9
2025-02-10 13:30:00,Car,33.08580454262542,11,4,62.43096658047662,8.62
2025-02-10 13:45:00,Bus,31.29331938713138,7,5,63.83877174529803,14.47
2025-02-10 14:00:00,Car,16.19447645751788,7,1,41.73389568682569,12.23
2025-02-10 14:15:00,Two-Wheeler,28.6805264791297,11,8,65.53435809500156,10.45
2025-02-10 14:30:00,Car,42.19645396302373,7,2,49.72344021908319,14.11
2025-02-10 14:45:00,Bus,51.798000968992945,22,0,41.5559299972934,8.82
2025-02-10 15:00:00,Car,54.259605808380726,50,4,58.07921779885655,14.1
2025-02-10 15:15:00,Car,38.976949793667124,11,3,62.3444780082619,10.52
2025-02-10 15:30:00,Car,15.1643177169465,50,7,54.06642151477265,9.76
2025-02-10 15:45:00,Bus,43.54915972835024,22,6,59.07390109211157,7.77
2025-02-10 16:00:00,Car,21.37555490025505,22,1,37.1583335975308,7.03
2025-02-10 16:15:00,Two-Wheeler,48.63290335624496,22,9,50.433749003326184,6.29
2025-02-10 16:30:00,Two-Wheeler,41.20107742886176,11,5,49.83820038978497,13.25
2025-02-10 16:45:00,Two-Wheeler,37.20107131922602,11,6,38.507962098959005,14.3
2025-02-10 17:00:00,Two-Wheeler,41.65082411235598,11,8,89.34893660081454,7.44
2025-02-10 17:15:00,Bus,40.67061739557842,22,6,81.89691179567453,5.5
2025-02-10 17:30:00,Bus,33.52032035399277,11,0,72.47378780518645,14.46
2025-02-10 17:45:00,Car,41.08672904278381,7,13,75.88237589759488,6.06
2025-02-10 18:00:00,Bus,14.628054461358818,22,7,87.76614219873818,7.65
2025-02-10 18:15:00,Two-Wheeler,35.53386252417708,11,2,88.07130412674128,14.18
2025-02-10 18:30:00,Two-Wheeler,56.25413855471242,50,6,94.56726367330556,14.54
2025-02-10 18:45:00,Bus,33.637424303323364,22,3,83.24467819386064,14.83
2025-02-10 19:00:00,Car,44.89168749349911,7,1,79.01484995786771,13.49
2025-02-10 19:15:00,Bus,36.33932949498986,7,7,87.7945771514647,14.75
2025-02-10 19:30:00,Bus,14.35121975128076,7,6,80.26980794089253,7.4
2025-02-10 19:45:00,Bus,26.910442332667053,50,2,88.10988577857051,14.2
2025-02-10 20:00:00,Two-Wheeler,30.965569418578184,7,3,70.40067773175167,7.32
2025-02-10 20:15:00,Car,26.08521657574296,11,10,100.0,13.45
2025-02-10 20:30:00,Bus,18.047299785116856,50,2,66.73291406209027,13.52
2025-02-10 20:45:00,Two-Wheeler,19.134498264205977,7,0,87.9447465353566,13.19
2025-02-10 21:00:00,Bus,46.991714211283174,50,0,84.7409275939711,12.67
2025-02-10 21:15:00,Bus,86.2480757637725,50,2,69.53405131165921,10.38
2025-02-10 21:30:00,Car,80.17775236704139,11,5,66.46290670519517,14.43
2025-02-10 21:45:00,Two-Wheeler,27.71331026379842,50,0,87.9180217002901,5.72
2025-02-10 22:00:00,Two-Wheeler,85.51993571783194,7,0,27.304709990962877,5.66
2025-02-10 22:15:00,Car,21.52405904293367,22,6,22.140860264333927,10.17
2025-02-10 22:30:00,Bus,25.986946332011616,50,5,24.796341757338276,7.7
2025-02-10 22:45:00,Car,20.851783760749413,50,6,30.01776472456485,7.63
2025-02-10 23:00:00,Two-Wheeler,19.892064221155124,11,2,17.73537921131052,6.81
2025-02-10 23:15:00,Two-Wheeler,18.165582485200726,11,2,21.260991392644286,12.82
2025-02-10 23:30:00,Two-Wheeler,32.60546554616246,22,4,26.06258212985882,7.23
2025-02-10 23:45:00,Bus,20.842133036584816,7,4,23.687094032172393,9.63
2025-02-11 00:00:00,Car,26.8140252904381,50,3,17.214868913842658,11.18
2025-02-11 00:15:00,Car,26.561854501264786,11,5,20.144720175166363,13.41
2025-02-11 00:30:00,Two-Wheeler,18.91325771236324,11,0,22.03173028702733,6.2
2025-02-11 00:45:00,Two-Wheeler,24.668114595236126,11,7,27.59324018095733,10.21
2025-02-11 01:00:00,Two-Wheeler,23.485044425582583,22,6,34.016446543679365,8.73
2025-02-11 01:15:00,Car,40.02381712164358,7,3,24.549822418793557,12.12
2025-02-11 01:30:00,Car,43.93296739244818,50,3,22.71368651739065,5.96
2025-02-11 01:45:00,Car,12.707277825109571,11,9,36.30322546753092,13.75
2025-02-11 02:00:00,Two-Wheeler,23.332960778623317,22,0,29.825392262845213,7.44
2025-02-11 02:15:00,Car,50.51653793017895,7,4,31.862177530997574,9.8
2025-02-11 02:30:00,Car,17.117535862739697,11,4,31.13219610574782,7.79
2025-02-11 02:45:00,Two-Wheeler,32.12709900491956,22,11,25.99781017809116,12.64
2025-02-11 03:00:00,Car,24.276853850122386,11,3,17.78310797861117,13.67
2025-02-11 03:15:00,Car,42.81606921032838,7,10,24.36994548115261,5.64
2025-02-11 03:30:00,Bus,23.106520362223897,50,6,30.615507223662974,11.52
2025-02-11 03:45:00,Car,30.023995009767322,7,6,24.95798324875575,9.97
2025-02-11 04:00:00,Bus,30.70094034346909,7,0,29.092010276684288,8.43
2025-02-11 04:15:00,Two-Wheeler,71.90190318854259,11,13,28.82676343426746,7.98
2025-02-11 04:30:00,Bus,66.61483825824969,11,1,15.80698957047154,7.78
2025-02-11 04:45:00,Car,48.68355572537834,7,7,34.40315595229796,11.67
2025-02-11 05:00:00,Car,14.867660677110532,11,8,22.485182048609808,8.36
2025-02-11 05:15:00,Car,30.915929108201876,7,3,28.101231565944683,14.72
2025-02-11 05:30:00,Car,34.58352010534769,50,7,34.787469035354135,9.96
2025-02-11 05:45:00,Two-Wheeler,25.95983817782527,7,5,32.90756304639305,14.5
2025-02-11 06:00:00,Car,9.738217258488651,50,2,18.040652732486937,11.7
2025-02-11 06:15:00,Bus,84.79450659027128,22,3,29.761753893235593,11.13
2025-02-11 06:30:00,Bus,30.3756921589978,7,10,22.422800328278317,11.23
2025-02-11 06:45:00,Car,76.94456295710955,22,6,33.77926476117829,8.24
2025-02-11 07:00:00,Two-Wheeler,24.381652518444913,22,10,96.7224116279585,7.23
2025-02-11 07:15:00,Bus,51.55895523498295,50,5,68.05268618699915,7.18
2025-02-11 07:30:00,Two-Wheeler,69.39909872183804,50,9,94.39622150334228,9.22
2025-02-11 07:45:00,Car,29.330893434555172,22,3,94.51001735434708,8.88
2025-02-11 08:00:00,Car,13.623507879985112,11,5,70.88608784672603,12.25
2025-02-11 08:15:00,Car,69.6678759086845,7,1,90.78182873847209,12.05
2025-02-11 08:30:00,Car,51.91746051162171,50,2,71.70725853892398,5.68
2025-02-11 08:45:00,Two-Wheeler,42.7898426232642,50,5,100.0,9.41
2025-02-11 09:00:00,Two-Wheeler,52.11645759601717,50,4,72.49279386259332,7.93
2025-02-11 09:15:00,Two-Wheeler,33.44533436146092,7,2,87.76035288215637,5.65
2025-02-11 09:30:00,Bus,19.68442545433541,11,8,100.0,14.64
2025-02-11 09:45:00,Bus,33.758001055877436,11,5,77.83614669233059,13.76
2025-02-11 10:00:00,Two-Wheeler,80.04735482176508,50,7,100.0,11.48
2025-02-11 10:15:00,Two-Wheeler,57.180081055576714,22,4,98.01419131094413,6.71
2025-02-11 10:30:00,Two-Wheeler,70.46214792408718,11,1,99.68474034050539,10.83
2025-02-11 10:45:00,Bus,29.77290182975327,11,2,92.48044390461123,14.96
2025-02-11 11:00:00,Two-Wheeler,28.058309440795362,7,7,54.67924433577461,10.23
2025-02-11 11:15:00,Car,44.998101670043184,50,3,51.82757298991955,14.59
2025-02-11 11:30:00,Bus,59.1144089491635,22,2,54.2896176442287,12.07
2025-02-11 11:45:00,Car,41.094381163066,11,3,35.48528695462486,5.03
2025-02-11 12:00:00,Car,21.931072246575862,22,5,37.24106482688082,5.88
2025-02-11 12:15:00,Two-Wheeler,48.27235492760144,7,6,57.95054826155463,11.16
2025-02-11 12:30:00,Two-Wheeler,25.6863059713732,50,2,48.89878601813092,11.15
2025-02-11 12:45:00,Two-Wheeler,20.811051607403655,50,7,41.81860622266127,5.7
2025-02-11 13:00:00,Bus,29.825470117503293,50,7,38.107761065383926,6.13
2025-02-11 13:15:00,Car,36.97696585727208,50,5,43.135543969547875,11.66
2025-02-11 13:30:00,Car,25.278066037936075,11,5,53.93696094991844,12.84
2025-02-11 13:45:00,Bus,55.584250135178195,7,9,67.14995494046353,14.89
2025-02-11 14:00:00,Car,74.24535720167293,7,4,43.43937567258734,10.88
2025-02-11 14:15:00,Two-Wheeler,24.88292165527089,11,0,46.7081275700184,8.15
2025-02-11 14:30:00,Two-Wheeler,18.120623689892444,11,3,62.75661185811505,9.24
2025-02-11 14:45:00,Bus,31.006091663840778,7,5,59.88365837949031,6.31
2025-02-11 15:00:00,Car,32.58769696880775,7,5,37.14647556197348,13.75
2025-02-11 15:15:00,Two-Wheeler,38.98551170433784,22,2,54.49280264949577,6.7
2025-02-11 15:30:00,Two-Wheeler,21.59343397341001,11,5,63.19526817785127,10.64
2025-02-11 15:45:00,Car,35.010219432340264,22,7,52.12685844746143,11.34
2025-02-11 16:00:00,Two-Wheeler,42.713515014549685,11,3,55.280410686335046,6.68
2025-02-11 16:15:00,Car,41.542190669357254,22,3,41.10854815026887,12.4
2025-02-11 16:30:00,Two-Wheeler,22.48056244466942,11,6,53.743841792438,12.38
2025-02-11 16:45:00,Bus,33.203258940257605,22,5,47.388903303458186,6.66
2025-02-11 17:00:00,Two-Wheeler,43.55585918883348,50,13,97.88518710321813,5.6
2025-02-11 17:15:00,Bus,42.217947423201586,7,6,80.83449309031707,14.07
2025-02-11 17:30:00,Two-Wheeler,61.044782306474275,22,0,89.58426131786389,7.27
2025-02-11 17:45:00,Two-Wheeler,32.32182619002667,7,1,90.24991216508526,7.92
2025-02-11 18:00:00,Car,14.781114396551736,50,0,74.37398840638777,6.69
2025-02-11 18:15:00,Bus,14.241642731071057,22,2,100.0,13.02
2025-02-11 18:30:00,Two-Wheeler,17.503110330789482,7,1,97.02063737914656,11.85
2025-02-11 18:45:00,Bus,23.237817027452326,22,0,95.93309293217533,5.47
2025-02-11 19:00:00,Two-Wheeler,18.937087433449214,11,3,93.26269517300861,11.05
2025-02-11 19:15:00,Car,53.29501884328611,7,4,95.78982655234458,10.78
2025-02-11 19:30:00,Bus,17.260905320980257,50,5,83.22880748203598,8.25
2025-02-11 19:45:00,Bus,23.728827087863632,11,3,82.82752584868977,9.81
2025-02-11 20:00:00,Two-Wheeler,17.08339343415192,11,6,67.13948865428318,5.92
2025-02-11 20:15:00,Two-Wheeler,40.431170086821695,50,2,62.3948372815691,7.09
2025-02-11 20:30:00,Car,15.199259964699461,22,0,84.81510744727069,9.04
2025-02-11 20:45:00,Car,23.42064075717143,50,13,74.79187870061729,14.81
2025-02-11 21:00:00,Car,40.044042392133534,50,4,94.31357267990577,14.98
2025-02-11 21:15:00,Bus,67.46431028705358,7,4,64.51865043592797,6.51
2025-02-11 21:30:00,Two-Wheeler,18.758704085358925,7,4,66.47872243756524,5.18
2025-02-11 21:45:00,Car,48.261629486824795,22,5,68.20201061011932,6.51
2025-02-11 22:00:00,Car,38.1023921120247,50,3,20.20559984723848,7.95
2025-02-11 22:15:00,Two-Wheeler,15.847644579660985,22,6,30.136776756863227,14.55
2025-02-11 22:30:00,Bus,29.475052338905414,50,4,26.817577801123026,5.9
2025-02-11 22:45:00,Bus,42.27917242904734,11,2,28.219448620382867,7.62
2025-02-11 23:00:00,Car,34.21466182966508,50,3,27.04028839013877,14.43
2025-02-11 23:15:00,Bus,85.76759256081172,22,2,24.022044970984698,14.96
2025-02-11 23:30:00,Bus,67.0447304076663,22,3,30.894825525661567,10.53
2025-02-11 23:45:00,Bus,17.404776170425784,11,5,31.500373450414386,7.53
2025-02-12 00:00:00,Car,58.75495661390829,7,0,22.658130075714027,10.02
2025-02-12 00:15:00,Two-Wheeler,34.386984361475406,50,5,16.07695811819822,7.79
2025-02-12 00:30:00,Two-Wheeler,64.13552552975969,50,0,19.65544551487084,5.34
2025-02-12 00:45:00,Bus,61.92058748483586,50,2,29.87010830977636,5.67
2025-02-12 01:00:00,Car,24.17081137335296,22,5,28.868040941334133,14.16
2025-02-12 01:15:00,Two-Wheeler,22.84104589244889,50,7,32.46504868928609,7.91
2025-02-12 01:30:00,Two-Wheeler,28.211564348065245,22,4,30.264584723465667,9.0
2025-02-12 01:45:00,Car,17.13701056259962,22,11,37.16322305137206,11.81
2025-02-12 02:00:00,Two-Wheeler,72.20214182838691,7,4,32.64447675681143,9.5
2025-02-12 02:15:00,Two-Wheeler,34.45273776494128,50,6,18.98094113511943,8.36
2025-02-12 02:30:00,Car,26.58650846667178,50,5,17.878489716773785,8.38
2025-02-12 02:45:00,Bus,19.19376735764842,22,4,19.985530153606234,8.0
2025-02-12 03:00:00,Bus,10.7555408550415,50,11,32.81111200820679,5.34
2025-02-12 03:15:00,Bus,32.20329034724392,11,9,34.105923055041025,11.53
2025-02-12 03:30:00,Two-Wheeler,13.952820464001004,7,6,27.339069810548725,6.76
2025-02-12 03:45:00,Bus,42.88175767122387,22,4,18.27096642489801,11.85
2025-02-12 04:00:00,Two-Wheeler,43.47393162663926,50,1,14.02587591390781,8.93
2025-02-12 04:15:00,Bus,42.161099270368226,50,4,33.143138447360144,7.7
2025-02-12 04:30:00,Bus,23.415684237366033,50,4,21.866486221868318,8.69
2025-02-12 04:45:00,Car,28.484016228880034,11,2,28.83482176943314,6.84
2025-02-12 05:00:00,Bus,26.0196676245745,7,3,18.230949116057324,6.7
2025-02-12 05:15:00,Two-Wheeler,53.05684647810536,11,2,20.369364138880993,6.62
2025-02-12 05:30:00,Car,23.86101201986796,11,3,27.07276070802029,6.24
2025-02-12 05:45:00,Bus,33.04423469424057,11,7,18.933950274941118,8.06
2025-02-12 06:00:00,Car,21.489198780819464,7,7,17.753677738997762,9.7
2025-02-12 06:15:00,Car,78.58090158130358,7,3,18.61016149451011,5.06
2025-02-12 06:30:00,Car,24.24001627305937,7,0,20.230135046931956,12.67
2025-02-12 06:45:00,Bus,57.243096157119325,11,6,17.049096762477255,14.24
2025-02-12 07:00:00,Two-Wheeler,22.891571947381788,7,8,95.54555740624427,11.47
2025-02-12 07:15:00,Car,43.502644472732854,50,4,72.55297511477977,10.33
2025-02-12 07:30:00,Two-Wheeler,19.341600808746588,11,3,82.92468081491204,14.91
2025-02-12 07:45:00,Bus,25.48902553198722,7,10,100.0,5.07
2025-02-12 08:00:00,Two-Wheeler,19.065407165844825,22,0,61.70072019825244,5.23
2025-02-12 08:15:00,Car,26.391232355503128,50,1,95.26094248318725,6.12
2025-02-12 08:30:00,Bus,46.42229463708479,50,5,87.3082336120003,10.79
2025-02-12 08:45:00,Car,12.588961915657553,7,6,69.07291932844178,11.24
2025-02-12 09:00:00,Bus,50.232081208614424,50,5,91.0657403715849,13.62
2025-02-12 09:15:00,Bus,27.26031080850366,22,4,76.72393103501665,5.44
2025-02-12 09:30:00,Car,25.32582694473774,50,2,68.41071083738763,12.97
2025-02-12 09:45:00,Bus,42.05982682400366,7,0,76.31267233118638,13.49
2025-02-12 10:00:00,Car,37.866084478978486,22,2,84.25057179386815,10.12
2025-02-12 10:15:00,Car,66.10631732505391,11,1,62.400496429006346,6.19
2025-02-12 10:30:00,Bus,38.654048795820664,11,2,91.35893076678627,5.99
2025-02-12 10:45:00,Two-Wheeler,64.28150406036697,7,4,100.0,9.52
2025-02-12 11:00:00,Car,76.51580881436242,22,3,49.58117527938548,10.1
2025-02-12 11:15:00,Bus,28.878460072576,22,4,50.47533076387184,11.67
2025-02-12 11:30:00,Bus,46.105960594827835,11,9,43.155960157818804,6.67
2025-02-12 11:45:00,Bus,51.29724053909547,50,4,57.22516435869986,7.53
2025-02-12 12:00:00,Car,37.53198550564899,7,5,45.120020662358726,14.78
2025-02-12 12:15:00,Two-Wheeler,22.088456088046296,22,4,63.590365692710414,12.62
2025-02-12 12:30:00,Bus,14.01760550906575,22,8,57.14506701870903,7.3
2025-02-12 12:45:00,Two-Wheeler,10.567415832801796,50,6,49.10436348203405,6.81
2025-02-12 13:00:00,Car,18.284627550163446,50,9,62.6445893584376,13.43
2025-02-12 13:15:00,Bus,50.810550134027125,11,4,62.26630509566694,12.91
2025-02-12 13:30:00,Two-Wheeler,33.34322686431803,7,7,54.67171450736157,11.55
2025-02-12 13:45:00,Car,20.44138105319009,50,6,63.981196954332674,5.77
2025-02-12 14:00:00,Bus,64.36444692619241,11,8,43.66262009748113,13.06
2025-02-12 14:15:00,Two-Wheeler,65.00431649570474,11,0,42.412674695935884,14.79
2025-02-12 14:30:00,Two-Wheeler,22.930610051823024,11,6,54.6338132717501,13.38
2025-02-12 14:45:00,Bus,8.333333333333334,50,9,61.90091931986717,10.1
2025-02-12 15:00:00,Two-Wheeler,87.13114943230575,22,10,63.675794103199934,5.48
2025-02-12 15:15:00,Bus,84.10944905993168,11,7,65.78875798147428,11.95
2025-02-12 15:30:00,Two-Wheeler,82.92215066579789,7,6,65.37442999494058,12.58
2025-02-12 15:45:00,Two-Wheeler,44.165058788695866,11,2,39.17647956526734,11.59
2025-02-12 16:00:00,Car,15.835268789976318,7,0,38.190597643086605,5.41
2025-02-12 16:15:00,Two-Wheeler,45.06881193515603,11,0,39.06878033217224,11.31
2025-02-12 16:30:00,Bus,24.677614694217645,50,5,56.32174880018954,11.12
2025-02-12 16:45:00,Car,43.84580485265105,11,2,52.82557034291794,8.67
2025-02-12 17:00:00,Bus,55.49017517033561,50,8,100.0,13.62
2025-02-12 17:15:00,Bus,25.62599251351576,22,7,69.0435900406342,10.97
2025-02-12 17:30:00,Car,23.935306719462076,50,6,100.0,6.64
2025-02-12 17:45:00,Two-Wheeler,16.62883103456345,22,5,91.9109072567369,12.09
2025-02-12 18:00:00,Car,85.06298307335226,7,4,100.0,5.88
2025-02-12 18:15:00,Bus,17.234844130639665,22,7,81.71889821416237,13.53
2025-02-12 18:30:00,Car,66.69942850912045,22,6,95.97787727889573,14.92
2025-02-12 18:45:00,Bus,18.652630387548385,22,5,65.9154760492076,8.7
2025-02-12 19:00:00,Car,89.38356572306797,11,4,65.1879685771858,9.34
2025-02-12 19:15:00,Two-Wheeler,24.98535708656101,22,5,74.40792597334396,11.77
2025-02-12 19:30:00,Car,46.62992014637272,11,6,74.72050591731218,6.02
2025-02-12 19:45:00,Two-Wheeler,22.030779239521618,7,4,84.88405835788282,7.05
2025-02-12 20:00:00,Two-Wheeler,27.369738954722962,7,5,72.01240058895829,5.62
2025-02-12 20:15:00,Two-Wheeler,28.959551585191605,50,2,74.9807173636137,10.2
2025-02-12 20:30:00,Car,32.663000797041235,7,2,69.93180730081119,13.75
2025-02-12 20:45:00,Two-Wheeler,28.225150264947718,11,0,86.45243771194303,8.53
2025-02-12 21:00:00,Bus,43.286397016191685,7,2,62.571038315362074,14.03
2025-02-12 21:15:00,Two-Wheeler,25.701277868348534,7,8,94.34810824838505,6.47
2025-02-12 21:30:00,Two-Wheeler,10.027587700295506,50,0,76.81728238806829,14.31
2025-02-12 21:45:00,Car,48.03273722054036,22,4,98.15015315380688,9.13
2025-02-12 22:00:00,Two-Wheeler,38.584245292988385,7,9,35.24982275218591,8.98
2025-02-12 22:15:00,Two-Wheeler,84.11805330528533,22,7,34.57912814933198,14.46
2025-02-12 22:30:00,Car,30.846457801653457,7,9,35.88045390164869,14.58
2025-02-12 22:45:00,Two-Wheeler,76.34794856300537,50,1,30.718199894804947,14.58
2025-02-12 23:00:00,Two-Wheeler,44.83017612077295,50,3,32.586990873382376,8.21
2025-02-12 23:15:00,Bus,70.7311100139157,11,3,15.890723890208598,12.92
2025-02-12 23:30:00,Two-Wheeler,28.03560063030336,7,6,32.995183488429504,6.93
2025-02-12 23:45:00,Car,47.988296631735444,7,4,29.80087233816719,5.21
2025-02-13 00:00:00,Two-Wheeler,60.4745156371139,50,4,19.88002396420844,12.7
2025-02-13 00:15:00,Bus,32.0508885419791,7,6,17.856917562478134,13.43
2025-02-13 00:30:00,Bus,88.41542594485809,11,5,18.15503277756624,9.44
2025-02-13 00:45:00,Two-Wheeler,68.81578973788592,50,4,29.155949294645204,5.58
2025-02-13 01:00:00,Two-Wheeler,65.11856833639007,7,3,23.18298190511006,7.16
2025-02-13 01:15:00,Bus,75.72133707111118,50,6,18.422230773866037,7.69
2025-02-13 01:30:00,Car,21.548480025557733,7,4,20.467861108416734,5.33
2025-02-13 01:45:00,Bus,18.525125202281252,7,6,18.44115895615372,13.39
2025-02-13 02:00:00,Bus,51.662336840188814,22,3,23.945703353923683,9.08
2025-02-13 02:15:00,Car,83.31610944313934,22,5,30.86873088229256,11.91
2025-02-13 02:30:00,Car,63.189458233053664,22,5,28.803662471370114,5.3
2025-02-13 02:45:00,Bus,50.41542620696315,7,5,16.541557855663818,10.87
2025-02-13 03:00:00,Two-Wheeler,41.16488081933506,7,5,32.49173424801442,10.19
2025-02-13 03:15:00,Two-Wheeler,26.42350284764776,22,2,23.09189099667068,8.7
2025-02-13 03:30:00,Car,13.510765390884602,50,5,21.887018509748202,5.07
2025-02-13 03:45:00,Car,50.32279254833767,22,7,35.85200546717364,11.83
2025-02-13 04:00:00,Car,74.27228899751913,50,0,19.258432948743305,6.45
2025-02-13 04:15:00,Car,17.93098173745934,11,1,12.476930066059838,7.87
2025-02-13 04:30:00,Bus,17.535329164431822,11,2,23.23424772595533,9.97
2025-02-13 04:45:00,Two-Wheeler,20.01695105394176,11,10,33.89892862739663,6.44
2025-02-13 05:00:00,Two-Wheeler,18.420957538357754,50,3,14.148360531935143,13.12
2025-02-13 05:15:00,Car,18.964044305852997,7,4,27.04921927653837,14.8
2025-02-13 05:30:00,Bus,62.37438498346351,22,5,22.21039441708529,12.5
2025-02-13 05:45:00,Two-Wheeler,23.998670836763306,11,7,34.9342916610605,5.26
2025-02-13 06:00:00,Car,15.347196190119373,7,0,25.618724683995822,12.71
2025-02-13 06:15:00,Bus,37.50861589074511,22,10,33.85881307804259,14.67
2025-02-13 06:30:00,Two-Wheeler,57.49442347799193,22,7,23.03147415583682,12.47
2025-02-13 06:45:00,Two-Wheeler,24.70081293359324,50,2,31.19753973052549,14.18
2025-02-13 07:00:00,Car,74.00771536208705,50,4,71.28094084467085,14.34
2025-02-13 07:15:00,Two-Wheeler,54.72148986475665,50,0,76.18046315128615,13.16
2025-02-13 07:30:00,Car,32.063542101533336,7,5,70.19141109458957,11.16
2025-02-13 07:45:00,Car,15.452920248768791,22,6,77.41795514425593,6.52
2025-02-13 08:00:00,Two-Wheeler,40.02704281006909,50,5,69.13721064585012,11.24
2025-02-13 08:15:00,Bus,35.30128437260262,50,2,69.56611418186648,5.24
2025-02-13 08:30:00,Car,42.61019952320063,7,0,87.97564936081892,10.58
2025-02-13 08:45:00,Car,43.01555423371671,22,3,84.93876209534025,13.99
2025-02-13 09:00:00,Bus,51.15041270138133,22,4,94.32911310206362,9.71
2025-02-13 09:15:00,Two-Wheeler,82.91163111930642,11,7,89.85608835300812,10.18
2025-02-13 09:30:00,Car,21.73654428845725,22,3,77.60391677553012,10.28
2025-02-13 09:45:00,Bus,32.089147024600834,11,3,66.49607523803266,12.36
2025-02-13 10:00:00,Car,77.95383580915495,22,4,95.3333373398745,7.13
2025-02-13 10:15:00,Bus,28.50560803928515,7,5,90.08648697914276,12.06
2025-02-13 10:30:00,Car,21.671705741129816,22,6,85.364241683583,5.88
2025-02-13 10:45:00,Two-Wheeler,26.597843136738664,50,11,100.0,6.98
2025-02-13 11:00:00,Bus,56.24753801404106,50,9,55.8874178337204,11.41
2025-02-13 11:15:00,Bus,25.818177007588478,22,4,44.465860431372164,14.12
2025-02-13 11:30:00,Car,25.263952260379096,22,0,50.39589224191722,11.08
2025-02-13 11:45:00,Car,45.25999723435299,22,8,60.858582731018785,9.53
2025-02-13 12:00:00,Car,39.39188934347285,22,0,50.61014544266049,13.04
2025-02-13 12:15:00,Car,31.887078903847996,7,6,65.72909459293726,13.7
2025-02-13 12:30:00,Two-Wheeler,45.855758708667985,22,3,39.209556698588464,6.8
2025-02-13 12:45:00,Car,42.50755926116974,22,0,40.2375797836155,11.97
2025-02-13 13:00:00,Two-Wheeler,37.321973528116786,7,4,49.4725464926775,14.36
2025-02-13 13:15:00,Two-Wheeler,75.7203368269286,22,7,53.20165470767604,9.76
2025-02-13 13:30:00,Bus,31.83914021273164,11,0,48.276560688080565,11.12
2025-02-13 13:45:00,Car,30.54762251853031,50,5,56.447384798886794,11.9
2025-02-13 14:00:00,Bus,20.827882974439945,50,0,40.80058842269455,14.42
2025-02-13 14:15:00,Car,69.90645989997265,50,2,53.79851735822023,6.87
2025-02-13 14:30:00,Car,16.97680011264658,22,4,38.866900644872494,6.42
2025-02-13 14:45:00,Two-Wheeler,81.60679255672572,22,10,52.658393879480094,10.74
2025-02-13 15:00:00,Car,51.857835881185544,50,7,42.54454537592634,7.76
2025-02-13 15:15:00,Car,46.38218141960541,50,8,66.83973860553047,12.32
2025-02-13 15:30:00,Two-Wheeler,84.53759584219685,7,2,59.961858357442296,5.86
2025-02-13 15:45:00,Two-Wheeler,42.38294230905575,50,3,37.18298888990861,7.53
2025-02-13 16:00:00,Car,31.754938683319537,50,5,43.11824888981556,8.84
2025-02-13 16:15:00,Two-Wheeler,34.400923177967215,7,0,53.791382961646946,9.6
2025-02-13 16:30:00,Car,64.30648937713674,50,2,44.617528153723306,10.16
2025-02-13 16:45:00,Bus,54.98755564655936,7,4,56.444408943500065,6.82
2025-02-13 17:00:00,Car,13.324425018451771,7,5,88.17744067039564,6.69
2025-02-13 17:15:00,Two-Wheeler,23.001306191336244,7,0,78.81594432336954,11.23
2025-02-13 17:30:00,Car,57.13211587926067,7,7,100.0,10.6
2025-02-13 17:45:00,Two-Wheeler,39.600895441810074,50,1,84.395964510986,10.98
2025-02-13 18:00:00,Two-Wheeler,16.47605975512835,7,9,100.0,6.27
2025-02-13 18:15:00,Car,48.80732344019796,50,7,82.37158986189144,13.97
2025-02-13 18:30:00,Bus,16.716528751247058,11,4,100.0,14.15
2025-02-13 18:45:00,Bus,41.08462882610921,22,0,62.06203915969831,6.27
2025-02-13 19:00:00,Bus,63.22188295668653,22,4,79.97743160955022,5.39
2025-02-13 19:15:00,Two-Wheeler,52.19031866465957,50,4,100.0,9.28
2025-02-13 19:30:00,Car,40.73855698809659,50,4,98.94018336907794,13.34
2025-02-13 19:45:00,Car,84.92607994014318,22,2,63.59174491381669,7.61
2025-02-13 20:00:00,Bus,35.35949207718907,22,4,79.89067607963335,8.45
2025-02-13 20:15:00,Car,20.92364515556142,50,0,62.75498740832917,6.51
2025-02-13 20:30:00,Car,11.965097918466642,50,3,75.61681243963132,6.26
2025-02-13 20:45:00,Two-Wheeler,42.787346575876434,11,5,70.72889604358339,6.62
2025-02-13 21:00:00,Car,30.223919275593957,11,3,83.4386911617293,7.71
2025-02-13 21:15:00,Two-Wheeler,36.31705691188938,50,6,77.05079266203985,8.13
2025-02-13 21:30:00,Car,37.11532606697104,22,6,100.0,11.28
2025-02-13 21:45:00,Two-Wheeler,61.65651062611577,11,2,80.1046099851449,5.05
2025-02-13 22:00:00,Two-Wheeler,30.076178722951656,7,9,37.09587567618408,9.99
2025-02-13 22:15:00,Two-Wheeler,26.97963674873775,22,6,31.034310070705146,12.25
2025-02-13 22:30:00,Car,14.595522041773087,11,6,16.97023803788359,12.02
2025-02-13 22:45:00,Two-Wheeler,44.6924999559882,7,1,16.45460889704235,6.87
2025-02-13 23:00:00,Two-Wheeler,42.530532814653846,7,3,29.888146876003375,9.42
2025-02-13 23:15:00,Bus,24.12422797070732,22,11,24.24114128238685,6.03
2025-02-13 23:30:00,Bus,24.67374842639583,22,6,24.27593813227842,7.62
2025-02-13 23:45:00,Car,46.572963545879595,7,5,21.485944483557784,14.34
2025-02-14 00:00:00,Bus,49.87519388685847,7,1,18.17662467596507,6.29
2025-02-14 00:15:00,Bus,62.78990293465204,50,9,23.16242254853307,5.41
2025-02-14 00:30:00,Bus,17.070223969432515,11,3,15.72489104089049,7.55
2025-02-14 00:45:00,Car,59.78565507891822,7,0,18.462168379560197,14.65
2025-02-14 01:00:00,Bus,81.64216804722977,22,4,22.121590185997793,13.0
2025-02-14 01:15:00,Two-Wheeler,43.72091740346797,7,4,15.180332885274835,10.42
2025-02-14 01:30:00,Two-Wheeler,20.56334490856652,22,3,18.58417675494599,12.64
2025-02-14 01:45:00,Car,46.576857467794646,11,4,27.75321182455459,7.73
2025-02-14 02:00:00,Bus,66.71000107510142,22,4,21.05911867452214,8.9
2025-02-14 02:15:00,Bus,57.76563876661841,11,0,17.86654097064561,8.29
2025-02-14 02:30:00,Car,22.873231890517037,22,7,28.401706190432396,6.9
2025-02-14 02:45:00,Car,58.28842728346849,50,5,34.83005667299932,12.2
2025-02-14 03:00:00,Two-Wheeler,19.152700897991323,22,9,36.171651720712575,11.91
2025-02-14 03:15:00,Two-Wheeler,25.85673396404434,22,12,28.36396827570644,13.26
2025-02-14 03:30:00,Bus,23.776094882792158,50,8,23.144257470748713,9.33
2025-02-14 03:45:00,Car,25.39754289241943,7,11,38.23365864750406,8.68
2025-02-14 04:00:00,Car,64.09128965422313,50,1,21.788650922474694,9.1
2025-02-14 04:15:00,Car,25.428186478043365,11,9,27.309771400125786,11.46
2025-02-14 04:30:00,Bus,48.17963339479127,11,2,30.3722510368132,12.68
2025-02-14 04:45:00,Car,13.157635107158777,22,7,20.179358264812983,11.67
2025-02-14 05:00:00,Car,39.4007519273949,50,2,17.082268826362842,6.54
2025-02-14 05:15:00,Bus,64.88056096925294,50,8,29.32300169234057,14.96
2025-02-14 05:30:00,Two-Wheeler,20.693667356965612,7,5,23.8181010743266,8.31
2025-02-14 05:45:00,Two-Wheeler,33.73358407424843,50,3,16.69268589618167,12.86
2025-02-14 06:00:00,Two-Wheeler,54.66521843733129,11,0,19.603979785455017,11.08
2025-02-14 06:15:00,Bus,63.64980152229015,7,2,19.748866878305684,8.01
2025-02-14 06:30:00,Two-Wheeler,28.44372799617675,50,8,19.204361071503957,9.53
2025-02-14 06:45:00,Bus,29.99396316280178,11,0,19.380551256932044,12.52
2025-02-14 07:00:00,Two-Wheeler,39.109144197784545,22,7,81.18602702126407,12.08
2025-02-14 07:15:00,Bus,23.330999069842928,22,8,97.01177275771695,8.74
2025-02-14 07:30:00,Two-Wheeler,42.368952564569355,50,1,97.8483441748289,14.68
2025-02-14 07:45:00,Two-Wheeler,14.16974678814762,11,0,67.33421178696739,10.63
2025-02-14 08:00:00,Two-Wheeler,41.55624291790402,7,4,93.7914670207411,10.74
2025-02-14 08:15:00,Two-Wheeler,45.65404522838471,50,5,88.6949036766935,5.96
2025-02-14 08:30:00,Two-Wheeler,28.39260808049218,7,0,93.03383508770959,6.1
2025-02-14 08:45:00,Bus,46.38481668650438,22,6,100.0,13.24
2025-02-14 09:00:00,Bus,30.96943336119488,11,5,72.60696903981109,10.14
2025-02-14 09:15:00,Car,32.68343824656457,7,3,84.83421737506552,8.3
2025-02-14 09:30:00,Two-Wheeler,32.66260995032595,11,4,78.46268615804547,14.49
2025-02-14 09:45:00,Two-Wheeler,42.14984825641746,11,5,91.16249295829226,12.88
2025-02-14 10:00:00,Bus,44.81729194946791,50,2,92.1964058719802,10.03
2025-02-14 10:15:00,Two-Wheeler,26.642767028172763,50,0,97.34120403016767,5.52
2025-02-14 10:30:00,Car,31.677988046749785,7,2,89.95769844112027,5.43
2025-02-14 10:45:00,Two-Wheeler,20.292438417178875,22,8,73.3088893318006,14.01
2025-02-14 11:00:00,Car,43.52919262602422,7,3,41.558397447691924,12.43
2025-02-14 11:15:00,Two-Wheeler,14.300593382416912,22,5,62.92427845742047,12.18
2025-02-14 11:30:00,Two-Wheeler,31.731051523945005,11,7,48.583985895791024,9.79
2025-02-14 11:45:00,Bus,40.44042744100555,11,6,56.38214828990886,11.62
2025-02-14 12:00:00,Car,77.58284756658287,11,2,40.31765880473208,9.5
2025-02-14 12:15:00,Two-Wheeler,40.38397047634303,11,3,53.21107514030667,8.23
2025-02-14 12:30:00,Car,21.179472969453382,7,5,40.40115337066585,9.29
2025-02-14 12:45:00,Car,23.96392503725354,50,4,47.98268849287609,12.76
2025-02-14 13:00:00,Car,19.393844750467153,11,8,64.21595253575651,11.88
2025-02-14 13:15:00,Car,14.210416855724327,50,8,51.21003698491567,14.45
2025-02-14 13:30:00,Car,16.78246519840373,50,0,45.32228584949725,8.05
2025-02-14 13:45:00,Bus,34.59620718844879,50,1,57.450559516856394,11.28
2025-02-14 14:00:00,Two-Wheeler,12.861159592053536,7,6,38.20121870502204,13.95
2025-02-14 14:15:00,Car,59.93996464509861,22,3,40.7226463303853,12.66
2025-02-14 14:30:00,Bus,47.480613614150016,7,5,43.99590349218851,13.54
2025-02-14 14:45:00,Car,69.02412440131235,50,10,42.45891776596282,10.75
2025-02-14 15:00:00,Bus,41.5151776964627,22,1,45.31482858722957,7.59
2025-02-14 15:15:00,Bus,11.134138532939781,11,10,59.0769674670654,13.06
2025-02-14 15:30:00,Car,17.737196626080795,7,8,43.542324047179505,5.31
2025-02-14 15:45:00,Two-Wheeler,16.904216566595117,7,5,55.508988202913145,6.33
2025-02-14 16:00:00,Two-Wheeler,52.73411519129187,11,5,50.106748216301,5.95
2025-02-14 16:15:00,Car,51.1370539570793,22,10,62.13129432511447,13.79
2025-02-14 16:30:00,Two-Wheeler,79.7167863055731,22,3,55.402353866452536,6.44
2025-02-14 16:45:00,Bus,37.667237154800205,11,8,39.57484703794943,12.12
2025-02-14 17:00:00,Bus,35.78207466858038,22,3,64.92569546798435,11.06
2025-02-14 17:15:00,Two-Wheeler,69.47258245010389,22,4,65.94867039948024,7.94
2025-02-14 17:30:00,Two-Wheeler,27.011688236268352,11,7,72.90848088460433,6.28
2025-02-14 17:45:00,Two-Wheeler,55.50103190571253,22,3,100.0,14.33
2025-02-14 18:00:00,Car,51.91762749449922,7,9,86.99745812414415,9.67
2025-02-14 18:15:00,Car,41.45117896729693,7,3,84.59443691870322,7.74
2025-02-14 18:30:00,Two-Wheeler,44.85251407038827,11,2,93.1348739071573,7.0
2025-02-14 18:45:00,Car,23.604117822251645,7,12,84.39478429260518,12.56
2025-02-14 19:00:00,Bus,18.952162174608347,7,4,98.3855603002934,10.7
2025-02-14 19:15:00,Two-Wheeler,14.28245782334438,11,0,89.24082074643255,7.16
2025-02-14 19:30:00,Two-Wheeler,25.63171948565133,50,8,90.93347088408262,14.56
2025-02-14 19:45:00,Car,43.15580005747243,22,0,95.05392851988464,5.08
2025-02-14 20:00:00,Bus,31.7495023838671,50,0,81.96663929431008,12.36
2025-02-14 20:15:00,Car,50.83280360085226,11,3,97.76517737182316,7.0
2025-02-14 20:30:00,Two-Wheeler,57.515359704698085,7,3,84.34831231486699,8.08
2025-02-14 20:45:00,Car,34.8847596984895,50,7,86.06943461492182,6.68
2025-02-14 21:00:00,Two-Wheeler,72.79164158577206,50,10,80.22740467226554,12.84
2025-02-14 21:15:00,Car,25.09649755114602,11,10,86.70866850981228,6.13
2025-02-14 21:30:00,Two-Wheeler,12.677540403850443,22,9,87.08219615604158,7.53
2025-02-14 21:45:00,Two-Wheeler,53.8428182786429,22,6,96.15132529176161,11.2
2025-02-14 22:00:00,Car,40.564803050740885,50,3,23.273863842654773,8.23
2025-02-14 22:15:00,Bus,14.53535271201302,7,2,30.111595507128722,7.99
2025-02-14 22:30:00,Bus,40.818546504884274,11,1,29.03403749432331,6.55
2025-02-14 22:45:00,Car,14.802160448225834,22,6,16.356476745201842,13.6
2025-02-14 23:00:00,Bus,22.048586402688095,7,5,31.05946602495602,8.1
2025-02-14 23:15:00,Bus,22.976082144988208,7,4,25.130969241113593,7.08
2025-02-14 23:30:00,Two-Wheeler,16.851582649033368,11,4,25.41170995729605,7.48
2025-02-14 23:45:00,Bus,45.78691016217121,7,5,17.8504387769984,6.69
2025-02-15 00:00:00,Two-Wheeler,25.225478681156805,50,10,26.944268874440855,7.99
2025-02-15 00:15:00,Car,66.6521442148063,11,8,33.46888254032755,11.63
2025-02-15 00:30:00,Bus,63.83625158878862,50,6,18.58961689289709,11.76
2025-02-15 00:45:00,Bus,16.317233035737566,11,11,23.039911044402757,7.07
2025-02-15 01:00:00,Car,57.98871298410665,11,3,30.699772113415257,6.23
2025-02-15 01:15:00,Bus,60.51116681791879,11,9,35.67952271792174,5.95
2025-02-15 01:30:00,Two-Wheeler,53.21062831757168,7,7,18.04992374269763,7.21
2025-02-15 01:45:00,Bus,83.27204711968027,22,7,27.406653869776296,12.37
2025-02-15 02:00:00,Bus,15.844754389530898,50,9,24.134039462660184,14.65
2025-02-15 02:15:00,Two-Wheeler,33.7619996140786,11,6,19.02756112120923,11.62
2025-02-15 02:30:00,Two-Wheeler,57.381190606058006,7,7,35.73726526570039,14.06
2025-02-15 02:45:00,Car,77.02710270592848,11,4,33.969473690700575,8.58
2025-02-15 03:00:00,Car,15.818219682223969,50,3,23.95729499790138,9.46
2025-02-15 03:15:00,Car,28.13820585403491,50,7,29.86366679588962,14.57
2025-02-15 03:30:00,Bus,41.05754191281418,11,8,32.53081383373733,8.21
2025-02-15 03:45:00,Bus,32.61125627593436,22,7,34.13665043738737,10.63
2025-02-15 04:00:00,Car,62.910268436480784,50,4,20.85470251434784,13.61
2025-02-15 04:15:00,Two-Wheeler,45.92260899159187,11,4,29.002364528293377,5.71
2025-02-15 04:30:00,Two-Wheeler,46.658167009757896,22,1,25.168297201610276,14.33
2025-02-15 04:45:00,Car,53.74124848433348,7,2,26.80796941504949,12.05
2025-02-15 05:00:00,Car,78.03175654555127,7,8,25.8710190030734,11.38
2025-02-15 05:15:00,Bus,40.85106440985407,11,8,19.846795060727175,12.7
2025-02-15 05:30:00,Two-Wheeler,25.120641307529983,22,3,13.413037127878546,5.43
2025-02-15 05:45:00,Car,33.598214189131994,11,9,33.12744482669761,14.41
2025-02-15 06:00:00,Two-Wheeler,34.698137867902695,22,7,17.426921988567273,14.98
2025-02-15 06:15:00,Two-Wheeler,55.70413292552189,7,8,18.190530787112845,14.84
2025-02-15 06:30:00,Car,37.14230227428008,50,4,32.8016203152235,6.65
2025-02-15 06:45:00,Car,35.27369482722142,7,10,32.686185426454685,5.45
2025-02-15 07:00:00,Bus,58.284995406931564,7,0,96.52971127871949,5.4
2025-02-15 07:15:00,Car,32.30211021336688,7,7,93.80445072980086,9.96
2025-02-15 07:30:00,Car,14.907384903007326,22,7,84.39720528226894,11.64
2025-02-15 07:45:00,Two-Wheeler,30.839527438232043,22,5,93.80034734786773,9.89
2025-02-15 08:00:00,Car,51.73101453406741,22,7,91.45271266026957,9.82
2025-02-15 08:15:00,Car,24.69699499960329,50,0,79.10436672717009,10.83
2025-02-15 08:30:00,Car,71.64778718380009,22,7,97.5160333035716,13.67
2025-02-15 08:45:00,Car,39.5554052618463,22,9,78.21119666743505,10.34
2025-02-15 09:00:00,Two-Wheeler,32.00751356394205,7,11,100.0,5.25
2025-02-15 09:15:00,Bus,16.744020018978716,22,3,97.24949019754577,8.75
2025-02-15 09:30:00,Car,45.77895974210734,11,5,71.6992805320215,13.38
2025-02-15 09:45:00,Bus,39.134184931065896,11,4,82.70634440109284,6.84
2025-02-15 10:00:00,Bus,67.61856388207875,50,3,86.79173886691572,13.26
2025-02-15 10:15:00,Bus,42.16449771971176,11,6,86.6805518866389,10.27
2025-02-15 10:30:00,Bus,31.848801862409253,11,4,74.01266284029015,5.37
2025-02-15 10:45:00,Car,42.60547159433043,22,8,78.93002186844288,11.4
2025-02-15 11:00:00,Bus,47.60885057366542,11,0,44.22616566519181,10.86
2025-02-15 11:15:00,Two-Wheeler,67.88584760847908,11,5,62.34493380366374,7.45
2025-02-15 11:30:00,Car,63.618553821799104,22,1,57.240977437591994,11.54
2025-02-15 11:45:00,Car,31.42298116099213,22,4,45.21127313519293,5.94
2025-02-15 12:00:00,Car,45.55325516907988,22,5,49.933023071228476,14.46
2025-02-15 12:15:00,Car,58.85047705349483,22,2,57.31139981609756,12.38
2025-02-15 12:30:00,Two-Wheeler,16.484968273844682,22,6,55.19863765048547,13.37
2025-02-15 12:45:00,Car,44.67915798915743,50,9,43.4965460641311,9.13
2025-02-15 13:00:00,Car,55.6366968840594,22,5,49.37452349851904,13.93
2025-02-15 13:15:00,Car,44.20989854802804,50,8,61.290416304113975,6.99
2025-02-15 13:30:00,Car,48.66835578455169,22,1,33.26431236654431,6.97
2025-02-15 13:45:00,Bus,27.457512739611527,22,4,45.827407418732996,11.66
2025-02-15 14:00:00,Bus,66.47538910182723,22,5,47.599478242208846,12.62
2025-02-15 14:15:00,Two-Wheeler,52.1343445870319,7,11,65.60441196903326,6.39
2025-02-15 14:30:00,Car,26.22116820591338,11,3,57.067252946942965,13.04
2025-02-15 14:45:00,Two-Wheeler,37.988525438036135,50,5,39.22594810272887,9.37
2025-02-15 15:00:00,Two-Wheeler,24.27497369404065,11,3,37.20243623701779,9.89
2025-02-15 15:15:00,Car,15.934595010646218,50,2,54.627687182689925,7.06
2025-02-15 15:30:00,Bus,49.41457397414755,22,2,57.30614735824606,14.59
2025-02-15 15:45:00,Bus,65.81095268074294,7,2,41.85775694451743,8.36
2025-02-15 16:00:00,Bus,47.253971242451144,11,9,65.00623010270701,7.55
2025-02-15 16:15:00,Two-Wheeler,26.135692904850952,11,1,42.980064508059186,5.04
2025-02-15 16:30:00,Car,21.448388708827196,11,3,40.10885177295653,5.53
2025-02-15 16:45:00,Car,63.19257325855028,7,4,45.83257362440205,13.26
2025-02-15 17:00:00,Car,66.63345594209434,11,5,69.64802508682116,9.79
2025-02-15 17:15:00,Two-Wheeler,36.45205027023072,22,2,93.84396269648349,13.5
2025-02-15 17:30:00,Bus,18.634248222738712,22,7,97.6251729350113,14.99
2025-02-15 17:45:00,Car,41.69705743890264,7,3,100.0,13.64
2025-02-15 18:00:00,Car,56.42420300739652,22,6,76.20115213648845,12.9
2025-02-15 18:15:00,Bus,50.288860673673206,22,2,100.0,11.45
2025-02-15 18:30:00,Two-Wheeler,47.29592717954283,50,0,72.38708720544494,13.38
2025-02-15 18:45:00,Bus,15.57160859096478,11,4,89.68150873255794,11.69
2025-02-15 19:00:00,Bus,49.62353931619171,22,8,99.26195555759703,5.22
2025-02-15 19:15:00,Bus,34.90693834163583,50,8,100.0,10.07
2025-02-15 19:30:00,Bus,16.367869335355206,11,6,74.33791062833482,13.78
2025-02-15 19:45:00,Bus,47.705352958092654,50,4,92.83950998098977,11.61
2025-02-15 20:00:00,Car,27.095989953900784,7,5,83.03536212000348,12.15
2025-02-15 20:15:00,Two-Wheeler,46.08878014490127,11,4,100.0,13.85
2025-02-15 20:30:00,Bus,41.43638383507819,50,2,74.80867549354329,12.18
2025-02-15 20:45:00,Bus,64.13869014164058,11,4,68.07481068382377,12.45
2025-02-15 21:00:00,Bus,76.07769728726103,50,5,90.02988258252566,6.99
2025-02-15 21:15:00,Two-Wheeler,31.85903562372177,50,3,85.79539908616887,8.6
2025-02-15 21:30:00,Two-Wheeler,16.241602781264785,7,3,84.75674754588945,5.22
2025-02-15 21:45:00,Bus,27.867486625941602,7,4,85.58017595656928,14.14
2025-02-15 22:00:00,Car,31.070704708616304,50,6,33.297373652885256,9.83
2025-02-15 22:15:00,Two-Wheeler,31.58909696456085,50,4,25.78609145450919,8.53
2025-02-15 22:30:00,Two-Wheeler,22.606042866641697,7,4,28.126611744383265,9.16
2025-02-15 22:45:00,Bus,62.667568415999675,11,2,24.14072197609733,11.83
2025-02-15 23:00:00,Car,34.795653102183174,7,4,31.21892686205507,13.88
2025-02-15 23:15:00,Bus,50.898976152128725,7,8,29.64415736853913,8.79
2025-02-15 23:30:00,Bus,35.30410519481896,50,5,22.526673464605004,12.09
2025-02-15 23:45:00,Bus,50.38067344118091,7,6,28.237375039990084,9.92
2025-02-16 00:00:00,Two-Wheeler,62.063327046496624,7,5,16.861323966319446,14.38
2025-02-16 00:15:00,Bus,69.00395791095792,11,1,14.667293455471798,7.2
2025-02-16 00:30:00,Bus,41.633737160233714,11,1,17.948962508072437,5.62
2025-02-16 00:45:00,Bus,44.26835958974971,50,5,27.37813848252332,8.24
2025-02-16 01:00:00,Bus,32.68150552964649,7,1,28.51803852893093,14.32
2025-02-16 01:15:00,Car,16.763371130600323,22,5,19.37056629552926,7.29
2025-02-16 01:30:00,Car,35.50770128043063,22,7,30.866970984992495,14.0
2025-02-16 01:45:00,Bus,48.442888898622286,22,3,20.127860352659482,6.84
2025-02-16 02:00:00,Car,87.98738961762191,11,3,26.086281407026686,8.5
2025-02-16 02:15:00,Car,19.420911087812684,11,5,27.016756696321696,9.28
2025-02-16 02:30:00,Car,52.97563925959107,22,2,15.308853553074718,13.93
2025-02-16 02:45:00,Two-Wheeler,12.534537007295146,11,0,15.868999405662741,5.8
2025-02-16 03:00:00,Car,42.62856709594609,22,7,18.2713195904939,13.07
2025-02-16 03:15:00,Bus,50.63109572317197,11,5,31.904192258461727,6.07
2025-02-16 03:30:00,Bus,22.024960328638887,11,0,21.443053825271495,10.59
2025-02-16 03:45:00,Two-Wheeler,48.93328230309159,11,8,26.397208520529198,11.29
2025-02-16 04:00:00,Car,21.085295118139307,50,2,26.908591185837427,10.02
2025-02-16 04:15:00,Bus,12.707520047608204,11,5,25.941958959530332,13.38
2025-02-16 04:30:00,Car,47.03467972421839,50,3,13.521662885381213,12.18
2025-02-16 04:45:00,Bus,39.41913801907828,22,1,15.383286969204075,12.98
2025-02-16 05:00:00,Bus,23.678661526798766,50,1,30.871466188003616,9.63
2025-02-16 05:15:00,Bus,35.08433469673334,22,6,22.581027258405147,13.54
2025-02-16 05:30:00,Car,41.21109576187839,11,10,35.47714743663444,12.84
2025-02-16 05:45:00,Car,27.77416782227612,11,7,21.592951333489466,11.41
2025-02-16 06:00:00,Car,28.25107350379327,7,5,19.838539119714248,9.93
2025-02-16 06:15:00,Bus,33.60870040970521,22,4,21.7245982910912,9.75
2025-02-16 06:30:00,Car,25.43903237116879,22,5,25.807114829612395,5.57
2025-02-16 06:45:00,Bus,51.46066549365389,22,0,15.189480517100229,8.68
2025-02-16 07:00:00,Car,58.129710368948395,7,4,100.0,11.25
2025-02-16 07:15:00,Bus,42.01228998596233,11,3,77.00421528060353,9.04
2025-02-16 07:30:00,Bus,17.794694419441896,11,5,86.49109431293208,10.73
2025-02-16 07:45:00,Bus,65.18222724693229,7,1,87.72851229,13.56
2025-02-16 08:00:00,Two-Wheeler,16.589425485754777,11,10,93.62285147641578,14.54
2025-02-16 08:15:00,Bus,47.5714485345935,50,3,97.64994923539716,7.84
2025-02-16 08:30:00,Two-Wheeler,16.294820974923383,11,6,79.76538497363366,13.15
2025-02-16 08:45:00,Two-Wheeler,27.8695604071561,50,2,87.80456936720678,10.19
2025-02-16 09:00:00,Two-Wheeler,24.25313129090727,7,4,84.81993686013014,9.22
2025-02-16 09:15:00,Bus,23.534245240054112,22,5,74.46257527269238,8.49
2025-02-16 09:30:00,Car,15.87655914659489,7,0,81.88074373043517,8.21
2025-02-16 09:45:00,Car,31.790350101983126,50,3,95.5180561210083,14.08
2025-02-16 10:00:00,Two-Wheeler,50.74955140825984,7,2,100.0,13.99
2025-02-16 10:15:00,Two-Wheeler,49.04260299004874,7,6,100.0,7.26
2025-02-16 10:30:00,Bus,17.555708264408537,7,1,92.48825709809722,12.31
2025-02-16 10:45:00,Two-Wheeler,35.71774422975879,11,1,66.38420138075345,13.09
2025-02-16 11:00:00,Two-Wheeler,30.722092284575922,7,8,65.00343446420729,7.89
2025-02-16 11:15:00,Bus,57.16161483295729,7,7,45.702212136850775,11.19
2025-02-16 11:30:00,Two-Wheeler,33.39316973487661,22,4,42.271155858497394,6.52
2025-02-16 11:45:00,Car,26.699951761289146,7,5,59.32740369489273,10.63
2025-02-16 12:00:00,Bus,16.045852456230712,7,2,46.50016268213935,6.47
2025-02-16 12:15:00,Two-Wheeler,58.47653911850743,7,7,62.07354265727888,11.59
2025-02-16 12:30:00,Car,39.456155410733466,22,8,52.16706938573432,10.51
2025-02-16 12:45:00,Car,31.26054804856166,22,0,50.56365756829389,6.37
2025-02-16 13:00:00,Two-Wheeler,46.48458187874731,50,7,63.24068992220688,9.08
2025-02-16 13:15:00,Bus,16.215930212492115,22,4,45.526945768806215,13.52
2025-02-16 13:30:00,Bus,16.136294290502832,11,4,59.68567608535269,6.02
2025-02-16 13:45:00,Two-Wheeler,45.20769077618513,50,7,50.547293607517005,5.25
2025-02-16 14:00:00,Car,75.7578785193647,7,1,36.1544577977727,6.38
2025-02-16 14:15:00,Car,42.10197747317955,50,3,40.3848551257182,12.54
2025-02-16 14:30:00,Two-Wheeler,20.551587239519176,50,5,45.703034409359816,7.85
2025-02-16 14:45:00,Bus,23.55888943225777,7,3,59.002255674383534,7.62
2025-02-16 15:00:00,Car,64.45400030250812,7,3,58.978098692296896,7.07
2025-02-16 15:15:00,Two-Wheeler,67.77650145057711,22,2,53.09779085339845,10.29
2025-02-16 15:30:00,Bus,43.32228849715518,22,0,32.763702444863036,7.28
2025-02-16 15:45:00,Bus,43.46065047179714,50,9,53.07322672514471,10.73
2025-02-16 16:00:00,Two-Wheeler,62.76351857347035,11,5,59.27642620657161,6.32
2025-02-16 16:15:00,Car,16.221547158536357,22,5,58.09365497292194,10.24
2025-02-16 16:30:00,Bus,54.455150643072784,11,11,59.763033565856276,13.27
2025-02-16 16:45:00,Bus,44.60702224864881,7,3,43.60415429088795,9.64
2025-02-16 17:00:00,Bus,44.43846739582695,50,6,99.50447333336237,12.74
2025-02-16 17:15:00,Bus,53.824496989735486,50,7,69.62586730214962,13.15
2025-02-16 17:30:00,Two-Wheeler,54.39941257466187,11,9,80.00095320323926,6.35
2025-02-16 17:45:00,Car,46.248785274698896,22,4,81.43287074335078,7.59
2025-02-16 18:00:00,Two-Wheeler,11.189981402525166,22,6,72.8932307420142,10.86
2025-02-16 18:15:00,Bus,29.64400809846331,22,4,65.40541348249111,12.29
2025-02-16 18:30:00,Bus,39.27810225642687,50,4,70.50379415788217,11.11
2025-02-16 18:45:00,Car,25.99989944712577,11,8,68.88559326977705,10.71
2025-02-16 19:00:00,Two-Wheeler,17.994991930179722,7,4,64.19233726177583,7.15
2025-02-16 19:15:00,Two-Wheeler,85.46570551201972,50,2,70.99405612993228,13.23
2025-02-16 19:30:00,Car,63.8644453834334,7,3,73.85257650838143,10.6
2025-02-16 19:45:00,Bus,63.47551828074123,7,6,70.27479710831156,6.54
2025-02-16 20:00:00,Car,64.88543843421643,7,0,65.3881652436758,13.79
2025-02-16 20:15:00,Car,25.78981422787864,7,4,80.71054336346114,10.3
2025-02-16 20:30:00,Car,64.14881622419658,11,8,76.22480265374465,7.99
2025-02-16 20:45:00,Bus,64.86881772672297,7,8,73.36083118520183,11.9
2025-02-16 21:00:00,Two-Wheeler,20.26614873406358,7,6,87.11699783128104,8.86
2025-02-16 21:15:00,Bus,76.55725982986704,11,0,63.39735117001449,14.96
2025-02-16 21:30:00,Car,50.289966087130836,22,6,94.18514458862106,6.58
2025-02-16 21:45:00,Car,49.151711688267,11,4,71.98871167076064,7.47
2025-02-16 22:00:00,Two-Wheeler,49.124395564161155,7,1,25.294017410599473,13.99
2025-02-16 22:15:00,Bus,52.63297566433856,11,5,29.044629788610912,7.81
2025-02-16 22:30:00,Two-Wheeler,29.532385032998523,7,6,19.138079353789482,9.72
2025-02-16 22:45:00,Car,47.27484949591605,11,5,19.870528734375906,12.45
2025-02-16 23:00:00,Bus,51.38295893493464,7,6,32.34884180262804,7.42
2025-02-16 23:15:00,Bus,51.20855325412593,22,6,28.683587053849074,14.56
2025-02-16 23:30:00,Car,50.20148710407692,7,5,34.08490701206387,9.86
2025-02-16 23:45:00,Two-Wheeler,57.64913750843112,22,3,30.174245369007256,7.1
2025-02-17 00:00:00,Car,38.445516171341666,50,2,23.120045522446503,8.66
2025-02-17 00:15:00,Two-Wheeler,48.75065868658912,50,0,25.261357226997774,9.45
2025-02-17 00:30:00,Two-Wheeler,45.713853074528885,7,4,14.110292118175188,6.75
2025-02-17 00:45:00,Two-Wheeler,66.73874935011591,22,0,18.887713756798874,12.06
2025-02-17 01:00:00,Car,47.44322258895034,11,13,23.449858367616788,9.12
2025-02-17 01:15:00,Two-Wheeler,45.08505268216173,50,6,29.790004788802666,12.49
2025-02-17 01:30:00,Bus,41.89006093437325,7,0,23.91729958212455,14.75
2025-02-17 01:45:00,Two-Wheeler,35.40437667988576,22,1,19.127881483426012,14.45
2025-02-17 02:00:00,Bus,16.365604404279708,11,2,26.605771555207884,13.89
2025-02-17 02:15:00,Bus,48.25422496478533,22,6,24.15485888121823,14.25
2025-02-17 02:30:00,Two-Wheeler,26.501254542226505,50,2,24.80823928829467,7.84
2025-02-17 02:45:00,Two-Wheeler,44.92475817400344,22,4,15.367649518236675,14.63
2025-02-17 03:00:00,Car,16.844910808357575,7,0,21.555841224782462,6.07
2025-02-17 03:15:00,Car,9.570267428373256,50,6,16.661692689109834,14.58
2025-02-17 03:30:00,Two-Wheeler,15.220916732941511,50,2,18.816264866203017,6.91
2025-02-17 03:45:00,Car,30.977804840403238,11,4,33.07406866722833,13.35
2025-02-17 04:00:00,Bus,18.98582540896938,7,2,19.43422211586859,9.24
2025-02-17 04:15:00,Two-Wheeler,21.349211143478357,50,9,23.906555946692105,5.59
2025-02-17 04:30:00,Bus,32.75216350343575,11,6,25.838235755501902,10.47
2025-02-17 04:45:00,Bus,21.24908033452692,7,6,24.23014927657101,14.11
2025-02-17 05:00:00,Two-Wheeler,17.472002444771256,7,10,22.056584890533735,5.91
2025-02-17 05:15:00,Two-Wheeler,22.748261017429485,11,1,19.015818899689872,12.83
2025-02-17 05:30:00,Car,48.03927333877407,7,6,27.264279132742846,8.27
2025-02-17 05:45:00,Two-Wheeler,72.28447078991199,7,0,13.568436452988895,7.47
2025-02-17 06:00:00,Car,46.65554157640076,7,2,28.693539595055604,7.15
2025-02-17 06:15:00,Bus,24.11750624130032,50,4,14.803268920418398,5.29
2025-02-17 06:30:00,Bus,80.8756744757847,50,8,21.377508998538737,11.64
2025-02-17 06:45:00,Two-Wheeler,21.80392431908251,7,3,19.88037300307779,5.27
2025-02-17 07:00:00,Car,16.34440076299263,22,3,71.34291043454213,8.34
2025-02-17 07:15:00,Bus,42.82876785015765,22,4,97.10465689148856,12.08
2025-02-17 07:30:00,Bus,35.90998429033435,50,7,70.36611282791677,6.23
2025-02-17 07:45:00,Car,64.6435744081815,22,7,82.298769671574,5.02
2025-02-17 08:00:00,Two-Wheeler,39.768545474045254,7,4,76.57844091396039,10.33
2025-02-17 08:15:00,Car,18.083032600125136,7,6,93.14272147329699,6.18
2025-02-17 08:30:00,Two-Wheeler,38.83880585772421,11,2,98.85054849252383,14.15
2025-02-17 08:45:00,Two-Wheeler,29.857142643607347,7,3,99.99485366615477,12.24
2025-02-17 09:00:00,Car,46.58732391345988,22,0,66.59553689450051,11.19
2025-02-17 09:15:00,Two-Wheeler,64.21450307364358,11,2,91.62784663180979,9.29
2025-02-17 09:30:00,Car,30.249805301598744,22,10,80.57530802713761,5.02
2025-02-17 09:45:00,Car,54.147709406624955,7,1,95.05436936460565,14.34
2025-02-17 10:00:00,Car,15.460603692861376,50,0,70.47458677523932,8.61
2025-02-17 10:15:00,Car,18.545907207959562,7,4,77.28576550610765,13.5
2025-02-17 10:30:00,Bus,35.570249737914864,7,6,80.74015673143595,5.62
2025-02-17 10:45:00,Car,12.55567656289928,22,6,100.0,14.49
2025-02-17 11:00:00,Bus,20.863024233628686,11,2,48.84962436097883,12.21
2025-02-17 11:15:00,Two-Wheeler,56.17441369525625,11,9,53.09808401532816,11.44
2025-02-17 11:30:00,Bus,43.31387919923821,50,6,49.37462795916981,9.39
2025-02-17 11:45:00,Two-Wheeler,24.309398475856607,11,5,40.6792722024758,13.46
2025-02-17 12:00:00,Car,59.02206842891138,22,1,35.679373208058465,7.15
2025-02-17 12:15:00,Bus,18.621648598220748,11,10,52.23058499594742,14.28
2025-02-17 12:30:00,Two-Wheeler,82.40687945407863,22,3,45.068351165206685,6.09
2025-02-17 12:45:00,Two-Wheeler,63.16848893288882,50,2,57.30439845086508,7.01
2025-02-17 13:00:00,Car,57.71418908345905,22,4,57.25370918058221,6.41
2025-02-17 13:15:00,Two-Wheeler,57.69429612536143,50,0,42.88062867152863,6.93
2025-02-17 13:30:00,Two-Wheeler,42.15867966942549,7,9,68.67959380424085,8.06
2025-02-17 13:45:00,Bus,22.37454850321579,50,0,37.3786978327978,12.55
2025-02-17 14:00:00,Two-Wheeler,16.23685408956382,7,5,56.79584897011091,13.24
2025-02-17 14:15:00,Bus,37.41360603594019,7,4,55.252800912557596,5.08
2025-02-17 14:30:00,Car,25.436662934397802,22,5,43.358604427328316,8.13
2025-02-17 14:45:00,Two-Wheeler,26.586026890142136,7,4,45.05360517181603,8.46
2025-02-17 15:00:00,Car,31.361495493269352,11,10,43.65367248274929,10.51
2025-02-17 15:15:00,Car,71.33146590395262,11,4,53.52804195707624,5.21
2025-02-17 15:30:00,Two-Wheeler,14.29504672794146,22,3,59.83745722978122,10.57
2025-02-17 15:45:00,Bus,84.6854664496734,50,10,58.226736473274826,7.12
2025-02-17 16:00:00,Bus,37.787448869401366,7,1,39.235614738372234,10.61
2025-02-17 16:15:00,Bus,38.843474574253975,11,0,52.561993317871824,14.21
2025-02-17 16:30:00,Car,44.37134895444676,11,10,41.57655505848669,10.61
2025-02-17 16:45:00,Bus,88.6788812453012,11,0,49.28620110044517,5.48
2025-02-17 17:00:00,Two-Wheeler,56.68966973866601,22,5,69.60598844663647,11.98
2025-02-17 17:15:00,Two-Wheeler,62.73932607914853,11,4,89.25169866080847,7.55
2025-02-17 17:30:00,Car,29.207062624530117,50,4,85.03428716927814,8.41
2025-02-17 17:45:00,Car,21.292898801968214,11,5,95.54026835364118,6.92
2025-02-17 18:00:00,Bus,87.10752970986134,50,5,85.57863258581634,11.19
2025-02-17 18:15:00,Bus,30.691751263405816,7,8,88.1079531203883,12.33
2025-02-17 18:30:00,Two-Wheeler,41.45985057907293,50,1,74.32735409815443,7.79
2025-02-17 18:45:00,Car,12.751137177125882,50,2,77.79937901187672,6.46
2025-02-17 19:00:00,Bus,31.25496031226829,11,4,88.5772065228972,13.11
2025-02-17 19:15:00,Bus,27.344612046057748,7,0,65.6486133928301,8.83
2025-02-17 19:30:00,Car,50.53257167085641,7,3,70.11689683061756,14.62
2025-02-17 19:45:00,Two-Wheeler,21.28954080967836,50,8,82.94250060751295,5.83
2025-02-17 20:00:00,Car,16.85770047328818,7,4,99.54745311868061,11.88
2025-02-17 20:15:00,Two-Wheeler,21.317166375277676,22,6,84.32510895921821,9.39
2025-02-17 20:30:00,Two-Wheeler,64.49805899865737,11,10,78.19581218255183,9.75
2025-02-17 20:45:00,Bus,48.553538930430285,11,4,90.2879794696257,11.87
2025-02-17 21:00:00,Bus,50.13053382948622,7,6,89.23360001935407,9.95
2025-02-17 21:15:00,Car,22.68704316176125,11,2,84.98117351216825,6.28
2025-02-17 21:30:00,Car,69.37281371732459,11,7,76.3502540358883,8.31
2025-02-17 21:45:00,Bus,44.57327250012786,22,6,92.26083114372524,5.27
2025-02-17 22:00:00,Bus,36.587566036878734,11,4,17.407758974038327,6.17
2025-02-17 22:15:00,Car,17.527629272525875,22,7,31.95956137522495,10.37
2025-02-17 22:30:00,Two-Wheeler,18.698570172404338,7,8,28.899276294332513,9.05
2025-02-17 22:45:00,Car,32.86695563105436,22,0,20.17030750621506,9.26
2025-02-17 23:00:00,Car,8.333333333333332,50,7,29.904810446597043,6.34
2025-02-17 23:15:00,Two-Wheeler,18.895143743530777,11,4,31.20531538253593,14.46
2025-02-17 23:30:00,Car,39.55016215233973,50,5,18.647329040266783,7.29
2025-02-17 23:45:00,Car,12.830846760093454,22,2,27.778918780519007,12.17
2025-02-18 00:00:00,Car,33.036762715589035,50,9,22.520953908543405,8.18
2025-02-18 00:15:00,Bus,49.073163879729606,50,3,27.057301710988597,11.88
2025-02-18 00:30:00,Bus,30.876297694283622,22,4,16.70689602155109,5.12
2025-02-18 00:45:00,Car,62.757800872746145,22,1,11.193487226056599,6.7
2025-02-18 01:00:00,Two-Wheeler,50.330246848613825,11,7,32.19563588094128,5.02
2025-02-18 01:15:00,Bus,34.72305118504727,11,7,24.249691309798152,9.91
2025-02-18 01:30:00,Car,66.57530611642262,22,11,35.528676527743556,13.33
2025-02-18 01:45:00,Car,32.63500398287621,11,3,25.547833677983043,10.97
2025-02-18 02:00:00,Car,17.91959230023823,50,2,18.67620480494883,8.39
2025-02-18 02:15:00,Bus,82.6267171014528,11,3,28.705851501411594,6.84
2025-02-18 02:30:00,Bus,64.08096579206625,11,2,28.44408301697604,7.16
2025-02-18 02:45:00,Bus,45.93314556897094,7,5,31.583053201488443,6.98
2025-02-18 03:00:00,Bus,61.03541384819784,22,6,16.177465799748468,5.07
2025-02-18 03:15:00,Two-Wheeler,14.518778377086054,22,1,30.871811946360374,6.49
2025-02-18 03:30:00,Car,25.01837205199298,7,6,31.834223975407518,14.71
2025-02-18 03:45:00,Car,59.330144961220356,7,3,17.495306592249044,5.84
2025-02-18 04:00:00,Bus,34.40552118448558,22,5,23.391787566746167,11.07
2025-02-18 04:15:00,Car,21.732721795485535,11,0,26.195655001465546,10.41
2025-02-18 04:30:00,Two-Wheeler,48.99648262073489,7,6,26.62386033499673,14.66
2025-02-18 04:45:00,Bus,43.98841652962689,11,8,21.280077834521325,7.27
2025-02-18 05:00:00,Car,39.31707726352307,7,5,34.32368074434256,8.9
2025-02-18 05:15:00,Two-Wheeler,30.11785138685302,11,6,27.242368087253624,12.21
2025-02-18 05:30:00,Car,16.99679612864155,22,8,28.9255036599531,8.57
2025-02-18 05:45:00,Two-Wheeler,48.324420182047504,50,6,26.328485321954236,9.96
2025-02-18 06:00:00,Car,18.7248669955975,22,2,29.702226632526102,12.72
2025-02-18 06:15:00,Two-Wheeler,38.92685274346945,22,7,25.35724595686052,5.48
2025-02-18 06:30:00,Two-Wheeler,35.08956602067169,7,4,21.324255970703675,10.19
2025-02-18 06:45:00,Bus,31.203387709140326,7,5,27.906898808141634,11.25
2025-02-18 07:00:00,Car,17.494568637070753,22,1,89.97003828656004,14.21
2025-02-18 07:15:00,Two-Wheeler,64.34119928955833,50,6,72.05955703962437,6.61
2025-02-18 07:30:00,Car,27.023190243903368,22,9,73.31200563582908,8.97
2025-02-18 07:45:00,Car,30.26856968214086,11,6,67.16375372094791,12.71
2025-02-18 08:00:00,Bus,51.83444552556963,22,8,70.08949561618061,13.86
2025-02-18 08:15:00,Car,13.688989646153342,22,0,97.92289062398628,6.86
2025-02-18 08:30:00,Bus,40.70813005639126,11,6,86.24317388855707,7.54
2025-02-18 08:45:00,Two-Wheeler,41.91880178250714,22,3,94.85680073037435,13.48
2025-02-18 09:00:00,Bus,53.83447377432921,7,0,73.77818753764717,6.83
2025-02-18 09:15:00,Two-Wheeler,19.8356368466042,22,5,84.9628259119877,12.56
2025-02-18 09:30:00,Bus,48.516059652391526,22,4,67.24939581323278,11.34
2025-02-18 09:45:00,Bus,27.423815481021713,50,6,84.43765779370511,14.29
2025-02-18 10:00:00,Bus,59.58410935738346,11,2,83.19922074438735,5.24
2025-02-18 10:15:00,Two-Wheeler,40.31685251978304,7,8,100.0,13.83
2025-02-18 10:30:00,Car,26.97245162045052,11,7,70.90956941225096,14.14
2025-02-18 10:45:00,Bus,49.76017549410172,22,8,100.0,5.41
2025-02-18 11:00:00,Bus,29.41101861455514,22,9,68.94322421611915,13.71
2025-02-18 11:15:00,Car,73.61236973027246,7,4,42.548434943689934,12.46
2025-02-18 11:30:00,Bus,13.858836113440843,7,7,47.14820892101632,8.66
2025-02-18 11:45:00,Car,49.01613786266367,22,5,42.072309984502056,7.36
2025-02-18 12:00:00,Car,80.84207942805799,11,3,43.394236198092884,10.6
2025-02-18 12:15:00,Car,51.92180794079517,22,3,56.65960981227366,10.8
2025-02-18 12:30:00,Car,33.65483043515381,22,6,48.316360805995274,9.03
2025-02-18 12:45:00,Car,61.18052114331713,50,9,44.98028519136578,13.14
2025-02-18 13:00:00,Bus,54.07317393531025,22,7,44.836924615666355,13.52
2025-02-18 13:15:00,Bus,76.93753288428348,22,6,49.58368179409699,6.81
2025-02-18 13:30:00,Two-Wheeler,19.623420177933916,50,9,48.50083331069112,9.32
2025-02-18 13:45:00,Bus,18.4934669147977,50,3,43.22243613760146,13.02
2025-02-18 14:00:00,Two-Wheeler,42.07273201730808,7,6,47.64528181754436,12.06
2025-02-18 14:15:00,Car,47.72930778692382,11,4,52.83547053202632,8.38
2025-02-18 14:30:00,Bus,40.79288186609024,22,6,36.54298116268578,13.04
2025-02-18 14:45:00,Car,20.775431594692783,22,7,65.90398730388833,6.4
2025-02-18 15:00:00,Car,46.67066613780699,11,3,54.89124095435221,11.41
2025-02-18 15:15:00,Two-Wheeler,55.08019830816557,22,6,58.86541284708327,12.58
2025-02-18 15:30:00,Bus,24.223467154184334,7,10,62.68989935681843,5.74
2025-02-18 15:45:00,Bus,30.831094329148307,50,5,39.65721586623664,5.14
2025-02-18 16:00:00,Car,20.730608881119142,22,6,53.74959481000005,9.07
2025-02-18 16:15:00,Two-Wheeler,62.72113267902641,22,7,59.67659721930122,10.72
2025-02-18 16:30:00,Car,12.296226419200563,22,2,32.071702717865165,9.92
2025-02-18 16:45:00,Bus,63.019730708716104,22,2,60.018226960061924,5.12
2025-02-18 17:00:00,Two-Wheeler,68.46202293890035,11,4,100.0,12.35
2025-02-18 17:15:00,Two-Wheeler,20.467897981614254,11,5,87.2321603674418,12.75
2025-02-18 17:30:00,Two-Wheeler,52.84348466501551,11,3,74.89602604667948,10.45
2025-02-18 17:45:00,Bus,26.76540842226066,7,5,93.54558507108806,10.98
2025-02-18 18:00:00,Car,73.98602191105815,7,7,74.67477371445024,7.88
2025-02-18 18:15:00,Two-Wheeler,18.659839100640795,22,5,82.88765340818716,7.99
2025-02-18 18:30:00,Car,12.142721804098692,50,1,86.72387284085434,14.57
2025-02-18 18:45:00,Bus,64.7892228651267,50,5,99.2764658808118,11.63
2025-02-18 19:00:00,Bus,20.08902999765135,22,9,85.42181934569513,6.24
2025-02-18 19:15:00,Car,35.633851383597126,7,5,92.39203995150073,10.34
2025-02-18 19:30:00,Bus,33.29214689252962,7,4,77.4630416694956,14.49
2025-02-18 19:45:00,Bus,24.229685479327287,50,0,85.37810640023952,12.31
2025-02-18 20:00:00,Car,30.18158499133476,11,7,90.5376266310163,12.37
2025-02-18 20:15:00,Two-Wheeler,33.26853578169273,22,8,84.48900542994369,8.19
2025-02-18 20:30:00,Bus,44.78462787865063,7,5,96.72382932302622,14.31
2025-02-18 20:45:00,Bus,43.32902949303603,7,8,90.22899194397039,9.52
2025-02-18 21:00:00,Bus,25.668042576587055,7,1,92.07941845621666,9.18
2025-02-18 21:15:00,Two-Wheeler,21.501971303019385,7,3,95.1373649047537,6.67
2025-02-18 21:30:00,Car,25.353427832267744,7,5,81.67616989491643,13.12
2025-02-18 21:45:00,Two-Wheeler,76.54451800294919,11,6,90.91934020547879,10.53
2025-02-18 22:00:00,Car,33.73693060284157,22,4,15.669172102847526,6.39
2025-02-18 22:15:00,Two-Wheeler,16.16854560873985,50,6,26.662716239611285,7.79
2025-02-18 22:30:00,Car,16.611522028407684,22,2,13.080773575352554,10.38
2025-02-18 22:45:00,Bus,74.26762116310348,11,5,34.83181463357809,6.57
2025-02-18 23:00:00,Two-Wheeler,34.49816251660147,11,2,31.338198609648945,11.57
2025-02-18 23:15:00,Car,48.52837737757229,11,2,29.70819833649066,7.36
2025-02-18 23:30:00,Car,40.89693206649256,50,7,26.395663532979256,11.06
2025-02-18 23:45:00,Two-Wheeler,25.31149751375109,22,2,26.670682444295174,6.73
2025-02-19 00:00:00,Two-Wheeler,18.613530836389216,22,5,24.324551005341917,8.06
2025-02-19 00:15:00,Bus,32.807826570318724,7,8,23.325070468411717,8.98
2025-02-19 00:30:00,Bus,31.295134162941363,50,6,22.591805676116415,10.63
2025-02-19 00:45:00,Two-Wheeler,29.52042370889399,50,1,20.992227378924923,6.58
2025-02-19 01:00:00,Car,41.34075729281686,22,4,27.54382434481006,12.78
2025-02-19 01:15:00,Car,24.406990556055693,22,2,13.760588789463318,6.5
2025-02-19 01:30:00,Bus,32.85000108234887,7,6,32.2267223907174,8.51
2025-02-19 01:45:00,Car,25.978170020913605,50,2,24.46627134572776,10.69
2025-02-19 02:00:00,Two-Wheeler,88.15885286653031,50,0,15.324500506531196,7.59
2025-02-19 02:15:00,Two-Wheeler,33.81977172322329,50,6,31.71050595533146,9.17
2025-02-19 02:30:00,Bus,29.193029436074273,22,3,32.146112787523364,6.05
2025-02-19 02:45:00,Bus,16.972636831992393,11,0,25.772376016108243,6.92
2025-02-19 03:00:00,Two-Wheeler,72.54060756648659,11,7,31.0147796237504,9.83
2025-02-19 03:15:00,Bus,67.40842228151978,7,4,30.99587705626407,6.06
2025-02-19 03:30:00,Bus,45.63454126999188,11,7,17.873032260955682,9.99
2025-02-19 03:45:00,Car,20.213562124109238,7,8,35.37716641511932,13.46
2025-02-19 04:00:00,Bus,62.33353938572937,7,1,30.40659152559556,10.49
2025-02-19 04:15:00,Two-Wheeler,18.317198492079335,22,4,16.73939213118242,7.84
2025-02-19 04:30:00,Bus,21.37843851702559,11,5,19.86266859583172,14.97
2025-02-19 04:45:00,Bus,59.54791600275956,22,5,34.25187243103594,12.18
2025-02-19 05:00:00,Car,46.06826253919971,11,0,21.468953281649487,7.32
2025-02-19 05:15:00,Car,24.273252079321484,50,3,20.822784566586435,9.9
2025-02-19 05:30:00,Car,29.09367264588177,7,6,19.07964183761257,14.53
2025-02-19 05:45:00,Bus,35.48101222002024,11,7,24.00346088500246,10.95
2025-02-19 06:00:00,Two-Wheeler,28.726482864412596,7,5,34.56815055920114,11.39
2025-02-19 06:15:00,Two-Wheeler,52.58079579123979,22,4,18.829782216979552,13.67
2025-02-19 06:30:00,Two-Wheeler,63.65413602244694,11,6,19.06760435155752,5.18
2025-02-19 06:45:00,Two-Wheeler,42.11478585965727,7,4,33.92130159889243,14.56
2025-02-19 07:00:00,Car,30.575175689269894,11,7,100.0,11.84
2025-02-19 07:15:00,Bus,26.21794248600834,7,5,75.56758043062574,14.17
2025-02-19 07:30:00,Two-Wheeler,40.293463328324854,50,7,73.32654193678628,6.96
2025-02-19 07:45:00,Bus,42.28434235590927,11,6,70.77669090310555,8.9
2025-02-19 08:00:00,Car,37.62211023335521,7,2,67.62380702832802,12.89
2025-02-19 08:15:00,Two-Wheeler,15.210338506440934,50,7,92.84435537886638,8.73
2025-02-19 08:30:00,Bus,35.691250238752055,7,2,92.08035014121305,12.9
2025-02-19 08:45:00,Car,73.29827855603621,50,7,69.54043264352858,12.47
2025-02-19 09:00:00,Two-Wheeler,16.177660919283227,7,3,85.890095555535,7.74
2025-02-19 09:15:00,Bus,50.74018452547455,7,5,99.53635175787176,9.63
2025-02-19 09:30:00,Car,13.71986240916932,22,2,96.57868645349038,12.47
2025-02-19 09:45:00,Two-Wheeler,62.60893545910978,50,8,74.29751491555011,9.54
2025-02-19 10:00:00,Car,49.19775298591882,7,5,100.0,5.34
2025-02-19 10:15:00,Two-Wheeler,20.71417837634566,50,3,91.02735747239242,9.58
2025-02-19 10:30:00,Car,79.85151411597195,7,3,90.98641509219728,14.59
2025-02-19 10:45:00,Car,43.15957534616036,7,1,70.68682561348992,6.55
2025-02-19 11:00:00,Two-Wheeler,56.69450302567596,11,0,51.714414338644374,6.2
2025-02-19 11:15:00,Bus,85.6266472178479,7,1,34.544398683385964,12.45
2025-02-19 11:30:00,Car,41.73883699097074,50,2,52.88240454985949,11.16
2025-02-19 11:45:00,Two-Wheeler,29.402056335295764,7,3,55.11189904757862,14.55
2025-02-19 12:00:00,Bus,42.508914974367556,22,3,47.741664479923585,14.26
2025-02-19 12:15:00,Bus,21.406472455726288,11,5,50.99929052768452,10.41
2025-02-19 12:30:00,Two-Wheeler,28.497100296121246,50,3,35.900173011930654,11.27
2025-02-19 12:45:00,Car,60.95613948809289,11,6,63.513525894484374,6.35
2025-02-19 13:00:00,Two-Wheeler,22.47377884177123,7,7,51.86890037878812,8.18
2025-02-19 13:15:00,Car,61.2884133799684,11,4,36.99330580676754,11.7
2025-02-19 13:30:00,Car,30.05453798448057,7,7,65.45082995371186,8.94
2025-02-19 13:45:00,Car,56.674094434246356,50,1,58.44735334245854,10.37
2025-02-19 14:00:00,Two-Wheeler,22.121317119240132,11,7,38.790479531104324,10.36
2025-02-19 14:15:00,Bus,18.980455777337465,7,1,57.137611721248895,6.91
2025-02-19 14:30:00,Two-Wheeler,39.72159592904706,50,4,41.18263264366137,8.69
2025-02-19 14:45:00,Two-Wheeler,39.19163581326496,7,9,68.89860052539575,14.74
2025-02-19 15:00:00,Two-Wheeler,17.693314292796714,7,5,48.07582581908739,12.6
2025-02-19 15:15:00,Two-Wheeler,65.88283597486881,11,2,42.903199329528036,12.26
2025-02-19 15:30:00,Car,50.71464764288217,7,4,37.804262117696055,11.84
2025-02-19 15:45:00,Two-Wheeler,13.566324902392214,50,11,63.658469672906094,12.29
2025-02-19 16:00:00,Car,63.51643872817239,11,1,53.31036208408987,7.54
2025-02-19 16:15:00,Car,53.12120471385445,50,3,57.410779100701994,11.91
2025-02-19 16:30:00,Car,72.65056486521456,11,5,35.26687433654396,9.18
2025-02-19 16:45:00,Two-Wheeler,57.140635357309996,11,8,44.846364718631065,6.93
2025-02-19 17:00:00,Two-Wheeler,34.39657928429956,11,4,66.49844753409235,14.21
2025-02-19 17:15:00,Car,34.87315842854757,50,2,96.00767285074886,7.82
2025-02-19 17:30:00,Car,46.39120808308208,7,2,97.58117360454798,13.86
2025-02-19 17:45:00,Bus,20.251380625765197,7,2,66.57869857323031,11.84
2025-02-19 18:00:00,Two-Wheeler,44.1314978766954,7,8,98.02874921537091,13.81
2025-02-19 18:15:00,Two-Wheeler,26.839733985605164,7,2,77.49725205378746,10.33
2025-02-19 18:30:00,Two-Wheeler,21.007006717374615,50,9,94.1503091263816,9.13
2025-02-19 18:45:00,Bus,60.42264464903472,7,4,70.92127534931554,8.17
2025-02-19 19:00:00,Car,48.916182160560005,22,10,93.04456153893793,9.57
2025-02-19 19:15:00,Bus,12.718066744391884,7,3,87.57220203781225,10.36
2025-02-19 19:30:00,Two-Wheeler,57.02063180932287,50,11,83.00280706814462,11.26
2025-02-19 19:45:00,Two-Wheeler,43.477792859626994,11,2,83.40714560638403,11.5
2025-02-19 20:00:00,Car,22.869336422826404,7,3,84.65162688808012,6.77
2025-02-19 20:15:00,Two-Wheeler,86.9695193592477,22,6,95.46181913799924,5.91
2025-02-19 20:30:00,Bus,45.87678611636245,7,8,69.36689603116284,12.4
2025-02-19 20:45:00,Bus,26.66098284105502,50,3,86.46118628987998,8.95
2025-02-19 21:00:00,Car,41.08312052204899,7,8,93.12664012156053,14.77
2025-02-19 21:15:00,Two-Wheeler,20.596249058763146,7,7,82.8929612137115,7.85
2025-02-19 21:30:00,Two-Wheeler,88.58223766749924,22,0,73.79181273585398,10.27
2025-02-19 21:45:00,Two-Wheeler,23.79750154003787,22,8,69.90803616445996,5.01
2025-02-19 22:00:00,Two-Wheeler,29.20326863939951,50,6,30.359255455838557,5.85
2025-02-19 22:15:00,Bus,30.074711931026478,22,5,31.445134571810446,11.81
2025-02-19 22:30:00,Car,71.98778858783474,11,6,20.574013252429808,11.58
2025-02-19 22:45:00,Bus,41.89020852340888,50,2,28.1482014954805,7.38
2025-02-19 23:00:00,Car,12.633324320487455,50,4,23.529905785436824,5.16
2025-02-19 23:15:00,Bus,27.57738255665132,50,2,20.968169989427018,12.98
2025-02-19 23:30:00,Two-Wheeler,32.577457024296685,50,1,17.745900584102863,10.15
2025-02-19 23:45:00,Car,17.644507529088852,11,6,33.31377140545305,7.04
2025-02-20 00:00:00,Car,28.134998027880886,22,6,18.962959577733276,8.79
2025-02-20 00:15:00,Two-Wheeler,18.017841572946796,22,2,13.891971407945716,6.09
2025-02-20 00:30:00,Car,43.51749571302514,7,0,10.947149605578087,13.3
2025-02-20 00:45:00,Car,28.713698925369833,22,1,30.294049421200306,11.61
2025-02-20 01:00:00,Two-Wheeler,44.042803995681915,50,9,26.33018255413971,11.33
2025-02-20 01:15:00,Bus,58.79733554167171,22,3,18.72232042248847,14.33
2025-02-20 01:30:00,Car,77.99252391867137,22,4,31.77054209129189,9.5
2025-02-20 01:45:00,Two-Wheeler,16.39696646331472,50,2,15.470104849229411,6.31
2025-02-20 02:00:00,Two-Wheeler,13.71260456710512,11,9,27.002776102999746,14.11
2025-02-20 02:15:00,Car,26.59971798705972,7,5,30.94055971124786,6.54
2025-02-20 02:30:00,Two-Wheeler,74.42012994871448,11,2,19.03515134472459,11.65
2025-02-20 02:45:00,Two-Wheeler,15.944725924553008,7,4,21.08201447325084,13.86
2025-02-20 03:00:00,Two-Wheeler,67.31958174628417,7,4,29.737282994633546,11.18
2025-02-20 03:15:00,Two-Wheeler,24.121110867038883,7,1,21.53901483276942,14.3
2025-02-20 03:30:00,Two-Wheeler,25.886819258563413,50,3,26.397307126605277,8.37
2025-02-20 03:45:00,Bus,29.78049608185835,50,3,20.552196717671478,14.78
2025-02-20 04:00:00,Bus,49.087896416843925,50,5,34.749913027950875,12.4
2025-02-20 04:15:00,Two-Wheeler,50.7126281070633,11,5,24.724980979984995,14.62
2025-02-20 04:30:00,Bus,32.88390305353972,22,2,17.578375916893076,9.41
2025-02-20 04:45:00,Bus,61.42595607680559,7,9,38.71017300120714,5.26
2025-02-20 05:00:00,Bus,87.20143365690797,7,7,34.41806952822608,5.21
2025-02-20 05:15:00,Car,14.98673695253111,22,3,22.809702393308477,13.65
2025-02-20 05:30:00,Two-Wheeler,32.341960122717886,22,1,11.143010128455185,5.81
2025-02-20 05:45:00,Two-Wheeler,16.25345264534127,11,7,22.49417535946307,11.42
2025-02-20 06:00:00,Bus,25.327053815171897,7,4,24.48641021218106,5.86
2025-02-20 06:15:00,Bus,23.822923972425297,50,1,14.365145374730279,13.81
2025-02-20 06:30:00,Two-Wheeler,41.306621031037736,50,2,12.151156827883245,7.56
2025-02-20 06:45:00,Bus,43.93756475150802,22,5,22.272821632939838,10.86
2025-02-20 07:00:00,Bus,28.656568578384412,50,9,72.38518944021159,7.06
2025-02-20 07:15:00,Bus,49.104721109793,22,0,73.06076022890171,7.12
2025-02-20 07:30:00,Two-Wheeler,20.126798690966087,22,5,65.12797005446077,9.87
2025-02-20 07:45:00,Car,38.00309002157691,7,2,89.82480875063592,9.12
2025-02-20 08:00:00,Two-Wheeler,47.60516069595186,50,7,92.49730422186586,10.85
2025-02-20 08:15:00,Two-Wheeler,26.566901043016074,7,13,76.61314222094502,9.05
2025-02-20 08:30:00,Bus,81.93725882582436,11,0,69.45745381344094,12.64
2025-02-20 08:45:00,Car,17.323154119269535,11,4,78.14103675916576,14.87
2025-02-20 09:00:00,Bus,18.88196073159213,11,5,78.3959771207814,8.46
2025-02-20 09:15:00,Two-Wheeler,75.27989984017033,50,7,69.60009197199759,5.15
2025-02-20 09:30:00,Two-Wheeler,43.231682309119705,50,10,98.37163766362063,13.74
2025-02-20 09:45:00,Car,26.003108535855127,11,5,74.97057758072546,6.49
2025-02-20 10:00:00,Bus,61.99734627848248,22,3,92.29943755824635,6.66
2025-02-20 10:15:00,Car,34.049563711396345,11,6,67.134578439199,7.58
2025-02-20 10:30:00,Two-Wheeler,24.78764396259187,22,5,77.77332022198192,8.57
2025-02-20 10:45:00,Car,78.98029838178019,22,0,60.16792991362078,7.71
2025-02-20 11:00:00,Bus,45.08185604231957,11,3,57.095505250393224,10.3
2025-02-20 11:15:00,Car,43.00228557723542,50,8,64.80344381192837,14.05
2025-02-20 11:30:00,Two-Wheeler,45.87325106209242,7,0,33.794605333691166,10.26
2025-02-20 11:45:00,Car,65.59182247464858,7,5,59.605700106157805,13.55
2025-02-20 12:00:00,Bus,23.204630958620495,11,4,48.96178809303467,13.03
2025-02-20 12:15:00,Bus,32.02853320986834,22,6,53.1101837109524,13.09
2025-02-20 12:30:00,Bus,21.90541664821008,50,6,63.21413927305804,11.59
2025-02-20 12:45:00,Car,17.101100577586898,50,5,47.228207992003945,11.66
2025-02-20 13:00:00,Bus,35.17225799626616,50,5,44.13720317030057,10.97
2025-02-20 13:15:00,Bus,29.049131601526096,22,8,40.589997921570735,9.07
2025-02-20 13:30:00,Bus,48.88771696922939,7,6,62.11318339841907,9.81
2025-02-20 13:45:00,Bus,41.064336304766016,11,10,40.030366892107764,9.0
2025-02-20 14:00:00,Car,41.74997060938756,11,2,46.85570674150456,9.64
2025-02-20 14:15:00,Bus,14.876564426869118,11,10,42.56149795878185,13.22
2025-02-20 14:30:00,Car,37.022170207822064,11,5,59.85402559648706,9.57
2025-02-20 14:45:00,Bus,28.168790279102968,7,6,60.927997330348866,12.53
2025-02-20 15:00:00,Car,17.573341948005904,11,0,47.177662808557656,11.46
2025-02-20 15:15:00,Two-Wheeler,35.880946345606844,11,7,63.24388880346722,9.76
2025-02-20 15:30:00,Bus,50.25790405671125,22,0,34.12762511400689,5.0
2025-02-20 15:45:00,Car,18.03293832365142,22,3,45.661261959873414,5.68
2025-02-20 16:00:00,Bus,39.75939195721661,50,2,45.69299581099008,10.79
2025-02-20 16:15:00,Car,70.24132672525566,7,5,35.84956699754966,13.56
2025-02-20 16:30:00,Two-Wheeler,35.02928564549382,11,1,59.43453435494584,11.68
2025-02-20 16:45:00,Car,65.0913870660589,11,1,49.00353095020657,12.4
2025-02-20 17:00:00,Two-Wheeler,50.369593172387525,50,5,85.88642148116853,5.76
2025-02-20 17:15:00,Car,25.928419278715413,50,3,73.40537619372195,9.2
2025-02-20 17:30:00,Car,89.07139190545256,11,6,86.50689709826366,6.41
2025-02-20 17:45:00,Two-Wheeler,20.90426884450875,11,5,92.47496382305363,7.13
2025-02-20 18:00:00,Car,44.71700805051209,11,3,95.94474344113777,6.63
2025-02-20 18:15:00,Bus,25.038540170835123,11,9,100.0,10.18
2025-02-20 18:30:00,Bus,29.111513494215796,7,3,80.1089449689246,14.52
2025-02-20 18:45:00,Car,24.176840362337153,11,2,89.85880602829131,14.77
2025-02-20 19:00:00,Bus,19.77348678403129,11,5,96.78566712071412,7.48
2025-02-20 19:15:00,Two-Wheeler,13.129014554169638,11,3,89.96079951265241,7.2
2025-02-20 19:30:00,Bus,21.619009753984855,7,2,99.00850826787192,11.95
2025-02-20 19:45:00,Bus,39.59393678561245,11,0,66.27473171982051,11.6
2025-02-20 20:00:00,Car,25.270249597460452,22,4,65.53220981441632,11.43
2025-02-20 20:15:00,Two-Wheeler,12.312632367153823,50,7,68.38115295088492,10.81
2025-02-20 20:30:00,Bus,82.16010080519612,7,4,72.52226663404544,11.34
2025-02-20 20:45:00,Car,46.27342063937385,50,3,88.0297499498042,9.03
2025-02-20 21:00:00,Two-Wheeler,59.707435006751844,50,3,100.0,12.52
2025-02-20 21:15:00,Car,17.153467978458377,22,4,92.29487362765293,8.46
2025-02-20 21:30:00,Car,50.47847744746616,22,10,98.01269774462442,11.41
2025-02-20 21:45:00,Two-Wheeler,24.35702002809498,11,6,98.15057378975393,9.05
2025-02-20 22:00:00,Car,22.58754762168888,22,9,26.206620957115682,10.67
2025-02-20 22:15:00,Two-Wheeler,19.549397947016715,11,3,24.780543857637966,6.91
2025-02-20 22:30:00,Car,52.11786692588156,50,4,27.29037867075194,8.43
2025-02-20 22:45:00,Two-Wheeler,29.78654713251112,11,5,18.729631984810858,13.3
2025-02-20 23:00:00,Bus,26.317525412100228,11,6,21.385622031455178,12.14
2025-02-20 23:15:00,Bus,67.17732627085827,50,2,26.334153431336745,13.86
2025-02-20 23:30:00,Bus,73.20608381855303,22,6,19.096641355577837,7.72
2025-02-20 23:45:00,Car,21.038336766965,11,4,14.159582867351599,14.97
2025-02-21 00:00:00,Car,47.228361540711234,7,2,26.515310712571406,11.96
2025-02-21 00:15:00,Bus,24.87841679367778,50,10,27.076657866604517,14.21
2025-02-21 00:30:00,Car,39.28666315598519,50,5,24.53764298462147,11.99
2025-02-21 00:45:00,Bus,28.982263689164895,11,5,33.09425514622722,10.58
2025-02-21 01:00:00,Two-Wheeler,43.38931555865668,7,7,20.09231367398937,8.87
2025-02-21 01:15:00,Car,53.7918922441601,11,3,25.694593393076097,9.8
2025-02-21 01:30:00,Bus,51.97356893699442,50,10,35.871192501838635,5.7
2025-02-21 01:45:00,Two-Wheeler,32.35626025346897,50,3,20.809151822869055,10.21
2025-02-21 02:00:00,Bus,28.442448897357544,7,4,22.662595296314453,7.76
2025-02-21 02:15:00,Car,28.472579764922298,11,4,21.216744700771418,12.03
2025-02-21 02:30:00,Car,20.44195288397505,7,5,21.00977462830232,9.43
2025-02-21 02:45:00,Two-Wheeler,56.29489346408767,7,4,29.183428042800877,7.95
2025-02-21 03:00:00,Two-Wheeler,48.05104146846225,11,8,31.77287709085109,6.81
2025-02-21 03:15:00,Bus,21.56632681604436,7,7,20.62715697215652,7.46
2025-02-21 03:30:00,Car,40.47137473473719,11,5,28.345463331474512,7.61
2025-02-21 03:45:00,Car,49.9970542380405,22,5,18.575705660282097,10.21
2025-02-21 04:00:00,Car,46.23303253216945,22,1,20.49481281160883,11.93
2025-02-21 04:15:00,Two-Wheeler,20.666416103519346,11,2,29.567707658602618,13.19
2025-02-21 04:30:00,Car,77.99175012820096,50,0,15.029969229226452,8.55
2025-02-21 04:45:00,Bus,34.32257630611977,7,3,27.446239625268902,14.24
2025-02-21 05:00:00,Bus,17.666360286350084,7,10,24.613966225843782,11.89
2025-02-21 05:15:00,Two-Wheeler,34.04722446178174,11,9,20.277105227851177,5.38
2025-02-21 05:30:00,Car,35.768297352410386,11,7,19.01831888737786,9.15
2025-02-21 05:45:00,Bus,51.807960826818345,7,10,33.84182078026294,6.73
2025-02-21 06:00:00,Car,48.85169103205051,11,8,20.08286938470218,8.83
2025-02-21 06:15:00,Car,44.425837741223646,22,6,26.158558654698446,14.5
2025-02-21 06:30:00,Bus,54.077570763892275,22,2,25.104648724055657,9.98
2025-02-21 06:45:00,Car,24.318870363215307,22,8,29.33802066177784,14.61
2025-02-21 07:00:00,Two-Wheeler,28.156139933671767,11,8,100.0,12.61
2025-02-21 07:15:00,Car,41.418749150319,11,10,79.68428250266732,10.47
2025-02-21 07:30:00,Bus,29.54882951752882,50,4,70.42330807678435,6.96
2025-02-21 07:45:00,Two-Wheeler,35.61846552306577,7,5,83.33396391565779,8.97
2025-02-21 08:00:00,Car,34.23821634879029,50,5,94.75484019218838,13.3
2025-02-21 08:15:00,Car,23.281146360869368,50,7,81.0551721150005,13.98
2025-02-21 08:30:00,Car,15.576711361625135,11,7,100.0,9.97
2025-02-21 08:45:00,Two-Wheeler,32.75005280561545,22,7,96.32110868863708,6.94
2025-02-21 09:00:00,Car,16.810183118863584,22,3,75.80665527528498,6.31
2025-02-21 09:15:00,Car,50.81108937825926,22,2,67.88738946396734,13.21
2025-02-21 09:30:00,Bus,22.324970972234645,50,6,75.78051622163784,10.89
2025-02-21 09:45:00,Bus,21.657681305555187,11,6,100.0,9.63
2025-02-21 10:00:00,Car,18.553396316480352,7,9,76.83458238007255,14.14
2025-02-21 10:15:00,Two-Wheeler,17.750957165941564,22,6,91.78372628463771,5.17
2025-02-21 10:30:00,Car,87.36209065579276,11,6,80.31249694043615,12.22
2025-02-21 10:45:00,Car,28.72211174233252,22,6,68.04774536841302,9.97
2025-02-21 11:00:00,Bus,40.96139198324874,22,1,55.79688390833998,11.61
2025-02-21 11:15:00,Bus,42.92041260411316,50,9,41.67162243506068,14.31
2025-02-21 11:30:00,Bus,58.10992463435756,22,5,36.56609450864239,12.21
2025-02-21 11:45:00,Car,32.65399870336593,11,5,38.274215146647464,10.31
2025-02-21 12:00:00,Bus,22.62495796277421,22,9,48.11874000193553,9.03
2025-02-21 12:15:00,Two-Wheeler,24.356941913312056,22,4,52.06030024444263,13.65
2025-02-21 12:30:00,Two-Wheeler,45.50886429854534,22,8,45.23680863360005,9.28
2025-02-21 12:45:00,Bus,27.719562102640108,7,5,39.83553910329382,14.49
2025-02-21 13:00:00,Bus,29.31620500563011,50,0,48.22496331357826,11.28
2025-02-21 13:15:00,Two-Wheeler,49.219724306183075,11,1,50.1409142460318,6.72
2025-02-21 13:30:00,Bus,43.48604920967286,50,5,60.46744479407507,5.8
2025-02-21 13:45:00,Bus,52.68308420663386,11,6,51.969245213518334,9.3
2025-02-21 14:00:00,Bus,56.32521805538054,50,5,63.12254295954992,6.31
2025-02-21 14:15:00,Car,58.87884075039277,11,1,40.98149630320477,7.12
2025-02-21 14:30:00,Car,46.6986901473837,7,5,37.42211535200041,6.62
2025-02-21 14:45:00,Car,64.23953042676486,22,4,47.19214515795251,6.95
2025-02-21 15:00:00,Two-Wheeler,40.797281370818716,22,1,36.972820342210554,7.75
2025-02-21 15:15:00,Bus,24.440559694478463,22,3,38.513825067183475,6.54
2025-02-21 15:30:00,Bus,61.60399861069051,11,5,45.74253930828605,7.28
2025-02-21 15:45:00,Bus,53.56860050466132,22,3,42.43368452590012,8.58
2025-02-21 16:00:00,Two-Wheeler,17.700871901974985,11,3,38.9527700121511,7.02
2025-02-21 16:15:00,Bus,10.499763316270167,50,3,44.59374315927668,11.01
2025-02-21 16:30:00,Car,88.88844432166127,7,4,60.61108099461834,14.0
2025-02-21 16:45:00,Car,55.76872216393026,22,0,42.720378037694076,12.4
2025-02-21 17:00:00,Bus,24.734331092228356,22,4,86.88854015714888,7.45
2025-02-21 17:15:00,Two-Wheeler,21.15207864063106,50,11,100.0,5.63
2025-02-21 17:30:00,Car,76.10274668972934,22,6,71.7499492233892,7.51
2025-02-21 17:45:00,Car,22.589433174673324,50,8,85.30707473141351,8.96
2025-02-21 18:00:00,Two-Wheeler,59.45219582386257,22,9,69.02859180514159,7.57
2025-02-21 18:15:00,Car,34.84468586246673,50,6,75.8618656845953,13.83
2025-02-21 18:30:00,Bus,78.66165658223332,7,4,99.13037967146465,5.48
2025-02-21 18:45:00,Bus,16.962104987819636,22,6,100.0,12.96
2025-02-21 19:00:00,Two-Wheeler,60.074892916307036,50,1,71.74897818399234,10.67
2025-02-21 19:15:00,Bus,19.108845551276453,11,4,100.0,7.38
2025-02-21 19:30:00,Car,72.2754154038806,11,5,82.11861254139443,9.8
2025-02-21 19:45:00,Car,58.733270298333984,22,7,100.0,11.8
2025-02-21 20:00:00,Two-Wheeler,51.77567115648871,11,3,67.04778416924682,9.53
2025-02-21 20:15:00,Two-Wheeler,30.939241367540763,50,1,63.20757215064877,9.1
2025-02-21 20:30:00,Bus,80.99510551946928,7,2,62.5273837319502,14.22
2025-02-21 20:45:00,Bus,24.3382983569622,50,2,67.30799255620518,9.34
2025-02-21 21:00:00,Bus,53.6254412065074,22,5,96.6832911329509,5.38
2025-02-21 21:15:00,Car,33.89503528295239,50,5,78.0925860467814,10.33
2025-02-21 21:30:00,Two-Wheeler,37.95346260958324,11,4,97.1483205740154,11.12
2025-02-21 21:45:00,Car,18.161856479856915,11,5,89.03879935639623,14.95
2025-02-21 22:00:00,Bus,35.50307176829094,7,3,20.144357800119963,13.46
2025-02-21 22:15:00,Bus,60.17930963920188,7,6,18.88685504330152,9.57
2025-02-21 22:30:00,Bus,15.270218443762532,11,0,16.495519821358155,5.26
2025-02-21 22:45:00,Bus,39.424124930491686,11,6,19.128439577220977,6.13
2025-02-21 23:00:00,Bus,13.306909530006871,7,2,13.8179459451787,5.47
2025-02-21 23:15:00,Car,57.43909454180142,22,5,30.059739992086115,6.4
2025-02-21 23:30:00,Bus,23.16744899239338,11,5,27.722353138792528,8.4
2025-02-21 23:45:00,Two-Wheeler,32.43695959923902,7,3,30.61106572211802,11.38
2025-02-22 00:00:00,Bus,57.34254146869493,50,12,37.97217523556067,10.72
2025-02-22 00:15:00,Two-Wheeler,83.38329719171388,11,4,20.9387344975201,9.35
2025-02-22 00:30:00,Car,20.056689595278097,50,4,31.77764412291189,6.82
2025-02-22 00:45:00,Bus,17.54633253701295,7,1,23.37301794374748,5.55
2025-02-22 01:00:00,Car,53.30767587474945,7,8,33.3305898442656,10.93
2025-02-22 01:15:00,Two-Wheeler,77.54788571772286,50,0,15.799649910856042,9.27
2025-02-22 01:30:00,Bus,26.096139619743518,50,3,32.005125062910295,9.11
2025-02-22 01:45:00,Bus,35.32890243678284,7,2,24.706574984915527,14.03
2025-02-22 02:00:00,Car,35.656593637525674,50,6,35.3882234213617,13.49
2025-02-22 02:15:00,Car,40.43800107326738,11,6,17.38540952050325,10.79
2025-02-22 02:30:00,Bus,30.71665363813688,22,7,18.91624695291291,6.54
2025-02-22 02:45:00,Two-Wheeler,59.3917534962512,22,8,28.69211381386011,5.53
2025-02-22 03:00:00,Car,70.59727380452111,7,6,34.95674709994407,13.1
2025-02-22 03:15:00,Bus,26.40416678263588,50,7,18.347581649246155,13.01
2025-02-22 03:30:00,Two-Wheeler,45.51005943161262,11,8,31.649404935099227,7.89
2025-02-22 03:45:00,Bus,28.43213914012937,50,6,31.364879399475342,14.85
2025-02-22 04:00:00,Two-Wheeler,66.96042965347691,11,2,20.808777109914068,14.77
2025-02-22 04:15:00,Two-Wheeler,19.891480218817694,22,6,31.550264084896924,9.32
2025-02-22 04:30:00,Car,30.820026874865153,22,6,17.18402638038811,8.26
2025-02-22 04:45:00,Two-Wheeler,30.268198944290038,11,0,26.234371117935748,8.75
2025-02-22 05:00:00,Car,19.138874691693587,50,3,25.237359984438722,8.23
2025-02-22 05:15:00,Two-Wheeler,49.819075598718314,7,10,38.001175955043244,9.64
2025-02-22 05:30:00,Two-Wheeler,73.40239529185139,11,5,18.56152993518572,8.51
2025-02-22 05:45:00,Bus,59.93348844246306,22,3,21.413470073310528,6.71
2025-02-22 06:00:00,Car,20.97744529879971,11,4,30.218000813835577,14.4
2025-02-22 06:15:00,Bus,22.51131020017196,11,6,33.95109010218668,14.56
2025-02-22 06:30:00,Bus,25.755359781010046,7,0,23.693141123358046,6.16
2025-02-22 06:45:00,Two-Wheeler,14.26707840969471,22,4,22.02937462328035,12.61
2025-02-22 07:00:00,Car,15.08653964300094,50,2,83.28177589156542,8.14
2025-02-22 07:15:00,Car,49.53545760282236,11,2,93.6680904645316,10.1
2025-02-22 07:30:00,Two-Wheeler,32.193288616243564,11,4,100.0,7.53
2025-02-22 07:45:00,Two-Wheeler,24.508786109201555,22,2,68.26333408435976,12.48
2025-02-22 08:00:00,Bus,24.091227624713547,22,3,100.0,6.75
2025-02-22 08:15:00,Two-Wheeler,31.03541651872931,22,0,68.15869747027739,10.54
2025-02-22 08:30:00,Two-Wheeler,69.66057663983779,50,4,64.79160630533826,8.53
2025-02-22 08:45:00,Bus,30.23851302317086,7,9,70.54174097185039,12.38
2025-02-22 09:00:00,Car,10.956154212919062,22,7,91.39553509201214,5.15
2025-02-22 09:15:00,Car,34.42990689849934,7,7,100.0,13.41
2025-02-22 09:30:00,Two-Wheeler,18.19531126325853,50,6,71.93572202632353,7.64
2025-02-22 09:45:00,Bus,80.37166685049142,50,2,77.90818819823004,12.54
2025-02-22 10:00:00,Car,29.160509962667696,7,4,93.91448980994427,10.19
2025-02-22 10:15:00,Bus,43.693499417432214,11,7,79.42892540146852,14.79
2025-02-22 10:30:00,Bus,25.635987434715496,50,8,70.02410330747712,9.64
2025-02-22 10:45:00,Bus,36.1327165478795,22,0,83.2982874822726,11.22
2025-02-22 11:00:00,Car,26.092670557249424,11,4,59.853074026153806,5.35
2025-02-22 11:15:00,Car,36.10195976835082,50,3,54.55778782993961,14.37
2025-02-22 11:30:00,Bus,45.62052414250646,11,3,41.43935878072662,7.56
2025-02-22 11:45:00,Car,24.9620451485797,22,8,46.91644139121037,9.15
2025-02-22 12:00:00,Car,16.710393871071226,7,3,47.73339157031499,10.88
2025-02-22 12:15:00,Two-Wheeler,18.6324626576348,11,3,47.79320447105107,11.95
2025-02-22 12:30:00,Two-Wheeler,87.79516107166336,22,4,57.245434635598826,13.47
2025-02-22 12:45:00,Bus,21.686312962048742,22,0,55.32781400045377,9.34
2025-02-22 13:00:00,Bus,76.4965432996178,7,13,68.30567113431893,8.17
2025-02-22 13:15:00,Car,55.374590925267654,50,9,68.83130699153357,6.24
2025-02-22 13:30:00,Bus,63.823037609113904,22,6,47.047827919619785,5.4
2025-02-22 13:45:00,Car,24.909594084549404,22,4,40.298365011184735,7.97
2025-02-22 14:00:00,Bus,64.83344131576203,22,6,59.21597459805599,12.03
2025-02-22 14:15:00,Bus,23.686818896237824,7,6,61.30921848837835,8.52
2025-02-22 14:30:00,Bus,36.14913545363321,7,9,39.224120526030816,9.5
2025-02-22 14:45:00,Car,33.27560070833898,7,2,58.21359613607912,10.89
2025-02-22 15:00:00,Bus,30.321990770539184,7,7,59.81723832061492,10.3
2025-02-22 15:15:00,Two-Wheeler,53.768443456868845,7,3,38.334580612059334,10.04
2025-02-22 15:30:00,Bus,85.62910564122866,7,5,53.97198888233545,7.14
2025-02-22 15:45:00,Car,77.22618820682104,11,5,58.294372822183114,10.83
2025-02-22 16:00:00,Car,16.700130829756247,7,2,59.74332908772435,8.97
2025-02-22 16:15:00,Bus,13.688471835724314,7,5,60.81341845923119,10.48
2025-02-22 16:30:00,Two-Wheeler,51.87203991545132,22,12,42.38852152838939,11.55
2025-02-22 16:45:00,Two-Wheeler,82.49728196934478,11,5,61.95100308207308,11.23
2025-02-22 17:00:00,Two-Wheeler,19.517820378521602,50,5,71.62965566132979,14.51
2025-02-22 17:15:00,Bus,36.84056462303114,50,5,66.11239903715031,14.12
2025-02-22 17:30:00,Two-Wheeler,36.92247850614823,7,2,72.96239377244709,9.62
2025-02-22 17:45:00,Car,35.90780233017804,11,8,100.0,9.45
2025-02-22 18:00:00,Two-Wheeler,26.795090319237215,7,8,68.43288632004658,6.34
2025-02-22 18:15:00,Two-Wheeler,71.1417828032953,11,5,100.0,14.35
2025-02-22 18:30:00,Two-Wheeler,17.666008357934217,22,6,100.0,8.85
2025-02-22 18:45:00,Car,20.077465933180516,11,1,86.5405720337917,14.12
2025-02-22 19:00:00,Bus,38.61905205703949,22,4,68.19934245770014,8.07
2025-02-22 19:15:00,Car,27.3294247384186,11,6,98.19589568951871,13.32
2025-02-22 19:30:00,Bus,44.11137341363824,50,8,72.65817774712414,11.36
2025-02-22 19:45:00,Car,25.272724870579484,7,5,68.88813330779834,5.04
2025-02-22 20:00:00,Two-Wheeler,16.821174789059665,22,3,84.5114613649992,10.78
2025-02-22 20:15:00,Car,14.324608709689512,7,4,65.1348087620859,7.48
2025-02-22 20:30:00,Two-Wheeler,77.00089961391502,7,2,94.78846216050638,12.87
2025-02-22 20:45:00,Car,23.60094039478801,11,4,69.45799015981744,10.97
2025-02-22 21:00:00,Car,35.737904165643634,22,10,70.52792329524891,5.09
2025-02-22 21:15:00,Bus,21.96173343674465,11,2,65.12299561900832,13.81
2025-02-22 21:30:00,Car,12.292891177875966,50,0,80.53358649828205,7.61
2025-02-22 21:45:00,Two-Wheeler,8.665342335911314,50,4,76.29535437744063,13.66
2025-02-22 22:00:00,Bus,49.76243693041008,7,1,29.22084969199348,6.3
2025-02-22 22:15:00,Bus,56.22753771095602,50,5,21.832617632448404,14.64
2025-02-22 22:30:00,Bus,65.9860670460429,7,0,20.73534267957261,13.53
2025-02-22 22:45:00,Bus,29.906699753691,22,6,20.91322113157461,12.08
2025-02-22 23:00:00,Two-Wheeler,31.094735825898972,7,3,14.34004186386296,14.72
2025-02-22 23:15:00,Bus,31.72061264882579,11,5,24.541484688985157,14.45
2025-02-22 23:30:00,Bus,55.36788381247695,7,11,27.49431331074481,12.85
2025-02-22 23:45:00,Two-Wheeler,33.91185904503163,22,0,17.990467401052655,7.49
2025-02-23 00:00:00,Car,19.786427216102993,22,6,33.14755667169091,7.8
2025-02-23 00:15:00,Bus,18.39655407987215,50,8,30.958517793330742,10.39
2025-02-23 00:30:00,Car,56.84662224142698,22,4,14.402362359102895,14.82
2025-02-23 00:45:00,Bus,52.05187332010655,50,2,26.163090334853063,12.88
2025-02-23 01:00:00,Car,27.145038737063285,22,7,23.48645552529427,6.33
2025-02-23 01:15:00,Car,58.32191159990539,22,2,21.409295236764443,7.13
2025-02-23 01:30:00,Bus,62.47307357531905,50,8,35.16714560220417,12.75
2025-02-23 01:45:00,Bus,47.77946630396406,22,7,33.9998373872212,6.12
2025-02-23 02:00:00,Bus,33.18549065982637,11,7,19.201572057242757,9.91
2025-02-23 02:15:00,Car,42.702431858314405,22,5,33.25272714531705,8.98
2025-02-23 02:30:00,Bus,30.327119798493108,7,5,16.661759167885972,12.13
2025-02-23 02:45:00,Two-Wheeler,60.269867850346024,22,3,29.30816200065478,5.41
2025-02-23 03:00:00,Car,51.123848071864856,22,8,22.684316862061465,12.05
2025-02-23 03:15:00,Bus,42.441209215021935,11,5,34.85531941999446,7.7
2025-02-23 03:30:00,Two-Wheeler,89.45159895505098,50,0,26.056483294253134,10.45
2025-02-23 03:45:00,Two-Wheeler,26.804590754125343,7,3,19.344534691669292,5.66
2025-02-23 04:00:00,Two-Wheeler,83.84968873627268,11,6,34.61929140284214,14.6
2025-02-23 04:15:00,Car,21.583900992872245,11,0,10.387605399859595,9.29
2025-02-23 04:30:00,Bus,21.344034876043917,22,5,19.34069141390741,6.6
2025-02-23 04:45:00,Car,46.671672057229685,7,11,21.007748259408892,6.26
2025-02-23 05:00:00,Bus,30.627331732950243,50,7,32.43029335839853,11.6
2025-02-23 05:15:00,Car,32.46390623897613,11,3,14.72597446654924,6.81
2025-02-23 05:30:00,Car,21.83587833852244,7,6,17.812605062787725,9.78
2025-02-23 05:45:00,Two-Wheeler,52.820990548405874,22,3,15.206774769529096,11.81
2025-02-23 06:00:00,Two-Wheeler,49.721300086166984,7,8,34.72268434168752,11.04
2025-02-23 06:15:00,Two-Wheeler,48.73508474923757,7,5,32.39786352641183,10.67
2025-02-23 06:30:00,Car,34.39727687277143,7,6,20.724339262474636,8.03
2025-02-23 06:45:00,Car,52.059718379533635,11,13,23.26793191447888,5.57
2025-02-23 07:00:00,Two-Wheeler,35.12222794885341,7,0,95.04303609664316,13.25
2025-02-23 07:15:00,Bus,26.720634422895017,50,1,72.66795580390848,10.31
2025-02-23 07:30:00,Car,15.323126259071465,7,12,99.77392339941836,12.32
2025-02-23 07:45:00,Car,40.75565506334363,11,1,96.64285918626703,5.74
2025-02-23 08:00:00,Car,64.9590381303617,50,6,78.90600177748482,7.82
2025-02-23 08:15:00,Car,67.01601023521275,11,5,87.40725705081258,8.31
2025-02-23 08:30:00,Car,48.95469514259551,11,3,96.33082596765001,5.57
2025-02-23 08:45:00,Bus,25.217328347999505,22,7,71.23339257692906,7.14
2025-02-23 09:00:00,Two-Wheeler,28.225324669507316,22,0,85.49541893719358,14.74
2025-02-23 09:15:00,Bus,42.03455840187825,50,6,96.01874978007417,12.27
2025-02-23 09:30:00,Bus,34.983354516531215,22,5,73.54927193244376,10.42
2025-02-23 09:45:00,Two-Wheeler,40.071969289318154,11,8,100.0,5.37
2025-02-23 10:00:00,Car,21.37551324383842,50,3,78.17917001353243,12.72
2025-02-23 10:15:00,Car,65.88773685844836,50,3,100.0,9.83
2025-02-23 10:30:00,Bus,52.67887058509505,7,6,71.10133946291938,9.84
2025-02-23 10:45:00,Car,17.86785903461489,22,12,86.9745990988141,10.38
2025-02-23 11:00:00,Bus,12.302453975993599,22,1,42.79358179311183,7.07
2025-02-23 11:15:00,Two-Wheeler,39.445217149769725,50,4,58.58234398386317,9.61
2025-02-23 11:30:00,Bus,19.08119220389009,7,10,63.362315402717876,11.62
2025-02-23 11:45:00,Car,12.605845233732238,11,0,40.36373843434518,9.27
2025-02-23 12:00:00,Two-Wheeler,35.75913786798564,7,8,48.17698535468159,12.54
2025-02-23 12:15:00,Car,31.437810037418785,50,3,49.37404985375147,11.84
2025-02-23 12:30:00,Two-Wheeler,54.43685857819609,7,7,43.25677989656987,11.25
2025-02-23 12:45:00,Two-Wheeler,15.705899559541908,50,7,38.46455589971527,5.56
2025-02-23 13:00:00,Bus,57.249760982615236,22,3,41.20188455738497,11.24
2025-02-23 13:15:00,Bus,82.9260280207736,50,4,58.39204907580965,9.13
2025-02-23 13:30:00,Bus,26.537020589928645,50,4,42.02396637503989,5.48
2025-02-23 13:45:00,Two-Wheeler,32.617710851438105,22,7,49.67515539820401,10.64
2025-02-23 14:00:00,Car,32.087757465488586,22,0,44.64090919968495,9.47
2025-02-23 14:15:00,Bus,33.83354761222933,7,6,63.215873989825596,8.58
2025-02-23 14:30:00,Bus,24.32951109179574,7,3,47.9392706126298,6.89
2025-02-23 14:45:00,Two-Wheeler,36.179721107028705,22,3,45.59340737831771,12.33
2025-02-23 15:00:00,Car,13.995540585438796,50,6,39.32773365369847,12.85
2025-02-23 15:15:00,Two-Wheeler,11.624099114416985,7,9,65.55643332926606,5.42
2025-02-23 15:30:00,Bus,18.526579066582237,22,2,52.16458670471711,8.9
2025-02-23 15:45:00,Bus,22.45533249861665,50,5,51.32885824722879,12.1
2025-02-23 16:00:00,Two-Wheeler,34.53938145324035,7,0,54.27744152023569,7.05
2025-02-23 16:15:00,Bus,9.381209534524451,50,4,63.36579745963736,10.44
2025-02-23 16:30:00,Car,64.46464858252332,22,5,47.61121657271439,8.93
2025-02-23 16:45:00,Two-Wheeler,23.19511319456152,7,7,44.290844927178334,11.17
2025-02-23 17:00:00,Two-Wheeler,41.86997093095657,11,6,74.52232215681059,5.65
2025-02-23 17:15:00,Car,34.48444180887653,22,1,84.94746550672485,13.74
2025-02-23 17:30:00,Bus,35.828894906682045,7,5,71.5913266302096,9.73
2025-02-23 17:45:00,Two-Wheeler,13.863593257504645,11,2,68.42121308124874,9.87
2025-02-23 18:00:00,Two-Wheeler,53.31265625902242,7,9,100.0,12.62
2025-02-23 18:15:00,Bus,46.50377041584167,50,3,95.2126857734444,11.56
2025-02-23 18:30:00,Car,30.404733006664532,7,2,99.98065460622587,13.98
2025-02-23 18:45:00,Two-Wheeler,13.099906664786886,7,3,93.62241050285249,8.95
2025-02-23 19:00:00,Car,20.449408263588424,7,10,100.0,10.63
2025-02-23 19:15:00,Bus,48.530691984976116,22,1,85.67486807862957,11.65
2025-02-23 19:30:00,Two-Wheeler,14.305747817922597,7,4,76.83208936585426,10.15
2025-02-23 19:45:00,Two-Wheeler,23.86007045001027,50,15,100.0,14.18
2025-02-23 20:00:00,Two-Wheeler,17.03354255662271,7,5,89.18891056141123,7.58
2025-02-23 20:15:00,Bus,16.941366235586997,7,7,97.49559329214664,8.58
2025-02-23 20:30:00,Bus,66.34921561072102,7,2,99.52789817647522,14.84
2025-02-23 20:45:00,Bus,24.085866999640007,22,4,84.46977667773999,5.38
2025-02-23 21:00:00,Bus,48.508737572846925,7,6,89.02759460033975,14.07
2025-02-23 21:15:00,Car,33.897752717714596,7,4,68.02850488708289,10.15
2025-02-23 21:30:00,Bus,21.95141994892156,50,6,68.6582726352654,14.14
2025-02-23 21:45:00,Bus,59.94373259651308,11,5,87.60166621260981,5.8
2025-02-23 22:00:00,Two-Wheeler,26.882205186865328,7,5,15.124700701127281,7.44
2025-02-23 22:15:00,Bus,14.3971211882651,50,7,28.524652753077568,12.01
2025-02-23 22:30:00,Bus,16.46148221372946,50,4,29.907028422542986,13.7
2025-02-23 22:45:00,Two-Wheeler,17.199171975573623,50,0,29.201755094185092,10.92
2025-02-23 23:00:00,Two-Wheeler,31.977946739912113,22,2,12.395679456219773,10.58
2025-02-23 23:15:00,Bus,28.850254410249807,22,1,18.13316611170856,8.46
2025-02-23 23:30:00,Two-Wheeler,31.94673013761715,50,2,27.429716472975386,9.35
2025-02-23 23:45:00,Bus,20.43367402402514,7,8,20.59264081424778,12.32
2025-02-24 00:00:00,Bus,44.54580816037958,11,3,19.667749195339024,14.78
2025-02-24 00:15:00,Two-Wheeler,22.237197261751128,50,1,17.756050705904357,7.05
2025-02-24 00:30:00,Bus,22.645240565435905,22,8,20.70861099799133,13.82
2025-02-24 00:45:00,Two-Wheeler,47.079333221570025,50,0,22.930751479461474,8.29
2025-02-24 01:00:00,Car,58.94222545122872,7,0,16.430092521884966,13.87
2025-02-24 01:15:00,Bus,46.942894042618036,11,3,15.714789370625736,5.89
2025-02-24 01:30:00,Two-Wheeler,41.62690195958365,7,3,15.901994010099681,10.92
2025-02-24 01:45:00,Two-Wheeler,39.23019886871056,11,9,34.47842879642181,9.67
2025-02-24 02:00:00,Car,68.26647170179444,7,4,24.99891984151564,8.29
2025-02-24 02:15:00,Two-Wheeler,42.89051747743319,50,0,24.21747321171079,13.53
2025-02-24 02:30:00,Two-Wheeler,51.969424520212144,22,5,22.86790760248268,11.06
2025-02-24 02:45:00,Bus,20.904280000926278,7,0,14.646168137729724,10.85
2025-02-24 03:00:00,Car,61.75653120536153,22,5,31.1649121545848,14.92
2025-02-24 03:15:00,Car,16.847729917524493,7,2,13.365152671996297,5.08
2025-02-24 03:30:00,Car,26.88635457296162,7,6,18.32313623189613,6.25
2025-02-24 03:45:00,Car,37.770241855389585,7,4,30.196668161733633,13.95
2025-02-24 04:00:00,Bus,16.73561986071607,7,6,29.118744367528805,6.28
2025-02-24 04:15:00,Bus,24.887364247541715,22,2,26.676570964589892,10.73
2025-02-24 04:30:00,Two-Wheeler,83.45817703290176,11,1,15.965436315921583,14.07
2025-02-24 04:45:00,Bus,29.318119692599165,22,8,33.042988187178445,8.72
2025-02-24 05:00:00,Two-Wheeler,75.08392482175819,11,6,19.924999695693344,13.91
2025-02-24 05:15:00,Bus,75.57235340598791,22,6,17.14087363383221,7.38
2025-02-24 05:30:00,Bus,41.35329640096025,7,5,22.318087797875474,8.4
2025-02-24 05:45:00,Bus,43.20294589236621,7,3,18.13470424077866,9.59
2025-02-24 06:00:00,Bus,27.56759443604395,11,6,16.32735167004739,12.54
2025-02-24 06:15:00,Two-Wheeler,27.591039929364594,11,5,30.845819470021517,14.16
2025-02-24 06:30:00,Bus,52.04732154685705,22,6,31.692407831925017,7.57
2025-02-24 06:45:00,Car,55.29592136077371,22,3,28.65129334350986,9.85
2025-02-24 07:00:00,Car,59.46426066148042,11,5,70.24423917496019,13.66
2025-02-24 07:15:00,Two-Wheeler,20.461385330822917,50,2,82.53778843717163,11.5
2025-02-24 07:30:00,Bus,14.728252249097713,50,0,70.59056760416445,9.36
2025-02-24 07:45:00,Bus,37.72357437230128,22,3,84.0680668299618,11.24
2025-02-24 08:00:00,Two-Wheeler,80.4346401103387,11,2,95.04369111443145,8.9
2025-02-24 08:15:00,Bus,40.013784924386,50,4,83.20643901074617,14.02
2025-02-24 08:30:00,Bus,32.500380712202514,7,5,78.4928017894073,5.58
2025-02-24 08:45:00,Two-Wheeler,33.972819118238796,7,5,76.63373828999114,9.49
2025-02-24 09:00:00,Car,17.198017959430352,22,8,77.4529033525569,7.2
2025-02-24 09:15:00,Car,66.10739416829286,7,2,88.73927164301747,6.77
2025-02-24 09:30:00,Bus,45.03620193923866,7,10,99.30910581686783,5.31
2025-02-24 09:45:00,Two-Wheeler,47.9390110574142,11,6,80.98879827152219,6.83
2025-02-24 10:00:00,Two-Wheeler,20.193356695309866,7,3,87.78771856555672,7.06
2025-02-24 10:15:00,Bus,41.11210060100648,50,4,86.61412289342078,5.91
2025-02-24 10:30:00,Two-Wheeler,70.88640972376163,22,3,92.11412541725932,10.71
2025-02-24 10:45:00,Car,19.6890438967467,50,2,93.27171657492389,14.48
2025-02-24 11:00:00,Two-Wheeler,26.066270318772528,11,3,44.71385754995322,10.54
2025-02-24 11:15:00,Bus,16.60907416013807,50,7,38.066839487991416,10.37
2025-02-24 11:30:00,Two-Wheeler,22.629098483851156,50,7,41.59269438564413,5.43
2025-02-24 11:45:00,Two-Wheeler,40.21154349856057,7,5,49.118588619814545,7.37
2025-02-24 12:00:00,Two-Wheeler,19.91893380735252,50,3,45.392838900832274,11.46
2025-02-24 12:15:00,Bus,50.605463127626116,11,5,42.38872361036731,6.76
2025-02-24 12:30:00,Two-Wheeler,39.605052697951166,11,9,68.87895091396908,7.54
2025-02-24 12:45:00,Car,17.66845604411594,22,5,60.82550315362072,6.01
2025-02-24 13:00:00,Bus,22.624800987850385,11,5,58.93846255109477,9.02
2025-02-24 13:15:00,Bus,40.39082860949048,7,3,52.12474003724529,11.68
2025-02-24 13:30:00,Bus,15.81610412894466,7,3,45.37060620217268,9.09
2025-02-24 13:45:00,Bus,51.762992876701155,50,2,46.22188726966574,12.17
2025-02-24 14:00:00,Bus,30.198922416016828,22,4,40.41496824683465,10.71
2025-02-24 14:15:00,Car,32.079821565902904,22,7,40.176564526594696,5.16
2025-02-24 14:30:00,Two-Wheeler,51.879535374556205,11,5,59.397630045256,9.63
2025-02-24 14:45:00,Two-Wheeler,26.10039504819258,7,0,39.79841720357135,10.24
2025-02-24 15:00:00,Car,63.536516638429376,11,9,57.1386581122604,9.58
2025-02-24 15:15:00,Two-Wheeler,11.922493848850118,7,2,58.19287156609592,9.44
2025-02-24 15:30:00,Car,28.844934145310237,11,0,50.78120453350362,14.63
2025-02-24 15:45:00,Car,51.40545455877232,7,7,40.83577716806086,9.2
2025-02-24 16:00:00,Car,19.037495408092997,7,3,45.434275646943746,13.68
2025-02-24 16:15:00,Bus,25.18791119483862,22,3,47.40378619727029,13.59
2025-02-24 16:30:00,Car,18.65731354303681,50,1,40.21693259556795,7.7
2025-02-24 16:45:00,Bus,12.418886561297457,11,8,60.63637064398955,12.61
2025-02-24 17:00:00,Two-Wheeler,19.828135247592087,11,1,80.1392294310426,10.51
2025-02-24 17:15:00,Bus,78.46743430117286,7,0,89.75272622307745,7.48
2025-02-24 17:30:00,Car,30.358115913778633,7,3,70.90550980093545,8.46
2025-02-24 17:45:00,Bus,44.39616594955814,50,9,100.0,11.35
2025-02-24 18:00:00,Car,31.20326232759466,7,6,95.1539057532682,5.49
2025-02-24 18:15:00,Car,37.249795414626135,22,3,72.25115936990042,10.18
2025-02-24 18:30:00,Car,32.98840553382171,22,6,95.33630335252205,13.08
2025-02-24 18:45:00,Bus,45.012883532123865,11,0,63.927128804046816,13.52
2025-02-24 19:00:00,Car,28.910210704068668,50,2,73.32031428894373,11.21
2025-02-24 19:15:00,Bus,45.93813156952175,11,6,77.43173409222561,7.36
2025-02-24 19:30:00,Two-Wheeler,22.27632579476248,22,7,94.81760674636841,8.95
2025-02-24 19:45:00,Two-Wheeler,39.31064427292785,11,10,100.0,10.3
2025-02-24 20:00:00,Car,26.55243893774562,22,0,95.16092207757416,10.05
2025-02-24 20:15:00,Two-Wheeler,17.152263372090992,7,6,78.62488030693285,6.39
2025-02-24 20:30:00,Bus,17.966339424343992,7,4,93.82593786227363,14.01
2025-02-24 20:45:00,Two-Wheeler,57.86963601860982,50,6,84.23155509396912,6.44
2025-02-24 21:00:00,Two-Wheeler,61.0415839926581,50,5,100.0,5.43
2025-02-24 21:15:00,Bus,42.73852422242763,7,1,87.36881057104316,12.28
2025-02-24 21:30:00,Car,47.50518974171695,11,3,91.62517629849889,7.33
2025-02-24 21:45:00,Two-Wheeler,58.761513676016065,50,4,69.20751097224432,12.88
2025-02-24 22:00:00,Car,20.494197576463264,11,8,21.17241319199715,11.4
2025-02-24 22:15:00,Car,57.5359267240266,7,3,31.184180711899607,5.75
2025-02-24 22:30:00,Bus,20.458628945599106,7,3,17.732045089202366,13.86
2025-02-24 22:45:00,Car,23.13731791135289,50,4,19.895817298199297,14.04
2025-02-24 23:00:00,Two-Wheeler,60.98958831505236,7,6,31.60812426150386,14.38
2025-02-24 23:15:00,Car,55.91477626144615,50,0,21.44215315915861,5.38
2025-02-24 23:30:00,Car,21.02526612643865,22,4,25.715018774552107,10.94
2025-02-24 23:45:00,Car,35.173671663041276,11,10,23.826612234494434,5.25
2025-02-25 00:00:00,Car,65.47290697137137,22,8,22.83295327441212,5.58
2025-02-25 00:15:00,Car,29.155546514298845,11,0,29.75855369704121,14.65
2025-02-25 00:30:00,Bus,18.091844025926008,22,2,30.676345204381825,10.9
2025-02-25 00:45:00,Two-Wheeler,22.277365924229517,7,4,24.475871853636576,14.87
2025-02-25 01:00:00,Two-Wheeler,19.56009589673997,11,8,29.886292086227414,10.72
2025-02-25 01:15:00,Car,43.33028305287142,50,5,26.752749615768526,9.67
2025-02-25 01:30:00,Car,32.234621489250365,22,2,18.69930042983824,7.19
2025-02-25 01:45:00,Two-Wheeler,55.31771957773629,11,2,20.96828269692734,11.06
2025-02-25 02:00:00,Bus,41.82173066179332,7,6,35.58035835004509,6.32
2025-02-25 02:15:00,Bus,52.78029393942867,7,4,24.127660810119757,14.39
2025-02-25 02:30:00,Bus,16.806510680378487,11,4,26.966332776553298,14.81
2025-02-25 02:45:00,Bus,62.80257492366414,11,8,33.676166109541455,9.25
2025-02-25 03:00:00,Car,79.16245552812713,22,5,23.328016235354617,12.25
2025-02-25 03:15:00,Car,19.0819026540393,50,6,34.72555681027973,7.13
2025-02-25 03:30:00,Two-Wheeler,80.5743947593829,7,4,15.796076031480858,6.96
2025-02-25 03:45:00,Two-Wheeler,30.477809901495057,22,3,27.384161886462508,6.59
2025-02-25 04:00:00,Bus,64.3741479209888,50,4,33.21255684481628,8.25
2025-02-25 04:15:00,Bus,44.88897792866362,50,4,21.008141126760457,14.33
2025-02-25 04:30:00,Two-Wheeler,22.05769579312049,7,2,29.01352240007875,10.02
2025-02-25 04:45:00,Car,30.69554495625244,11,8,24.457723601440907,12.27
2025-02-25 05:00:00,Car,33.28886715857611,7,5,17.897645241788084,5.05
2025-02-25 05:15:00,Car,47.46842014705172,50,5,28.88870282537741,7.85
2025-02-25 05:30:00,Car,57.83721185911098,7,2,15.1121577836678,8.66
2025-02-25 05:45:00,Car,49.89789763012234,50,8,18.90986392237147,13.26
2025-02-25 06:00:00,Car,50.129013805809066,11,8,34.11806765762617,9.37
2025-02-25 06:15:00,Bus,44.87204867453096,7,8,26.06896460701591,12.94
2025-02-25 06:30:00,Bus,23.512618856792756,7,9,21.26768354057685,11.96
2025-02-25 06:45:00,Car,65.95262485298481,11,6,31.054505998361257,10.03
2025-02-25 07:00:00,Car,51.60070171701439,22,5,68.19677134669925,9.85
2025-02-25 07:15:00,Two-Wheeler,21.88148068110486,22,1,95.93901366305228,8.08
2025-02-25 07:30:00,Bus,43.43721138518844,7,0,82.76634796559603,8.48
2025-02-25 07:45:00,Two-Wheeler,31.64589635891355,7,0,71.78039872744388,12.59
2025-02-25 08:00:00,Car,22.653520799048188,22,11,92.49345688964047,10.35
2025-02-25 08:15:00,Car,21.078534401362347,50,6,76.95517628624063,10.6
2025-02-25 08:30:00,Two-Wheeler,54.70752832506122,22,0,63.37021085129741,9.42
2025-02-25 08:45:00,Bus,53.83593378201304,7,0,67.46093222313247,14.06
2025-02-25 09:00:00,Two-Wheeler,12.153213373387786,7,8,74.31408157986958,8.29
2025-02-25 09:15:00,Bus,24.97493022866636,7,3,91.75106098104719,8.14
2025-02-25 09:30:00,Bus,32.74541185621982,11,8,97.952815737295,9.4
2025-02-25 09:45:00,Car,76.93552315027159,22,8,77.60921593008864,8.47
2025-02-25 10:00:00,Bus,16.128809106160315,50,8,89.20091602239754,12.76
2025-02-25 10:15:00,Car,25.556068923388988,50,6,80.55499196370278,10.08
2025-02-25 10:30:00,Two-Wheeler,28.125221722120596,7,0,68.22051184718865,9.72
2025-02-25 10:45:00,Two-Wheeler,62.02164876987965,22,2,100.0,5.1
2025-02-25 11:00:00,Two-Wheeler,42.34758440718498,50,5,48.103977581807975,11.68
2025-02-25 11:15:00,Car,24.56568880558467,50,7,60.45999257474543,10.73
2025-02-25 11:30:00,Bus,57.942252012204875,50,4,36.437700392811614,6.41
2025-02-25 11:45:00,Car,45.665769410403946,50,2,49.70719250027315,6.88
2025-02-25 12:00:00,Bus,37.78524449038164,11,8,65.21596131989136,7.86
2025-02-25 12:15:00,Car,40.93569989862861,11,7,50.94575026068761,13.12
2025-02-25 12:30:00,Car,62.24408551701227,50,3,53.08960785752923,12.17
2025-02-25 12:45:00,Two-Wheeler,39.9167838080925,22,7,46.64699106930998,5.25
2025-02-25 13:00:00,Car,42.38666207953451,7,3,42.985915248091764,10.69
2025-02-25 13:15:00,Bus,62.38735484724361,22,3,53.89770446382772,14.47
2025-02-25 13:30:00,Car,14.772592962832487,50,4,44.547372334158894,6.54
2025-02-25 13:45:00,Bus,31.149936190503247,11,4,39.04713341622006,5.56
2025-02-25 14:00:00,Bus,16.031277845218842,7,0,47.84971258278692,6.3
2025-02-25 14:15:00,Car,79.14557836096648,22,4,40.064428613667374,14.53
2025-02-25 14:30:00,Two-Wheeler,44.256554678257125,7,5,48.91446811907498,14.4
2025-02-25 14:45:00,Car,73.41037859693022,7,7,46.42171305350877,11.26
2025-02-25 15:00:00,Bus,9.984355374039207,50,4,41.9167768539629,14.52
2025-02-25 15:15:00,Two-Wheeler,56.950145802126535,7,1,47.79947246540889,8.37
2025-02-25 15:30:00,Car,77.81934880395225,22,5,40.43133390235375,7.69
2025-02-25 15:45:00,Car,22.294818585342483,22,9,68.31574350156899,7.36
2025-02-25 16:00:00,Car,32.19161800105353,7,7,61.1220571603843,6.97
2025-02-25 16:15:00,Two-Wheeler,56.80594701680797,11,3,41.09530959199063,13.2
2025-02-25 16:30:00,Car,24.32123304862292,22,6,39.72586728442078,11.18
2025-02-25 16:45:00,Car,35.8214665678476,22,4,44.69201156845019,5.94
2025-02-25 17:00:00,Bus,26.21365372777765,11,0,99.80858455660729,12.7
2025-02-25 17:15:00,Bus,39.325736188190234,11,6,81.91175698345589,8.92
2025-02-25 17:30:00,Car,29.617328729293874,50,8,92.66238286292014,9.4
2025-02-25 17:45:00,Two-Wheeler,13.950589036743803,50,3,80.49092663557707,9.49
2025-02-25 18:00:00,Two-Wheeler,16.438669788336895,11,8,79.42838484705639,11.89
2025-02-25 18:15:00,Car,30.96082003437665,22,6,98.55064629335706,8.22
2025-02-25 18:30:00,Two-Wheeler,45.84421129528528,50,13,100.0,8.03
2025-02-25 18:45:00,Two-Wheeler,57.80011582999058,50,2,92.31547325229042,12.97
2025-02-25 19:00:00,Car,53.85372626826869,11,3,65.6082785421531,7.47
2025-02-25 19:15:00,Bus,13.756848232799532,50,3,73.64639953979079,11.43
2025-02-25 19:30:00,Bus,22.16699362388873,22,2,94.18630804270362,5.39
2025-02-25 19:45:00,Two-Wheeler,87.85482100060133,11,6,80.69374550742953,14.89
2025-02-25 20:00:00,Two-Wheeler,23.98520890201565,7,2,69.48713794713508,8.1
2025-02-25 20:15:00,Car,50.12910585001206,50,11,100.0,7.87
2025-02-25 20:30:00,Bus,65.41014831574026,22,0,88.85258742763149,10.07
2025-02-25 20:45:00,Two-Wheeler,27.319070080337102,22,0,64.40496682711967,11.62
2025-02-25 21:00:00,Two-Wheeler,17.20777635397222,11,7,91.01006201001712,8.74
2025-02-25 21:15:00,Two-Wheeler,38.56250452389378,50,7,93.14393300006265,10.65
2025-02-25 21:30:00,Bus,20.193549305777616,50,7,86.05148030732701,6.7
2025-02-25 21:45:00,Two-Wheeler,41.95450507723289,7,6,72.34139524626077,9.34
2025-02-25 22:00:00,Bus,33.615022901206416,50,6,32.422363260713425,14.8
2025-02-25 22:15:00,Car,25.434310174590074,22,5,18.347217847673395,7.15
2025-02-25 22:30:00,Car,24.496652609597174,22,0,25.702625726747275,13.24
2025-02-25 22:45:00,Bus,72.85926065915227,50,2,26.253900699427636,13.31
2025-02-25 23:00:00,Two-Wheeler,16.884157891765962,7,7,17.40701760966911,7.26
2025-02-25 23:15:00,Two-Wheeler,30.030939336519094,7,7,34.153256923549144,10.29
2025-02-25 23:30:00,Car,36.12451589446491,11,4,24.47973257922891,7.14
2025-02-25 23:45:00,Two-Wheeler,53.893164805479174,7,10,23.572222027432858,9.92
2025-02-26 00:00:00,Bus,14.100540446380293,50,7,23.90680734138904,13.11
2025-02-26 00:15:00,Two-Wheeler,15.648834385571394,22,8,27.23706666385366,10.72
2025-02-26 00:30:00,Car,44.22415356477225,11,2,31.410124724538193,10.56
2025-02-26 00:45:00,Two-Wheeler,20.47194805399313,22,2,28.211002076514465,8.86
2025-02-26 01:00:00,Car,26.098967219228335,7,4,23.669616797601996,9.89
2025-02-26 01:15:00,Bus,43.074788440115036,11,4,26.72219551367605,12.07
2025-02-26 01:30:00,Bus,33.61560954651286,50,1,27.959123682527327,14.43
2025-02-26 01:45:00,Car,28.779378479032236,22,7,22.82425308490643,6.65
2025-02-26 02:00:00,Two-Wheeler,23.142555983070963,11,3,18.765657322595423,5.98
2025-02-26 02:15:00,Two-Wheeler,59.448217281165505,22,0,20.450884381272875,14.83
2025-02-26 02:30:00,Car,41.30429766271551,22,14,29.40847346576616,8.23
2025-02-26 02:45:00,Bus,35.845363188740095,11,3,22.612721335504126,11.95
2025-02-26 03:00:00,Car,24.29431911919716,11,2,13.36663514704482,8.71
2025-02-26 03:15:00,Two-Wheeler,61.95602633644373,50,8,29.086180083480464,11.29
2025-02-26 03:30:00,Two-Wheeler,24.25154975892918,50,5,23.846801506504896,9.55
2025-02-26 03:45:00,Two-Wheeler,31.5786990021751,7,3,24.40270459481678,13.8
2025-02-26 04:00:00,Car,64.96874806472668,50,1,22.36058387356278,5.13
2025-02-26 04:15:00,Bus,27.25497281137645,11,5,18.699014332932045,6.62
2025-02-26 04:30:00,Car,32.464839046510136,50,1,23.16623407447391,9.45
2025-02-26 04:45:00,Car,38.73480152915921,50,3,21.87360637350913,14.47
2025-02-26 05:00:00,Bus,47.31801026051899,22,2,15.49637105623992,7.4
2025-02-26 05:15:00,Two-Wheeler,32.08488183302072,11,7,23.42454072726599,11.11
2025-02-26 05:30:00,Bus,29.687387838717832,11,2,25.973677444411326,13.62
2025-02-26 05:45:00,Two-Wheeler,25.48492731287942,7,4,21.272653209628572,11.14
2025-02-26 06:00:00,Car,67.70555140498989,11,2,18.302951709956837,14.31
2025-02-26 06:15:00,Car,20.3007945510838,7,10,20.076132888020375,11.67
2025-02-26 06:30:00,Bus,17.787105569375772,7,9,33.253670811572704,9.39
2025-02-26 06:45:00,Two-Wheeler,68.15877134581326,7,7,28.024072611909425,8.98
2025-02-26 07:00:00,Two-Wheeler,54.69706014256451,11,3,74.6797899665838,7.22
2025-02-26 07:15:00,Bus,59.45815051034832,22,3,86.33784328260747,14.33
2025-02-26 07:30:00,Car,39.31611121747863,22,3,80.63478511442767,5.29
2025-02-26 07:45:00,Two-Wheeler,62.56825040436307,50,4,74.18981047954748,14.5
2025-02-26 08:00:00,Car,64.33178447444196,22,9,92.4028860627646,12.34
2025-02-26 08:15:00,Bus,58.65365621763848,50,3,71.95714913315115,11.28
2025-02-26 08:30:00,Car,58.19466000101553,7,3,76.82482429551077,12.91
2025-02-26 08:45:00,Bus,50.26403971723962,11,8,100.0,7.72
2025-02-26 09:00:00,Bus,50.291366160637615,11,2,81.95210727794236,10.35
2025-02-26 09:15:00,Bus,32.898211913801354,22,3,96.54334222085976,5.3
2025-02-26 09:30:00,Two-Wheeler,44.35107320006918,50,3,64.16723309567315,11.39
2025-02-26 09:45:00,Two-Wheeler,12.877925440703011,11,4,82.46611986364883,14.26
2025-02-26 10:00:00,Bus,81.80745378158014,11,4,98.32243107073526,9.68
2025-02-26 10:15:00,Car,59.10077930992576,22,1,87.51964788555793,10.93
2025-02-26 10:30:00,Two-Wheeler,44.33280368866636,50,0,65.84445442325858,7.56
2025-02-26 10:45:00,Bus,17.732750627994914,7,5,98.6068024826196,11.31
2025-02-26 11:00:00,Bus,62.42456939610131,22,12,62.62963612043232,7.31
2025-02-26 11:15:00,Car,48.72138986320241,7,4,48.27651408194176,9.8
2025-02-26 11:30:00,Car,75.5653891994455,11,6,47.675400331338444,5.03
2025-02-26 11:45:00,Two-Wheeler,16.12643134209975,7,5,57.15217716107087,13.27
2025-02-26 12:00:00,Bus,16.85128146238276,7,8,43.878451531817646,9.44
2025-02-26 12:15:00,Car,35.14382268030889,50,7,43.97043647222623,7.4
2025-02-26 12:30:00,Car,87.8285502598194,11,7,43.877599983805844,8.33
2025-02-26 12:45:00,Bus,14.117226098839124,7,0,44.162689393077855,7.88
2025-02-26 13:00:00,Bus,55.93969411891926,22,6,54.06837395446159,7.82
2025-02-26 13:15:00,Bus,37.246523840523615,7,2,34.32636838214739,6.71
2025-02-26 13:30:00,Bus,45.39091026923961,11,10,44.04908008194378,14.73
2025-02-26 13:45:00,Bus,14.49704779582634,11,0,32.78029196150062,6.41
2025-02-26 14:00:00,Two-Wheeler,38.489543678295,22,3,35.95330895174876,10.8
2025-02-26 14:15:00,Car,17.145803527970894,11,4,38.988869519735275,5.24
2025-02-26 14:30:00,Bus,53.06643435166429,11,6,54.381145010088964,9.98
2025-02-26 14:45:00,Bus,29.57211130521786,50,6,38.6525335384525,5.14
2025-02-26 15:00:00,Car,20.47520786082535,7,7,57.69702868001619,10.15
2025-02-26 15:15:00,Car,36.19511777403917,22,7,53.667375781243464,11.72
2025-02-26 15:30:00,Bus,51.88807398206739,7,5,44.27494769785834,13.29
2025-02-26 15:45:00,Two-Wheeler,37.26409544859799,7,4,53.34589992018349,12.75
2025-02-26 16:00:00,Car,21.23764231830456,22,7,40.59917079939671,8.23
2025-02-26 16:15:00,Bus,20.36082433748906,7,6,53.96837487402321,8.6
2025-02-26 16:30:00,Car,34.70372067259879,7,11,70.85244836707422,12.58
2025-02-26 16:45:00,Car,27.794802604872395,50,8,49.106725802098126,14.45
2025-02-26 17:00:00,Car,63.2755365775018,50,5,88.61604905597687,13.75
2025-02-26 17:15:00,Bus,14.620206726413114,22,1,89.13044889735141,14.9
2025-02-26 17:30:00,Car,22.786029603152333,22,6,78.16782518930843,10.22
2025-02-26 17:45:00,Bus,60.528561505239345,50,9,77.17056938492496,11.92
2025-02-26 18:00:00,Two-Wheeler,19.790697574597008,50,1,67.67507693734406,8.87
2025-02-26 18:15:00,Bus,88.14226458836157,11,3,74.68433802449195,14.82
2025-02-26 18:30:00,Two-Wheeler,14.388279767273435,7,3,100.0,7.81
2025-02-26 18:45:00,Car,75.64548984502647,7,3,77.29396556675148,9.27
2025-02-26 19:00:00,Car,27.508064369604487,11,2,64.35153677782674,9.78
2025-02-26 19:15:00,Bus,33.196585630319085,7,5,81.16311026311985,9.78
2025-02-26 19:30:00,Bus,14.733267519055445,50,5,78.27388997291413,5.74
2025-02-26 19:45:00,Two-Wheeler,61.24000975674604,11,2,80.85139124343459,5.67
2025-02-26 20:00:00,Two-Wheeler,35.88256186311095,22,6,77.05952853779003,9.21
2025-02-26 20:15:00,Bus,26.797214202058434,50,5,83.13808738455013,8.67
2025-02-26 20:30:00,Car,42.3330508467695,50,3,68.27946977093481,6.16
2025-02-26 20:45:00,Bus,62.56187990037976,22,8,100.0,12.22
2025-02-26 21:00:00,Two-Wheeler,37.244712277714264,22,5,83.64052026928289,5.8
2025-02-26 21:15:00,Car,24.674648153293717,50,5,66.957585116718,14.59
2025-02-26 21:30:00,Car,27.063041672357716,11,11,80.83244453552082,8.84
2025-02-26 21:45:00,Bus,19.96348489127555,7,4,87.29089577452899,12.07
2025-02-26 22:00:00,Two-Wheeler,34.77438726393374,50,6,35.234660190061874,5.73
2025-02-26 22:15:00,Car,61.68904308026353,7,0,22.9828348436206,13.77
2025-02-26 22:30:00,Car,87.13704336332444,22,5,25.539589913090662,9.01
2025-02-26 22:45:00,Car,50.454656770306784,7,3,20.99329811511484,7.54
2025-02-26 23:00:00,Two-Wheeler,25.521027575722623,7,4,32.91066270343032,9.24
2025-02-26 23:15:00,Bus,48.06105097366543,11,3,28.49298744397613,11.01
2025-02-26 23:30:00,Car,24.367216971680822,50,7,36.40576500809104,7.2
2025-02-26 23:45:00,Car,48.433137857201416,11,3,19.464813201951987,8.73
2025-02-27 00:00:00,Bus,67.68269596303517,11,4,27.443615773614535,12.45
2025-02-27 00:15:00,Car,24.659772338510578,50,4,31.714151414509168,12.38
2025-02-27 00:30:00,Two-Wheeler,34.79166490480133,50,4,23.45064257697337,11.97
2025-02-27 00:45:00,Bus,62.068521456993366,22,5,17.825587692755967,10.46
2025-02-27 01:00:00,Two-Wheeler,47.004332343537364,11,5,16.00406776430809,6.76
2025-02-27 01:15:00,Bus,23.104229434665505,22,5,15.209206624764056,9.3
2025-02-27 01:30:00,Bus,60.747654446207,50,5,15.360104150920703,12.47
2025-02-27 01:45:00,Car,32.18349287185169,50,7,30.068986349107146,11.05
2025-02-27 02:00:00,Two-Wheeler,64.29175943517349,22,3,19.303688664659397,7.83
2025-02-27 02:15:00,Two-Wheeler,13.294069018586212,7,4,30.786112173004526,10.01
2025-02-27 02:30:00,Car,27.103822856458507,22,8,27.34679108692525,6.47
2025-02-27 02:45:00,Car,21.85358146412449,22,6,20.810982997032273,6.8
2025-02-27 03:00:00,Two-Wheeler,35.58005694830024,50,2,29.655816382790974,10.35
2025-02-27 03:15:00,Car,79.9872654840733,22,4,18.235721033132954,10.31
2025-02-27 03:30:00,Bus,21.924884470061624,7,3,20.634225979618442,9.4
2025-02-27 03:45:00,Car,28.638149169049846,7,3,22.087716352465744,12.76
2025-02-27 04:00:00,Car,57.928424402260596,50,1,21.963032165440698,5.32
2025-02-27 04:15:00,Car,52.004339139785785,7,5,28.597343901840347,5.73
2025-02-27 04:30:00,Bus,77.62879794950618,50,4,25.040916044269217,13.91
2025-02-27 04:45:00,Two-Wheeler,16.11463298517212,22,10,32.366185374664525,14.46
2025-02-27 05:00:00,Two-Wheeler,35.37275129983565,7,4,20.334128328974984,14.82
2025-02-27 05:15:00,Car,25.58637103359222,50,2,31.593416938545246,10.66
2025-02-27 05:30:00,Two-Wheeler,18.092821634802497,50,6,17.900762003999237,6.26
2025-02-27 05:45:00,Car,61.583752355750526,50,4,16.366093481757698,8.17
2025-02-27 06:00:00,Car,24.195502907991955,11,3,18.898570254277615,7.58
2025-02-27 06:15:00,Car,18.316904726826678,11,3,32.34732115808663,12.95
2025-02-27 06:30:00,Two-Wheeler,40.08166129905706,22,4,33.84988851577846,7.29
2025-02-27 06:45:00,Car,16.467976777652066,11,3,26.334855390730343,10.22
2025-02-27 07:00:00,Two-Wheeler,20.351078026383334,22,10,71.90717574967186,11.37
2025-02-27 07:15:00,Two-Wheeler,49.25868972341577,11,4,76.91153881658639,14.67
2025-02-27 07:30:00,Two-Wheeler,57.3243950532669,7,9,100.0,5.03
2025-02-27 07:45:00,Car,61.80849563683864,11,0,73.77058317589487,6.43
2025-02-27 08:00:00,Two-Wheeler,30.424172228479087,7,5,97.36742749016479,7.52
2025-02-27 08:15:00,Bus,37.65828931731473,7,9,89.16038868546092,7.75
2025-02-27 08:30:00,Car,37.517217533207166,50,7,74.36939964124905,10.22
2025-02-27 08:45:00,Two-Wheeler,12.443319017581082,22,5,80.25968287580025,11.99
2025-02-27 09:00:00,Two-Wheeler,41.60569197028248,22,1,95.13388953555321,10.22
2025-02-27 09:15:00,Two-Wheeler,18.136221868912553,7,3,86.36160681071469,11.36
2025-02-27 09:30:00,Car,15.04256470568767,50,5,91.53030499424764,11.3
2025-02-27 09:45:00,Bus,70.06357356399103,22,10,87.08135164290289,9.55
2025-02-27 10:00:00,Two-Wheeler,55.39549530504707,22,6,80.77293850998174,5.14
2025-02-27 10:15:00,Car,28.671165656221625,22,9,100.0,10.74
2025-02-27 10:30:00,Bus,36.419962117194345,7,4,78.88840291553873,7.92
2025-02-27 10:45:00,Bus,22.933227259047968,22,6,82.85320455195296,12.21
2025-02-27 11:00:00,Car,33.555557847429775,7,4,48.752627650775544,13.81
2025-02-27 11:15:00,Two-Wheeler,60.387310768183994,7,3,56.530640459823246,11.55
2025-02-27 11:30:00,Bus,48.13867331713898,50,1,54.59641201250018,14.14
2025-02-27 11:45:00,Bus,61.59966688955081,50,4,50.45591626671035,9.15
2025-02-27 12:00:00,Two-Wheeler,29.150980688751005,50,9,47.85521919097299,6.41
2025-02-27 12:15:00,Two-Wheeler,18.245708741349567,50,2,33.671465592006044,7.45
2025-02-27 12:30:00,Car,21.704096560644714,22,1,53.82661514398754,14.2
2025-02-27 12:45:00,Two-Wheeler,30.969492340714766,22,0,40.668301607611525,9.9
2025-02-27 13:00:00,Car,22.3714978907798,22,10,56.87847524168518,12.26
2025-02-27 13:15:00,Bus,40.63917894137229,22,6,51.6290237700845,13.21
2025-02-27 13:30:00,Two-Wheeler,22.911853063828666,50,2,57.90691189763658,12.65
2025-02-27 13:45:00,Car,49.9041851719563,50,7,54.827150282344604,12.16
2025-02-27 14:00:00,Two-Wheeler,19.878972262718733,50,4,54.59267652443286,13.32
2025-02-27 14:15:00,Bus,20.415894097837857,7,5,59.64561896290708,10.39
2025-02-27 14:30:00,Bus,42.31162950501958,11,3,34.43940499854562,7.15
2025-02-27 14:45:00,Bus,74.55440779130868,22,7,66.5399424289029,9.06
2025-02-27 15:00:00,Car,12.01339392507604,50,8,51.702130473335075,11.62
2025-02-27 15:15:00,Two-Wheeler,52.09668017855158,11,4,39.311229741682574,10.01
2025-02-27 15:30:00,Car,34.162713395638505,11,0,50.47960074768126,12.82
2025-02-27 15:45:00,Two-Wheeler,29.163380794845708,7,4,55.96453156844673,12.46
2025-02-27 16:00:00,Two-Wheeler,33.62677806753958,50,0,53.29330475950806,10.03
2025-02-27 16:15:00,Car,18.230508574263638,50,1,36.01775667549086,13.05
2025-02-27 16:30:00,Car,43.574463243286246,50,12,60.09728577552699,11.49
2025-02-27 16:45:00,Car,46.7948327163225,11,2,56.232159532776805,11.74
2025-02-27 17:00:00,Bus,50.391944631524936,22,5,71.23434324977906,11.05
2025-02-27 17:15:00,Bus,14.75939710404472,7,0,64.59170590955495,13.45
2025-02-27 17:30:00,Bus,35.92719098621,7,3,86.31416577680652,12.7
2025-02-27 17:45:00,Two-Wheeler,17.025593078898705,22,6,68.99754087802441,8.65
2025-02-27 18:00:00,Bus,13.257123895310079,11,6,80.63721863060145,6.54
2025-02-27 18:15:00,Car,77.98795717231607,11,0,62.23597881011504,6.08
2025-02-27 18:30:00,Two-Wheeler,21.153515617954397,11,6,71.15101783817131,7.62
2025-02-27 18:45:00,Bus,21.41069354847596,50,7,73.82343124941686,12.4
2025-02-27 19:00:00,Two-Wheeler,31.13209048935728,50,5,76.94313057246713,5.96
2025-02-27 19:15:00,Two-Wheeler,59.46599540178589,22,9,71.00013589531864,6.92
2025-02-27 19:30:00,Bus,62.857251982986014,11,0,92.75719187294555,14.28
2025-02-27 19:45:00,Bus,79.57602835129038,50,0,64.38843438303054,13.2
2025-02-27 20:00:00,Car,22.389667127460136,7,1,100.0,14.12
2025-02-27 20:15:00,Car,10.804059328618676,50,2,96.32276206876486,7.75
2025-02-27 20:30:00,Bus,16.35881868119397,22,1,95.5572709232234,12.0
2025-02-27 20:45:00,Bus,22.154509709459322,7,2,78.59620893028924,5.09
2025-02-27 21:00:00,Two-Wheeler,49.812517915794785,22,3,91.16940671555531,14.19
2025-02-27 21:15:00,Car,29.059771407449592,50,0,62.14240468993396,10.12
2025-02-27 21:30:00,Two-Wheeler,43.34983963523239,22,6,100.0,13.27
2025-02-27 21:45:00,Two-Wheeler,56.6491703472665,50,7,79.97218508481353,10.06
2025-02-27 22:00:00,Bus,70.15490855992823,11,4,16.22772948210743,7.59
2025-02-27 22:15:00,Bus,51.32388031703873,11,6,31.566543130737667,10.84
2025-02-27 22:30:00,Car,59.276909815847326,22,3,14.571115833903203,13.35
2025-02-27 22:45:00,Two-Wheeler,26.61621823509803,50,5,31.777281544787147,12.98
2025-02-27 23:00:00,Bus,22.153683450163577,7,5,19.92903110534375,12.95
2025-02-27 23:15:00,Bus,32.408715034644096,50,5,15.879641090669596,5.88
2025-02-27 23:30:00,Two-Wheeler,37.671927444264945,7,8,33.44996861128027,11.61
2025-02-27 23:45:00,Bus,54.40638609976878,11,5,27.17000933712878,7.81
2025-02-28 00:00:00,Bus,25.77564741895805,7,7,20.595439387112744,10.78
2025-02-28 00:15:00,Car,15.185343405601092,7,3,30.20852584612224,14.15
2025-02-28 00:30:00,Bus,36.68969190178695,22,3,18.159615278201954,9.22
2025-02-28 00:45:00,Car,39.86292614415641,11,7,34.21205959756246,9.88
2025-02-28 01:00:00,Car,52.39700597294165,7,2,15.05506000542304,9.07
2025-02-28 01:15:00,Two-Wheeler,78.43547014912636,22,4,22.902568885859004,5.04
2025-02-28 01:30:00,Bus,24.00544546817947,11,1,24.020490032808766,9.28
2025-02-28 01:45:00,Bus,19.439264740748946,11,3,27.734978792087887,6.86
2025-02-28 02:00:00,Car,81.86555428882343,7,4,14.976601529759321,13.71
2025-02-28 02:15:00,Bus,49.052009168393624,22,5,17.407255370444197,5.32
2025-02-28 02:30:00,Two-Wheeler,32.34190844056498,11,1,17.0809973379739,9.45
2025-02-28 02:45:00,Bus,26.43910107906661,11,7,29.874659182580608,9.1
2025-02-28 03:00:00,Car,48.57995073190009,50,6,23.467974112499245,14.04
2025-02-28 03:15:00,Two-Wheeler,56.72434871003899,7,8,20.87047460165134,5.86
2025-02-28 03:30:00,Two-Wheeler,17.393080542661174,22,4,30.701729126561165,10.03
2025-02-28 03:45:00,Bus,51.66635241748316,11,4,30.621869227796626,8.19
2025-02-28 04:00:00,Bus,34.28168402842126,22,8,32.62740022481353,8.17
2025-02-28 04:15:00,Bus,57.99877479852525,50,10,32.26144059764093,13.88
2025-02-28 04:30:00,Car,15.39542150894395,7,9,20.868619791833925,8.03
2025-02-28 04:45:00,Bus,32.4264811477299,22,5,25.07562596472422,10.27
2025-02-28 05:00:00,Two-Wheeler,44.0480188203154,7,0,22.792557136693205,10.96
2025-02-28 05:15:00,Two-Wheeler,64.84842361549525,22,2,29.87377339624932,11.61
2025-02-28 05:30:00,Bus,13.626317934761262,50,2,17.7256218878769,12.24
2025-02-28 05:45:00,Two-Wheeler,51.34654954349535,50,5,31.54451485960591,6.24
2025-02-28 06:00:00,Bus,18.963682269398202,22,0,22.871337717720618,12.9
2025-02-28 06:15:00,Car,29.740045117120218,50,5,33.63491714185472,7.97
2025-02-28 06:30:00,Car,64.23869882117252,7,5,28.423145863488667,14.4
2025-02-28 06:45:00,Bus,23.07793143814766,7,6,27.740748447252535,9.91
2025-02-28 07:00:00,Two-Wheeler,53.13611186343781,7,8,92.88570831696444,7.59
2025-02-28 07:15:00,Two-Wheeler,39.770393282164235,7,0,97.11687087412464,9.62
2025-02-28 07:30:00,Car,47.20423349799303,22,5,91.76868646516562,12.37
2025-02-28 07:45:00,Bus,86.92285771148008,11,0,71.85078133665363,6.27
2025-02-28 08:00:00,Bus,30.730265614563642,11,0,87.48833003775263,5.45
2025-02-28 08:15:00,Two-Wheeler,24.933440951026665,11,6,93.11701661054386,8.97
2025-02-28 08:30:00,Two-Wheeler,58.42934094422553,11,8,100.0,13.9
2025-02-28 08:45:00,Car,57.46991656610197,7,5,70.00489689083543,10.33
2025-02-28 09:00:00,Car,81.20575531986454,11,1,70.0169550845254,9.18
2025-02-28 09:15:00,Two-Wheeler,26.99047407264985,50,0,83.5485344584913,11.19
2025-02-28 09:30:00,Two-Wheeler,26.53159999855592,11,5,66.77721699368036,11.75
2025-02-28 09:45:00,Two-Wheeler,19.753570449428008,50,4,94.62983053954616,9.5
2025-02-28 10:00:00,Bus,45.001740260372344,11,5,97.09980005252203,8.14
2025-02-28 10:15:00,Car,37.22904008673703,7,10,76.41823796791476,7.71
2025-02-28 10:30:00,Car,28.746759880067717,50,4,72.23091114660615,14.12
2025-02-28 10:45:00,Two-Wheeler,33.48903288282474,7,8,100.0,12.15
2025-02-28 11:00:00,Bus,40.97511838309272,7,0,45.2720807908058,12.46
2025-02-28 11:15:00,Two-Wheeler,22.48122871222536,50,4,35.96376060296741,9.37
2025-02-28 11:30:00,Bus,18.343000796931378,50,1,50.73258972646103,13.58
2025-02-28 11:45:00,Two-Wheeler,49.581101382591946,50,4,55.728121664292345,11.58
2025-02-28 12:00:00,Bus,74.74498797054324,22,4,46.56952200409091,7.69
2025-02-28 12:15:00,Bus,29.46824139005498,50,4,43.203013484202415,10.77
2025-02-28 12:30:00,Car,39.27707058097963,50,0,47.52174943459821,5.62
2025-02-28 12:45:00,Two-Wheeler,50.056509112022596,7,2,53.031612578114746,7.68
2025-02-28 13:00:00,Car,48.385803578830064,22,7,49.178947348069094,14.45
2025-02-28 13:15:00,Car,84.52423991327994,7,5,38.944594986036364,12.59
2025-02-28 13:30:00,Bus,47.35860619328637,50,4,60.543803056430804,14.26
2025-02-28 13:45:00,Bus,52.971738619372445,22,3,46.67496037558531,8.72
2025-02-28 14:00:00,Bus,20.592672582430296,22,2,38.57078220674363,5.62
2025-02-28 14:15:00,Two-Wheeler,23.663060373420294,7,6,62.04993226388893,14.45
2025-02-28 14:30:00,Two-Wheeler,65.75739459678961,22,5,36.395109067341934,10.06
2025-02-28 14:45:00,Two-Wheeler,25.088396197378323,50,5,64.84788454820125,11.34
2025-02-28 15:00:00,Bus,34.955624328043434,22,5,52.748151933044134,13.93
2025-02-28 15:15:00,Two-Wheeler,72.9361375178832,11,0,49.12821596887159,13.49
2025-02-28 15:30:00,Bus,60.5380554540124,11,4,60.22665205035806,13.81
2025-02-28 15:45:00,Car,35.121290203300276,50,2,55.09672322341696,11.35
2025-02-28 16:00:00,Car,51.47931892857783,50,3,61.45594475883608,7.46
2025-02-28 16:15:00,Two-Wheeler,14.304824140677791,11,2,32.0620667430302,9.65
2025-02-28 16:30:00,Bus,33.11245215899969,11,5,38.12553944259079,14.39
2025-02-28 16:45:00,Bus,61.87745410514665,50,7,47.57327465552904,6.45
2025-02-28 17:00:00,Bus,67.50391283150235,7,3,99.17710454802767,12.74
2025-02-28 17:15:00,Two-Wheeler,84.30197639165169,22,2,85.72916244968039,12.82
2025-02-28 17:30:00,Bus,27.175448605822304,22,0,63.28630324101315,9.34
2025-02-28 17:45:00,Car,27.46851894830958,7,2,94.1855167117279,12.8
2025-02-28 18:00:00,Two-Wheeler,50.767869607545975,7,7,76.88569150777815,9.09
2025-02-28 18:15:00,Car,43.7955820022478,11,5,81.57453327484777,12.81
2025-02-28 18:30:00,Bus,22.557688350889112,11,6,74.63387807367144,8.56
2025-02-28 18:45:00,Bus,15.966775337416736,7,7,99.05503533883316,13.33
2025-02-28 19:00:00,Bus,8.459983959515885,50,5,67.92788022458694,14.97
2025-02-28 19:15:00,Bus,27.331196372661296,11,9,100.0,9.64
2025-02-28 19:30:00,Car,66.80962491284438,11,5,100.0,5.45
2025-02-28 19:45:00,Bus,38.97206797532374,11,4,97.90486458393606,6.4
2025-02-28 20:00:00,Bus,67.9955532864197,11,6,82.34456296243839,7.14
2025-02-28 20:15:00,Bus,53.30424169261628,11,6,74.86278154415103,8.17
2025-02-28 20:30:00,Car,44.58423744092791,50,6,73.24351586777694,8.81
2025-02-28 20:45:00,Two-Wheeler,22.321217342469446,11,5,91.47906691852879,14.46
2025-02-28 21:00:00,Car,28.46146090238924,50,3,77.29651571128792,14.77
2025-02-28 21:15:00,Two-Wheeler,66.48240850960602,22,3,73.86084314931401,11.93
2025-02-28 21:30:00,Two-Wheeler,68.27491802970216,11,6,71.1100040927874,9.78
2025-02-28 21:45:00,Bus,28.821845670925306,50,8,98.90823239705402,12.05
2025-02-28 22:00:00,Bus,39.991121689744446,7,0,15.493521916964571,14.02
2025-02-28 22:15:00,Bus,43.74039123969829,22,7,27.50608158798026,14.85
2025-02-28 22:30:00,Bus,19.766170759192995,7,8,19.138840654521637,7.66
2025-02-28 22:45:00,Two-Wheeler,61.52633164911639,50,6,18.998100200968125,5.22
2025-02-28 23:00:00,Two-Wheeler,48.68079229626755,11,3,19.888664909718823,14.44
2025-02-28 23:15:00,Two-Wheeler,35.98874141934809,7,1,18.3350920102842,10.07
2025-02-28 23:30:00,Car,29.20728353169597,22,2,18.707602107685204,12.7
2025-02-28 23:45:00,Bus,34.63582537518703,7,6,20.173615127382398,11.46
2025-03-01 00:00:00,Bus,58.9022424905194,50,3,17.783507490792058,10.67
2025-03-01 00:15:00,Two-Wheeler,32.49259291425913,22,3,24.54661844648881,10.13
2025-03-01 00:30:00,Car,29.276995820032777,50,8,26.201342760322802,13.04
2025-03-01 00:45:00,Two-Wheeler,20.276851313443196,7,7,30.24390714375843,13.18
2025-03-01 01:00:00,Two-Wheeler,41.81566480277131,50,7,21.85231576329973,5.92
2025-03-01 01:15:00,Bus,80.41894583979297,7,6,18.87536849089465,9.68
2025-03-01 01:30:00,Two-Wheeler,68.1181979726386,11,4,16.1489402453969,14.97
2025-03-01 01:45:00,Bus,58.17334530602865,11,6,31.849778300434828,7.31
2025-03-01 02:00:00,Bus,35.55942332387251,22,5,28.24727607684312,12.19
2025-03-01 02:15:00,Car,81.19637506676678,22,8,22.511580667454865,13.9
2025-03-01 02:30:00,Car,41.569170089533394,11,10,30.75242215264444,11.3
2025-03-01 02:45:00,Car,15.722165779175528,11,5,29.848546861194514,12.05
2025-03-01 03:00:00,Two-Wheeler,61.56448772423328,11,8,32.62253715121794,12.25
2025-03-01 03:15:00,Car,28.249007400188503,11,3,23.370771672896716,6.83
2025-03-01 03:30:00,Car,74.42435255654385,50,8,27.97484340337156,7.96
2025-03-01 03:45:00,Car,57.13743809676386,22,6,16.36873959070377,14.7
2025-03-01 04:00:00,Two-Wheeler,25.486067552645274,50,5,31.80162180797929,10.43
2025-03-01 04:15:00,Bus,33.612871711422386,7,0,24.987540367018827,11.37
2025-03-01 04:30:00,Car,73.79340376324447,22,6,22.4850278112758,13.59
2025-03-01 04:45:00,Car,83.35488856757853,50,3,22.944508053937838,7.06
2025-03-01 05:00:00,Two-Wheeler,13.499567360090513,7,4,19.192761750511917,10.69
2025-03-01 05:15:00,Car,22.220430288130892,22,12,41.27323034921449,6.3
2025-03-01 05:30:00,Two-Wheeler,37.15087327174455,11,9,29.62142859657768,11.31
2025-03-01 05:45:00,Car,23.838296845067674,50,3,17.433807365098946,7.71
2025-03-01 06:00:00,Two-Wheeler,29.308670496009086,11,5,21.3333284634292,7.89
2025-03-01 06:15:00,Bus,32.93203893098174,11,5,28.580624104410234,9.31
2025-03-01 06:30:00,Two-Wheeler,20.793449409008208,50,2,19.070780567136005,11.2
2025-03-01 06:45:00,Car,25.10845282763884,7,1,16.898502524031496,9.52
2025-03-01 07:00:00,Bus,72.31904731998966,50,6,81.9876138249634,12.32
2025-03-01 07:15:00,Two-Wheeler,65.21305507144696,11,5,85.34972469482351,8.6
2025-03-01 07:30:00,Bus,17.402268804048035,22,6,100.0,9.65
2025-03-01 07:45:00,Two-Wheeler,44.024606890325686,22,1,65.09849589351782,7.56
2025-03-01 08:00:00,Bus,47.17141475788055,22,0,94.96012501442596,5.84
2025-03-01 08:15:00,Car,27.0513467889428,22,0,60.479579142509266,14.68
2025-03-01 08:30:00,Bus,17.162145745051028,22,3,76.8781094450619,6.0
2025-03-01 08:45:00,Bus,21.065737638034257,7,8,74.96044742475043,12.2
2025-03-01 09:00:00,Two-Wheeler,56.040899018317305,11,3,75.63174660750445,10.03
2025-03-01 09:15:00,Two-Wheeler,29.92875908560956,7,5,99.88294794568029,6.96
2025-03-01 09:30:00,Two-Wheeler,40.05971495884986,22,2,68.96286589884222,14.27
2025-03-01 09:45:00,Bus,50.95258855162361,7,4,81.77562128345416,10.11
2025-03-01 10:00:00,Bus,23.574832587968398,7,5,97.30200897107943,13.92
2025-03-01 10:15:00,Car,43.881886033656684,22,1,98.68846645766408,14.68
2025-03-01 10:30:00,Car,22.194680174930184,11,3,70.71796392085976,9.85
2025-03-01 10:45:00,Two-Wheeler,15.896968148610428,7,5,66.11565147593625,11.14
2025-03-01 11:00:00,Bus,48.70182217660518,22,6,50.055673101743515,10.23
2025-03-01 11:15:00,Car,41.29233678089681,50,5,61.70235242584343,12.78
2025-03-01 11:30:00,Bus,51.6107718252577,50,4,34.644371489187904,10.23
2025-03-01 11:45:00,Car,22.299634279195978,50,5,47.52315578433465,13.16
2025-03-01 12:00:00,Bus,35.92078855450814,11,3,46.309795776300504,9.71
2025-03-01 12:15:00,Bus,30.07172085715437,11,0,55.27473915076992,14.23
2025-03-01 12:30:00,Bus,66.96093551531735,50,5,38.28545742018916,6.88
2025-03-01 12:45:00,Bus,78.37503387128268,50,4,42.3229429112567,9.72
2025-03-01 13:00:00,Two-Wheeler,35.85969065247946,50,5,47.36932225518261,8.13
2025-03-01 13:15:00,Car,50.81294548002041,11,5,55.861381702546836,8.6
2025-03-01 13:30:00,Bus,46.755435463344696,22,0,32.676614412894295,9.24
2025-03-01 13:45:00,Bus,52.33567788589818,11,7,38.69280797757395,13.27
2025-03-01 14:00:00,Bus,43.61602546113626,11,5,49.50285242868633,9.13
2025-03-01 14:15:00,Two-Wheeler,24.820995790249256,11,5,55.21932223761334,13.2
2025-03-01 14:30:00,Bus,33.549689728685436,11,0,35.52144383386599,13.18
2025-03-01 14:45:00,Two-Wheeler,44.14892041808637,50,0,36.273211238322816,6.5
2025-03-01 15:00:00,Car,37.621953126897274,50,1,59.490365948230576,6.78
2025-03-01 15:15:00,Car,12.52722126081403,11,1,49.640797047869306,8.3
2025-03-01 15:30:00,Car,58.10177400897373,7,10,40.97606809081856,9.98
2025-03-01 15:45:00,Car,33.8701129568952,22,1,51.61431486549807,5.22
2025-03-01 16:00:00,Two-Wheeler,52.61340091798888,11,8,44.866182916184826,9.94
2025-03-01 16:15:00,Car,69.3062324309041,22,5,52.238688339606924,7.28
2025-03-01 16:30:00,Two-Wheeler,71.34808707226142,22,9,51.48996006528246,5.08
2025-03-01 16:45:00,Bus,46.50330356325003,50,0,31.848100178970842,12.17
2025-03-01 17:00:00,Car,16.177816550857194,50,7,78.29061816226682,5.3
2025-03-01 17:15:00,Two-Wheeler,73.99908425140376,7,2,76.69588172810643,7.56
2025-03-01 17:30:00,Car,27.560732675828294,7,4,68.00037938477524,14.34
2025-03-01 17:45:00,Two-Wheeler,14.80663764787874,50,3,94.93794458727388,5.28
2025-03-01 18:00:00,Car,55.82107242239622,7,1,72.0440931432258,9.36
2025-03-01 18:15:00,Two-Wheeler,27.33300562568255,11,7,69.15704864006207,10.96
2025-03-01 18:30:00,Car,18.131234170068517,22,6,83.87767337768962,6.89
2025-03-01 18:45:00,Two-Wheeler,18.388919469381577,11,1,85.38351806632593,5.8
2025-03-01 19:00:00,Bus,36.871435259649466,7,4,88.46917161925991,5.49
2025-03-01 19:15:00,Bus,20.328473263665614,11,4,65.6174307954565,9.03
2025-03-01 19:30:00,Bus,37.78859322274885,7,8,92.47380243696217,10.6
2025-03-01 19:45:00,Car,9.683130499432112,22,3,72.97680001654966,12.87
2025-03-01 20:00:00,Car,26.853484661753825,22,4,73.36840003188772,14.47
2025-03-01 20:15:00,Car,25.303124644750863,22,7,89.6894336413736,10.54
2025-03-01 20:30:00,Bus,18.293049224154114,50,1,81.18864114078998,5.07
2025-03-01 20:45:00,Two-Wheeler,60.54412510432763,11,7,86.66921922479207,6.11
2025-03-01 21:00:00,Car,53.58274677334983,11,3,77.69146848204177,7.4
2025-03-01 21:15:00,Two-Wheeler,84.80409817266154,11,6,100.0,10.83
2025-03-01 21:30:00,Car,52.74568648809368,11,7,78.50535100425245,8.34
2025-03-01 21:45:00,Two-Wheeler,23.770705045067874,50,4,89.74157754027627,10.66
2025-03-01 22:00:00,Bus,53.862391605720084,11,5,23.08543512350269,12.04
2025-03-01 22:15:00,Two-Wheeler,42.69305564755206,11,0,10.259435378385671,14.59
2025-03-01 22:30:00,Car,48.18043556094189,50,6,19.495490673516073,6.22
2025-03-01 22:45:00,Bus,62.23999005909921,22,7,20.177731252759664,13.94
2025-03-01 23:00:00,Two-Wheeler,13.933439696520907,22,12,28.605010119530174,13.82
2025-03-01 23:15:00,Bus,34.907723876316794,7,10,39.26635853182852,9.91
2025-03-01 23:30:00,Car,18.882207417453102,7,2,15.216626870575789,6.8
2025-03-01 23:45:00,Bus,31.636290221637694,22,3,29.438653586502486,14.54
2025-03-02 00:00:00,Car,42.12407692514332,11,3,17.719731500584516,7.06
2025-03-02 00:15:00,Car,59.67535845855473,22,13,34.289241916271514,12.02
2025-03-02 00:30:00,Two-Wheeler,18.671929664134787,7,8,24.65110845968848,9.45
2025-03-02 00:45:00,Bus,17.68381294056928,22,0,27.923532654290554,11.8
2025-03-02 01:00:00,Two-Wheeler,26.381025355235664,50,6,25.558838927467747,7.26
2025-03-02 01:15:00,Bus,42.85290709055789,22,3,27.76279230235953,12.57
2025-03-02 01:30:00,Two-Wheeler,17.7511782238389,22,0,17.352075955727134,5.81
2025-03-02 01:45:00,Bus,61.639009384410635,22,5,22.642539704467964,5.54
2025-03-02 02:00:00,Car,16.581251449101224,22,5,28.96260366545804,7.53
2025-03-02 02:15:00,Car,41.79141827731734,50,6,29.290243641228724,13.75
2025-03-02 02:30:00,Car,23.560588519568416,22,4,20.05005214522744,6.91
2025-03-02 02:45:00,Two-Wheeler,28.975994918307375,50,8,35.2977311570449,9.27
2025-03-02 03:00:00,Two-Wheeler,24.09232149500356,11,5,32.00822385382139,5.0
2025-03-02 03:15:00,Car,54.603185983562554,22,2,16.754556720647745,7.81
2025-03-02 03:30:00,Bus,16.299896934539607,22,2,20.576123773823326,5.45
2025-03-02 03:45:00,Two-Wheeler,26.256145831987116,22,6,17.419223449272984,8.35
2025-03-02 04:00:00,Car,50.347811910522324,50,1,12.194801076681673,6.73
2025-03-02 04:15:00,Car,39.31263512867417,50,3,28.92894769905962,13.71
2025-03-02 04:30:00,Car,23.471394245186346,7,2,28.367788287050715,8.33
2025-03-02 04:45:00,Bus,50.920235590208456,22,4,17.745626164980337,11.92
2025-03-02 05:00:00,Bus,52.162786616010685,11,9,26.76596242796814,8.53
2025-03-02 05:15:00,Car,18.535301360511607,7,9,32.85393499985966,6.46
2025-03-02 05:30:00,Bus,38.77829156425123,11,9,30.15275228225873,11.03
2025-03-02 05:45:00,Two-Wheeler,44.691055092479736,11,4,33.790766683671634,10.87
2025-03-02 06:00:00,Bus,18.065908615280208,50,7,25.23568829079584,8.19
2025-03-02 06:15:00,Car,13.889381608122465,50,0,10.283038081906051,13.8
2025-03-02 06:30:00,Two-Wheeler,11.695469303088066,50,1,18.66607223094156,11.01
2025-03-02 06:45:00,Two-Wheeler,21.2224557889304,11,5,33.37243360152965,14.28
2025-03-02 07:00:00,Two-Wheeler,65.42316278950828,22,8,76.98593809055303,14.1
2025-03-02 07:15:00,Bus,41.43734533602666,22,6,91.87845279785951,6.89
2025-03-02 07:30:00,Two-Wheeler,68.08059954446357,22,7,100.0,8.32
2025-03-02 07:45:00,Bus,33.541307948183515,22,4,85.21838159277794,14.7
2025-03-02 08:00:00,Two-Wheeler,25.560529309339525,50,2,92.60963676628909,9.19
2025-03-02 08:15:00,Two-Wheeler,24.094035031477176,50,3,87.99513229851158,12.77
2025-03-02 08:30:00,Bus,40.50092227409983,7,4,88.53556575193981,14.86
2025-03-02 08:45:00,Bus,43.054634142373864,50,6,86.14545074308076,9.24
2025-03-02 09:00:00,Bus,37.34388386837134,7,5,86.95568769622498,14.54
2025-03-02 09:15:00,Two-Wheeler,42.54609467076148,50,3,67.06341828572184,14.35
2025-03-02 09:30:00,Bus,41.5434412650942,7,5,83.04595118060868,8.19
2025-03-02 09:45:00,Car,48.883321677487515,7,9,81.55419603257194,14.93
2025-03-02 10:00:00,Bus,14.406168056273804,11,5,89.77577792612598,6.19
2025-03-02 10:15:00,Bus,22.353893706387943,7,3,86.0587787557208,5.56
2025-03-02 10:30:00,Bus,30.34271206594098,11,2,91.05889985766792,8.81
2025-03-02 10:45:00,Car,35.80142600096363,22,10,95.48152804916569,5.58
2025-03-02 11:00:00,Car,21.5601275570719,7,4,58.0985435820717,12.96
2025-03-02 11:15:00,Car,51.867715525099655,11,2,36.33460845887694,12.38
2025-03-02 11:30:00,Car,45.52623100951051,7,8,57.488309036637105,6.18
2025-03-02 11:45:00,Two-Wheeler,17.809784746240037,50,2,54.60241947674427,13.58
2025-03-02 12:00:00,Bus,34.37472364822005,7,3,48.235533226982994,12.67
2025-03-02 12:15:00,Bus,71.14415736704618,22,1,51.13781462187798,11.65
2025-03-02 12:30:00,Bus,22.516291526620336,11,5,43.47747960750338,5.83
2025-03-02 12:45:00,Two-Wheeler,66.28375048725094,11,8,63.81691079809414,9.27
2025-03-02 13:00:00,Car,26.807324533199928,11,5,63.964126025499425,13.5
2025-03-02 13:15:00,Two-Wheeler,46.33912752786094,22,1,50.09621660013502,14.45
2025-03-02 13:30:00,Two-Wheeler,21.86495535383588,22,10,49.205829445839065,8.24
2025-03-02 13:45:00,Bus,81.35073700498373,50,1,34.128890837661174,11.0
2025-03-02 14:00:00,Car,39.76805985634609,7,0,39.86571948906078,13.06
2025-03-02 14:15:00,Bus,24.09514221074567,7,0,42.02455047402636,5.67
2025-03-02 14:30:00,Car,61.25304589319532,22,6,41.77532215854824,5.31
2025-03-02 14:45:00,Car,26.526996585625277,11,5,55.251896673496205,11.85
2025-03-02 15:00:00,Bus,15.204902032920073,7,7,45.060325663987946,11.3
2025-03-02 15:15:00,Car,40.22553831084363,11,6,46.971003423761715,5.72
2025-03-02 15:30:00,Two-Wheeler,37.414016487374425,7,5,37.545478558938726,5.79
2025-03-02 15:45:00,Car,60.6246079868296,11,8,46.33716506400867,14.1
2025-03-02 16:00:00,Car,20.776832990011936,22,3,42.31474645263817,7.16
2025-03-02 16:15:00,Car,22.256655614236,50,1,60.9825722935952,9.66
2025-03-02 16:30:00,Car,18.416241202641476,22,10,63.38452707049305,5.88
2025-03-02 16:45:00,Two-Wheeler,31.70419021484884,7,5,50.30973838854452,13.41
2025-03-02 17:00:00,Car,15.846013329988097,11,2,89.4817081660666,11.45
2025-03-02 17:15:00,Car,39.49312841622088,22,3,70.84623229654954,14.11
2025-03-02 17:30:00,Two-Wheeler,20.264288629442017,50,7,90.32257070178397,14.03
2025-03-02 17:45:00,Bus,36.69871863720806,22,5,98.43285980335905,14.45
2025-03-02 18:00:00,Bus,40.12637493840379,11,3,88.11900492303901,7.86
2025-03-02 18:15:00,Bus,14.14602760027708,22,1,73.7407843010946,7.72
2025-03-02 18:30:00,Car,63.21981345980348,11,5,78.27764538518015,6.01
2025-03-02 18:45:00,Two-Wheeler,46.874693908164225,7,2,100.0,5.98
2025-03-02 19:00:00,Bus,31.538291940292268,22,3,89.62080269894474,14.56
2025-03-02 19:15:00,Bus,36.5375658550997,11,5,97.6956185684838,10.02
2025-03-02 19:30:00,Car,25.23403241056264,50,5,68.98935249522569,11.21
2025-03-02 19:45:00,Car,71.21095108096979,50,1,80.12662329011354,10.41
2025-03-02 20:00:00,Bus,16.950183991620165,22,0,94.06626940937686,6.73
2025-03-02 20:15:00,Bus,23.00125654211344,50,6,86.88904138178629,9.09
2025-03-02 20:30:00,Bus,47.707346852077784,50,2,97.48635334735077,11.39
2025-03-02 20:45:00,Car,17.896520746990063,11,5,85.97643329898713,14.58
2025-03-02 21:00:00,Car,53.43858735222329,11,11,88.62658431034198,8.52
2025-03-02 21:15:00,Bus,71.06620858309985,22,7,93.13668513045425,6.13
2025-03-02 21:30:00,Car,22.69807647880254,50,4,94.42200939138095,8.64
2025-03-02 21:45:00,Bus,29.886471603350824,11,6,70.43035830729495,14.33
2025-03-02 22:00:00,Car,50.43648109666381,50,11,29.829606744851127,9.12
2025-03-02 22:15:00,Two-Wheeler,22.669487522851963,7,5,33.42028221528261,14.01
2025-03-02 22:30:00,Car,10.660167057064946,50,7,28.819763557372738,10.34
2025-03-02 22:45:00,Bus,26.64583170120777,7,3,14.140970643856745,11.12
2025-03-02 23:00:00,Car,54.68022966977609,50,5,30.33537443740137,14.97
2025-03-02 23:15:00,Bus,48.328352259705454,11,10,26.44888748642167,11.27
2025-03-02 23:30:00,Bus,34.746246074514765,22,4,28.894820851321896,12.15
2025-03-02 23:45:00,Two-Wheeler,66.54277489747658,50,6,34.37167641517466,12.39
2025-03-03 00:00:00,Bus,35.38253357943851,11,5,31.089857520451396,12.97
2025-03-03 00:15:00,Car,24.580404660731233,11,1,21.522992803614173,12.33
2025-03-03 00:30:00,Car,23.275251982042725,22,6,20.524418367485588,12.49
2025-03-03 00:45:00,Two-Wheeler,28.535532635697557,7,8,37.8751803666494,8.66
2025-03-03 01:00:00,Bus,37.0232332400075,11,2,22.04657563070834,5.35
2025-03-03 01:15:00,Two-Wheeler,37.45821991815008,50,3,19.273181917771318,8.83
2025-03-03 01:30:00,Bus,34.549617859504366,22,8,25.090203217822584,8.8
2025-03-03 01:45:00,Bus,18.870618864982834,50,4,31.753658100465664,9.17
2025-03-03 02:00:00,Two-Wheeler,48.23487314325262,22,5,30.712671472275026,7.9
2025-03-03 02:15:00,Car,32.68123821164393,22,6,26.30777307771035,9.51
2025-03-03 02:30:00,Two-Wheeler,15.152777376387858,22,10,27.655853127067875,10.49
2025-03-03 02:45:00,Car,48.76483887622714,7,2,17.75264476916624,14.27
2025-03-03 03:00:00,Bus,46.303117853105405,7,5,24.35751009241314,9.0
2025-03-03 03:15:00,Bus,17.91456712143813,7,2,25.954887980173513,12.94
2025-03-03 03:30:00,Bus,52.0636815413243,7,3,26.31168490969473,13.59
2025-03-03 03:45:00,Bus,12.360959312982455,7,1,21.652903345893506,10.6
2025-03-03 04:00:00,Two-Wheeler,29.79795797769393,11,5,34.45011119582538,12.61
2025-03-03 04:15:00,Bus,23.944534241491752,7,7,17.043735922658303,8.05
2025-03-03 04:30:00,Two-Wheeler,86.76504046607857,7,3,19.61837931026716,14.95
2025-03-03 04:45:00,Car,26.597724488762275,22,3,26.84308189197702,14.28
2025-03-03 05:00:00,Bus,19.854680056630105,50,7,35.42584464971408,5.38
2025-03-03 05:15:00,Bus,46.816969500520244,50,6,27.535898870512405,8.87
2025-03-03 05:30:00,Two-Wheeler,22.76355188225341,7,0,29.711655325581802,5.85
2025-03-03 05:45:00,Car,41.30716354219369,7,3,16.135924311279616,9.98
2025-03-03 06:00:00,Bus,24.992229961426133,7,11,37.13441510134723,12.46
2025-03-03 06:15:00,Car,16.18086438140469,11,4,32.77663659914192,12.1
2025-03-03 06:30:00,Two-Wheeler,33.375371370870326,11,5,26.182978233360625,7.4
2025-03-03 06:45:00,Two-Wheeler,59.91647542227286,22,0,12.889659766846464,9.42
2025-03-03 07:00:00,Car,32.88508863503822,22,0,95.42248902263748,7.96
2025-03-03 07:15:00,Car,15.100982752902139,22,4,74.29299622065787,12.0
2025-03-03 07:30:00,Two-Wheeler,63.90973445538423,22,12,100.0,9.84
2025-03-03 07:45:00,Bus,45.28385383909299,11,4,96.61657216493398,8.82
2025-03-03 08:00:00,Car,33.799928231386474,50,3,97.53582644416412,14.52
2025-03-03 08:15:00,Car,23.729796485781343,22,0,78.25431552546671,14.87
2025-03-03 08:30:00,Two-Wheeler,80.09825414743247,22,4,100.0,7.83
2025-03-03 08:45:00,Car,56.23040122254482,50,2,79.1953189391943,11.12
2025-03-03 09:00:00,Bus,25.268154128331638,7,4,86.61561261259763,5.26
2025-03-03 09:15:00,Car,22.806838288804233,50,9,72.83465007223981,9.94
2025-03-03 09:30:00,Car,58.23509499783787,22,0,96.80793670154128,13.96
2025-03-03 09:45:00,Two-Wheeler,22.972894364619933,7,2,100.0,6.09
2025-03-03 10:00:00,Bus,75.49133735303352,11,4,100.0,13.09
2025-03-03 10:15:00,Car,80.0208400690184,22,3,63.60749483099676,11.83
2025-03-03 10:30:00,Car,23.915399730712984,50,2,80.0528112915951,10.25
2025-03-03 10:45:00,Bus,44.29892832670601,50,2,66.72316900490827,11.92
2025-03-03 11:00:00,Car,50.60217233042761,22,4,34.245070082562115,5.47
2025-03-03 11:15:00,Two-Wheeler,62.964045120180835,11,4,38.56751924110296,11.92
2025-03-03 11:30:00,Car,63.77408402757829,22,10,55.7853802976005,7.06
2025-03-03 11:45:00,Bus,18.214063058166083,50,8,63.92651996365143,5.05
2025-03-03 12:00:00,Bus,37.50924159913895,22,10,41.9819765487574,8.87
2025-03-03 12:15:00,Bus,29.15509817545031,11,6,49.074307650090944,12.36
2025-03-03 12:30:00,Car,18.109118896177065,7,4,58.84045322021316,9.09
2025-03-03 12:45:00,Bus,37.639379019474056,50,11,66.35773071330398,13.24
2025-03-03 13:00:00,Bus,32.27565334986359,7,0,33.87427329512402,9.82
2025-03-03 13:15:00,Bus,25.720022085406576,11,3,60.57274936097713,6.99
2025-03-03 13:30:00,Two-Wheeler,20.13714401900486,22,4,44.89860175328825,13.23
2025-03-03 13:45:00,Two-Wheeler,35.90101732214872,22,4,43.73971703098779,7.87
2025-03-03 14:00:00,Two-Wheeler,19.64978841663467,11,3,57.51799818576987,11.89
2025-03-03 14:15:00,Bus,84.8422983048018,7,7,64.05665284453931,5.91
2025-03-03 14:30:00,Car,19.188484817886224,11,0,53.15235878324327,14.22
2025-03-03 14:45:00,Two-Wheeler,33.46771353056467,11,8,43.62680252452647,10.01
2025-03-03 15:00:00,Car,51.02720394995934,7,7,58.80470976020189,11.15
2025-03-03 15:15:00,Car,22.980324867675595,7,7,59.11092293653299,12.85
2025-03-03 15:30:00,Car,25.974242117809382,11,2,46.30873858683513,6.66
2025-03-03 15:45:00,Bus,66.81671971472936,11,0,44.56460093787472,8.49
2025-03-03 16:00:00,Car,33.80658463751959,11,3,36.187688747416594,9.92
2025-03-03 16:15:00,Two-Wheeler,74.4879389110016,11,1,58.22328207673929,9.88
2025-03-03 16:30:00,Bus,27.412974707251244,11,5,40.2904104703458,13.88
2025-03-03 16:45:00,Car,31.95202483237967,50,6,38.44192000737136,10.53
2025-03-03 17:00:00,Bus,48.7464775001526,7,4,94.5187245984018,7.59
2025-03-03 17:15:00,Two-Wheeler,24.958611137400702,22,2,100.0,7.44
2025-03-03 17:30:00,Car,70.79221863578127,50,5,88.48546091576529,13.47
2025-03-03 17:45:00,Two-Wheeler,15.311975404789926,22,5,71.99682734654999,10.49
2025-03-03 18:00:00,Car,24.103082930010416,11,10,100.0,11.91
2025-03-03 18:15:00,Bus,19.716553741133605,7,8,72.94140212874672,8.66
2025-03-03 18:30:00,Two-Wheeler,42.123310177112444,22,6,79.84512206142726,13.11
2025-03-03 18:45:00,Two-Wheeler,14.960671230105003,22,3,71.55240415271827,7.68
2025-03-03 19:00:00,Car,44.57199360404677,50,5,85.5592867237363,7.41
2025-03-03 19:15:00,Bus,19.02866397429268,11,4,75.73269855987256,8.34
2025-03-03 19:30:00,Bus,16.143710613811333,11,5,99.60324679021883,8.36
2025-03-03 19:45:00,Car,57.48829707657706,7,2,68.17475732933798,5.6
2025-03-03 20:00:00,Car,34.03147791189019,11,7,84.37944452351111,5.37
2025-03-03 20:15:00,Bus,81.71540061489256,7,3,83.02494616405578,13.34
2025-03-03 20:30:00,Two-Wheeler,51.95900716783683,7,4,82.8493320221942,7.98
2025-03-03 20:45:00,Bus,29.14931430674244,22,1,75.83540522377749,12.81
2025-03-03 21:00:00,Car,58.359091222719215,50,0,94.95421435909097,5.33
2025-03-03 21:15:00,Two-Wheeler,31.432470558155046,7,3,94.56812084780358,14.52
2025-03-03 21:30:00,Bus,24.31365461170538,7,8,83.86682492551493,11.2
2025-03-03 21:45:00,Car,42.77200352330571,11,8,68.40402409241487,8.11
2025-03-03 22:00:00,Car,27.709023626765813,50,0,27.416969108743974,8.93
2025-03-03 22:15:00,Bus,18.48522921226371,22,2,28.950666845189634,13.73
2025-03-03 22:30:00,Car,49.15110875339897,7,0,16.45078694260272,8.21
2025-03-03 22:45:00,Car,15.056333670937507,50,4,30.559025365804704,5.66
2025-03-03 23:00:00,Two-Wheeler,39.191077771486086,7,4,21.192165363499786,5.44
2025-03-03 23:15:00,Two-Wheeler,78.05968863201913,50,6,20.510348667478475,10.89
2025-03-03 23:30:00,Car,25.84160730643545,11,5,27.01899616956205,12.32
2025-03-03 23:45:00,Two-Wheeler,10.83600214897254,50,8,31.17505968069679,14.96
2025-03-04 00:00:00,Two-Wheeler,32.58911898553435,7,7,19.39642729374062,6.83
2025-03-04 00:15:00,Car,34.53919391149752,50,4,23.527987572473872,10.93
2025-03-04 00:30:00,Car,33.96394959108569,22,6,33.23577641938634,5.3
2025-03-04 00:45:00,Bus,40.64517766321942,22,7,35.57609239860405,12.51
2025-03-04 01:00:00,Car,55.31099706461674,50,8,26.288792823720186,13.04
2025-03-04 01:15:00,Two-Wheeler,42.96389990652648,7,4,24.65561048360169,5.11
2025-03-04 01:30:00,Two-Wheeler,52.00296285234325,50,4,29.877776471762218,8.95
2025-03-04 01:45:00,Bus,35.5048830907683,11,2,15.648792479556214,13.73
2025-03-04 02:00:00,Car,24.757608220440463,11,3,13.675338691062768,13.69
2025-03-04 02:15:00,Two-Wheeler,49.43727727737569,11,2,20.36469164331631,6.82
2025-03-04 02:30:00,Two-Wheeler,82.89985979754634,22,8,27.560110310385568,6.8
2025-03-04 02:45:00,Two-Wheeler,38.31644087006752,50,8,19.951191398471344,9.65
2025-03-04 03:00:00,Car,80.16948297634599,50,3,26.44519437573796,14.97
2025-03-04 03:15:00,Bus,19.11172855888035,7,1,28.425470372785202,8.2
2025-03-04 03:30:00,Car,62.515383940405606,50,2,21.963243964810943,11.62
2025-03-04 03:45:00,Two-Wheeler,53.155012331677945,11,7,22.317626295071385,10.08
2025-03-04 04:00:00,Car,72.06756576018867,22,5,23.56610394825792,10.31
2025-03-04 04:15:00,Bus,63.338430016335785,7,1,22.345892814680866,12.98
2025-03-04 04:30:00,Bus,51.16124658181832,7,3,22.725089029486284,9.56
2025-03-04 04:45:00,Two-Wheeler,89.10001201464165,11,9,33.93148359836767,12.51
2025-03-04 05:00:00,Car,30.559608491435437,50,1,14.75019712628739,12.93
2025-03-04 05:15:00,Two-Wheeler,35.46752522607067,50,5,15.212475054165182,10.25
2025-03-04 05:30:00,Car,21.380291373915984,22,11,24.74842055699603,11.96
2025-03-04 05:45:00,Two-Wheeler,22.281701007956496,22,5,23.320916985229516,12.15
2025-03-04 06:00:00,Two-Wheeler,38.98256377444688,11,5,19.694943017740865,11.94
2025-03-04 06:15:00,Two-Wheeler,37.08332369207794,11,2,15.419113842724164,7.87
2025-03-04 06:30:00,Bus,13.374982791060031,22,5,17.66774359932839,5.31
2025-03-04 06:45:00,Bus,34.475526615460815,7,7,25.33594537191921,11.84
2025-03-04 07:00:00,Bus,79.17856520633639,22,3,100.0,13.99
2025-03-04 07:15:00,Car,19.729790205886964,11,3,76.35715975205122,13.62
2025-03-04 07:30:00,Car,52.05729966355289,7,1,93.42465924001223,11.14
2025-03-04 07:45:00,Bus,34.656067629604394,11,3,83.70452576031383,11.73
2025-03-04 08:00:00,Car,31.038592955489563,22,2,79.92133313761514,5.04
2025-03-04 08:15:00,Car,78.81496996190957,7,4,90.83195808773837,14.95
2025-03-04 08:30:00,Bus,21.664390307007203,22,7,91.53873084635109,12.43
2025-03-04 08:45:00,Two-Wheeler,40.830566035868294,50,6,87.5977640133966,9.71
2025-03-04 09:00:00,Two-Wheeler,50.135698797505896,11,0,62.846725516960646,7.75
2025-03-04 09:15:00,Bus,31.16349034540805,11,3,77.06849910575517,9.74
2025-03-04 09:30:00,Car,36.28572060339514,7,5,96.81675325082514,13.73
2025-03-04 09:45:00,Bus,80.40493387947242,7,7,83.6878487229599,5.79
2025-03-04 10:00:00,Bus,22.264793839939266,11,8,88.0329332501715,7.43
2025-03-04 10:15:00,Car,24.965766865962163,7,8,92.55335640367015,7.58
2025-03-04 10:30:00,Bus,54.2892601746553,50,2,76.63604811300854,5.19
2025-03-04 10:45:00,Two-Wheeler,24.973475565568535,50,5,78.20422094802628,14.11
2025-03-04 11:00:00,Car,35.8954226362065,7,4,57.3284650687833,14.2
2025-03-04 11:15:00,Bus,44.44191323920835,50,0,36.999406173315094,10.17
2025-03-04 11:30:00,Car,44.30602470901397,7,6,46.944337479056145,9.06
2025-03-04 11:45:00,Two-Wheeler,38.52303715481385,7,8,54.76932645993634,6.81
2025-03-04 12:00:00,Two-Wheeler,20.047977844611626,50,1,54.42312537280741,13.98
2025-03-04 12:15:00,Bus,23.93824174420521,50,8,42.13463078839992,10.22
2025-03-04 12:30:00,Car,32.08912086234628,7,4,37.001487414425384,9.5
2025-03-04 12:45:00,Two-Wheeler,81.31205389734991,7,6,49.01156417685105,11.26
2025-03-04 13:00:00,Bus,33.617651156800186,22,5,52.69887330926237,6.49
2025-03-04 13:15:00,Two-Wheeler,20.662735785754553,7,0,56.99100261136741,10.43
2025-03-04 13:30:00,Bus,24.571786474510926,22,7,63.76522391671527,6.52
2025-03-04 13:45:00,Bus,39.32452798644813,50,4,56.04692278308643,11.51
2025-03-04 14:00:00,Car,16.650556178666417,7,6,48.17632989801669,10.61
2025-03-04 14:15:00,Bus,77.09154860110712,11,5,55.184476910272586,13.74
2025-03-04 14:30:00,Bus,12.72671646325049,50,3,41.43512613743647,8.85
2025-03-04 14:45:00,Car,51.300346462229435,50,6,57.86726364447855,10.22
2025-03-04 15:00:00,Two-Wheeler,80.04354395487766,22,3,59.38738807703689,13.63
2025-03-04 15:15:00,Bus,38.990529133031934,11,3,41.41703275173522,5.01
2025-03-04 15:30:00,Two-Wheeler,36.76933892923696,50,1,51.3954610951943,5.32
2025-03-04 15:45:00,Car,40.44685361344183,11,6,62.7719563405323,10.87
2025-03-04 16:00:00,Two-Wheeler,23.990408797462578,7,7,46.6568438510294,14.34
2025-03-04 16:15:00,Bus,20.27247411312868,7,3,40.5395979639017,13.85
2025-03-04 16:30:00,Two-Wheeler,61.082941803690396,22,4,55.73335530457429,7.5
2025-03-04 16:45:00,Bus,38.066696023557746,22,4,48.337185271708556,7.35
2025-03-04 17:00:00,Two-Wheeler,41.10118165481796,50,4,79.01428556919703,8.54
2025-03-04 17:15:00,Two-Wheeler,34.11183760328647,7,10,76.935691196276,6.07
2025-03-04 17:30:00,Bus,45.31404068927502,7,1,96.7822779209464,7.31
2025-03-04 17:45:00,Car,45.70663691153113,50,7,74.59654782990636,13.45
2025-03-04 18:00:00,Bus,12.917617691827983,50,8,100.0,8.92
2025-03-04 18:15:00,Two-Wheeler,25.950065783631935,22,1,86.14764924580409,7.85
2025-03-04 18:30:00,Car,16.05724976271504,22,7,100.0,9.68
2025-03-04 18:45:00,Car,51.126759620893644,50,3,100.0,10.21
2025-03-04 19:00:00,Two-Wheeler,72.06875861653175,22,7,69.4415002474876,6.69
2025-03-04 19:15:00,Car,22.036774037059168,7,2,84.25322741739956,7.52
2025-03-04 19:30:00,Bus,31.568188415978277,7,11,81.32496265754511,7.86
2025-03-04 19:45:00,Two-Wheeler,13.7697494189893,22,4,88.6521889498916,11.52
2025-03-04 20:00:00,Bus,20.709943256132377,50,1,74.17331072947962,6.33
2025-03-04 20:15:00,Car,36.984559729775384,11,1,75.50728957881083,13.39
2025-03-04 20:30:00,Car,16.975592199749755,50,4,95.13998315362153,6.2
2025-03-04 20:45:00,Car,23.181355919232463,22,9,81.2942270409323,10.27
2025-03-04 21:00:00,Bus,43.0133405985538,22,7,98.6186506057598,10.98
2025-03-04 21:15:00,Car,44.16034339143972,7,6,100.0,9.15
2025-03-04 21:30:00,Car,26.33996690683538,22,8,85.96327476127112,10.99
2025-03-04 21:45:00,Car,33.97371091992419,50,6,100.0,10.06
2025-03-04 22:00:00,Bus,77.71475568899646,22,6,19.380939667395864,10.16
2025-03-04 22:15:00,Car,51.77535845313463,50,5,32.822264103027905,12.2
2025-03-04 22:30:00,Two-Wheeler,20.522856014013826,7,4,29.068760047924584,10.45
2025-03-04 22:45:00,Two-Wheeler,29.198559143461267,7,3,17.170752630943532,7.26
2025-03-04 23:00:00,Two-Wheeler,66.74875456549226,7,3,29.421859954614877,6.53
2025-03-04 23:15:00,Two-Wheeler,31.133486320941266,7,1,16.50394892788198,9.29
2025-03-04 23:30:00,Two-Wheeler,13.10060625449262,7,3,26.605461785859134,12.95
2025-03-04 23:45:00,Two-Wheeler,32.76265116992571,22,5,16.45313884079264,8.26
2025-03-05 00:00:00,Two-Wheeler,33.13343164163261,11,5,28.56301419395361,12.12
2025-03-05 00:15:00,Two-Wheeler,49.690985893546745,50,5,17.47917986906873,8.56
2025-03-05 00:30:00,Car,21.79141092787171,22,7,25.572581736052264,9.23
2025-03-05 00:45:00,Bus,21.24853863505107,22,2,24.64288384754179,11.51
2025-03-05 01:00:00,Bus,16.516525829521985,50,12,29.129656496466012,10.37
2025-03-05 01:15:00,Two-Wheeler,53.877785948916724,50,9,20.2744711499358,10.7
2025-03-05 01:30:00,Two-Wheeler,37.72291881413143,50,4,20.49960637593783,6.06
2025-03-05 01:45:00,Two-Wheeler,12.44185934862068,50,0,13.573153729437273,5.57
2025-03-05 02:00:00,Bus,28.00006713634047,7,5,17.945787335329545,7.8
2025-03-05 02:15:00,Two-Wheeler,15.09408151319185,50,1,14.640822237451413,6.38
2025-03-05 02:30:00,Two-Wheeler,50.24275206015202,50,6,25.105247461895875,13.34
2025-03-05 02:45:00,Bus,28.973717561991453,22,3,18.01630932705109,10.46
2025-03-05 03:00:00,Bus,35.94431340002358,7,0,19.914556455290526,14.52
2025-03-05 03:15:00,Two-Wheeler,15.68296937531738,11,0,27.3987151855685,10.15
2025-03-05 03:30:00,Two-Wheeler,34.99306851039368,11,3,22.662449819040646,10.44
2025-03-05 03:45:00,Bus,30.894744284583147,50,5,19.899602304794712,8.66
2025-03-05 04:00:00,Two-Wheeler,42.871203267187006,11,0,28.312285926574404,6.28
2025-03-05 04:15:00,Bus,15.249331202881951,7,1,26.314654818706575,13.39
2025-03-05 04:30:00,Two-Wheeler,39.448054898708584,11,0,10.156609810057889,5.92
2025-03-05 04:45:00,Car,75.14842709761697,22,1,16.325012668437815,14.22
2025-03-05 05:00:00,Car,19.926139497868387,22,1,13.908565165897542,11.57
2025-03-05 05:15:00,Car,20.115008212784755,50,3,29.700027340270104,10.85
2025-03-05 05:30:00,Car,22.481133824518913,7,7,21.146463035633367,8.82
2025-03-05 05:45:00,Car,47.949772554793306,50,6,30.386923173723293,5.92
2025-03-05 06:00:00,Two-Wheeler,19.493743363537543,22,0,19.268492387817687,5.37
2025-03-05 06:15:00,Car,57.072977864800265,22,0,13.375754553283606,7.85
2025-03-05 06:30:00,Bus,30.626198587688165,22,6,31.892892775569756,5.49
2025-03-05 06:45:00,Two-Wheeler,21.066577897937012,7,4,32.230928672924406,11.25
2025-03-05 07:00:00,Car,19.93957671176898,7,5,87.23341154108016,10.74
2025-03-05 07:15:00,Bus,48.59981401779296,11,3,90.56698204259791,9.53
2025-03-05 07:30:00,Bus,75.5906996825003,50,6,93.81117001695264,12.19
2025-03-05 07:45:00,Car,18.08949578331375,7,5,94.20314471940821,10.27
2025-03-05 08:00:00,Two-Wheeler,25.204416347334305,7,7,69.4530792244889,14.3
2025-03-05 08:15:00,Two-Wheeler,19.60806140797865,22,1,61.001901557978314,8.7
2025-03-05 08:30:00,Bus,25.362406287379414,11,1,83.4015717173112,13.88
2025-03-05 08:45:00,Car,56.75783167621892,11,1,96.21433861094229,8.8
2025-03-05 09:00:00,Bus,48.370900088803204,7,7,81.58395250935062,13.33
2025-03-05 09:15:00,Car,25.49423916167784,7,6,81.57871753031573,8.97
2025-03-05 09:30:00,Bus,24.958685969428778,11,1,76.38569131611938,14.6
2025-03-05 09:45:00,Bus,51.68825789227075,11,4,78.1137988730003,10.84
2025-03-05 10:00:00,Bus,41.27181705821577,11,7,73.862485075451,7.0
2025-03-05 10:15:00,Car,20.794143673563802,50,0,79.79683812901172,13.61
2025-03-05 10:30:00,Two-Wheeler,43.94304706511298,7,5,77.60865668454156,7.44
2025-03-05 10:45:00,Car,61.637775847777775,7,5,74.09062289476105,7.3
2025-03-05 11:00:00,Two-Wheeler,39.82405829486176,22,5,47.72771216843653,5.39
2025-03-05 11:15:00,Car,66.30458532905193,11,6,37.4053858940503,11.05
2025-03-05 11:30:00,Bus,40.384440317323275,11,6,37.784396942692496,13.25
2025-03-05 11:45:00,Two-Wheeler,65.18056442465333,7,9,43.942139383244054,6.57
2025-03-05 12:00:00,Two-Wheeler,44.67208580247495,7,3,62.378578842230795,9.48
2025-03-05 12:15:00,Car,50.4560634148645,11,2,51.66693759694054,13.63
2025-03-05 12:30:00,Bus,78.09272444279925,11,6,57.27288171042815,12.32
2025-03-05 12:45:00,Car,82.53431001038511,50,8,66.11630412026179,14.99
2025-03-05 13:00:00,Two-Wheeler,65.7605946904617,22,3,52.46545177604136,11.5
2025-03-05 13:15:00,Two-Wheeler,14.713121901061148,7,1,43.64391021579797,5.26
2025-03-05 13:30:00,Bus,25.747116694969797,11,3,45.49540894715922,5.89
2025-03-05 13:45:00,Car,12.898873132151097,11,7,56.26920116332906,9.02
2025-03-05 14:00:00,Car,26.652896728149322,50,8,60.49278711539738,11.94
2025-03-05 14:15:00,Two-Wheeler,36.44368135834622,50,6,64.81937702662208,11.5
2025-03-05 14:30:00,Bus,28.599477337274784,22,8,64.00392005148719,13.1
2025-03-05 14:45:00,Car,18.210576636377084,22,0,30.912405696643432,8.71
2025-03-05 15:00:00,Car,44.16235285076326,11,4,36.607133727591496,9.02
2025-03-05 15:15:00,Car,11.7924240199572,22,9,47.90999703965471,9.91
2025-03-05 15:30:00,Bus,12.25195298611626,11,4,41.88157561863556,12.04
2025-03-05 15:45:00,Car,30.00323602402384,22,2,59.101133552272145,7.0
2025-03-05 16:00:00,Two-Wheeler,47.2859434181501,7,1,42.75383690442793,11.2
2025-03-05 16:15:00,Bus,32.67038120590199,7,0,45.57146578018045,8.64
2025-03-05 16:30:00,Bus,22.493749639236448,7,7,59.10473730098419,9.67
2025-03-05 16:45:00,Bus,16.45221919941345,11,0,33.886409499698786,14.96
2025-03-05 17:00:00,Bus,73.11677495679874,11,6,85.24057974831476,10.99
2025-03-05 17:15:00,Bus,29.29184485506824,11,8,72.21277816635956,12.72
2025-03-05 17:30:00,Car,40.78656942594754,50,0,99.45122420602378,13.39
2025-03-05 17:45:00,Car,23.283784044940038,22,8,100.0,7.66
2025-03-05 18:00:00,Two-Wheeler,46.8835494891347,22,6,90.16685815812802,7.01
2025-03-05 18:15:00,Two-Wheeler,24.63228767217402,22,3,79.13944962301491,6.05
2025-03-05 18:30:00,Car,54.986426466264106,7,6,70.44779626769113,8.23
2025-03-05 18:45:00,Two-Wheeler,27.216119172887485,11,7,93.5320890419187,8.49
2025-03-05 19:00:00,Two-Wheeler,62.11935415229389,22,2,71.8839187705523,9.73
2025-03-05 19:15:00,Car,21.291685260211658,7,3,78.37011889009261,14.72
2025-03-05 19:30:00,Two-Wheeler,27.993213107946026,7,3,80.21258602935033,10.41
2025-03-05 19:45:00,Car,46.8278650840023,7,3,63.06798888024441,14.3
2025-03-05 20:00:00,Car,33.27977936063123,11,9,94.44752937780117,11.5
2025-03-05 20:15:00,Car,11.749625292899152,11,9,70.00360033482451,9.48
2025-03-05 20:30:00,Two-Wheeler,58.17626240209724,7,8,87.31106133480297,5.32
2025-03-05 20:45:00,Bus,60.73154824006816,22,6,70.67681378266548,9.34
2025-03-05 21:00:00,Car,63.64122857068648,22,7,83.06507914412595,13.43
2025-03-05 21:15:00,Two-Wheeler,80.7597253183707,22,3,93.90614762386002,9.04
2025-03-05 21:30:00,Bus,54.79706926732318,11,3,90.75056864827093,6.81
2025-03-05 21:45:00,Two-Wheeler,21.523217574707655,11,6,87.1141641476646,13.36
2025-03-05 22:00:00,Two-Wheeler,30.87036850934995,22,4,27.450792345551747,6.27
2025-03-05 22:15:00,Car,48.5704143679594,22,2,18.640983325759464,11.9
2025-03-05 22:30:00,Two-Wheeler,23.254174031234008,22,2,30.21447957963403,9.42
2025-03-05 22:45:00,Car,40.99154947211285,50,6,24.333071992728993,11.12
2025-03-05 23:00:00,Car,57.19104671314468,50,6,26.556041024125747,12.73
2025-03-05 23:15:00,Two-Wheeler,46.51555165330171,7,0,16.31307263887885,12.27
2025-03-05 23:30:00,Car,31.92442678302973,22,5,16.2381177055301,13.79
2025-03-05 23:45:00,Bus,53.10919510393319,11,3,24.4489839390734,7.88
2025-03-06 00:00:00,Two-Wheeler,47.11304343152213,50,2,15.686836254642603,11.75
2025-03-06 00:15:00,Bus,33.06907056402261,22,4,32.33177406399091,11.58
2025-03-06 00:30:00,Car,37.52526993191579,22,8,35.41054143641817,13.18
2025-03-06 00:45:00,Two-Wheeler,28.669029165179115,22,9,20.885974974458954,10.43
2025-03-06 01:00:00,Bus,20.654676973221562,50,6,29.66294190610931,8.8
2025-03-06 01:15:00,Bus,17.471986184761654,11,1,15.836648586698972,13.34
2025-03-06 01:30:00,Bus,44.872164211560765,11,4,24.215911725034783,9.93
2025-03-06 01:45:00,Two-Wheeler,29.770469654624048,22,6,29.792278302301153,13.08
2025-03-06 02:00:00,Two-Wheeler,41.92909325745967,50,9,30.443533900259574,6.98
2025-03-06 02:15:00,Bus,29.53500860550506,7,3,32.76989225998954,5.88
2025-03-06 02:30:00,Bus,41.87280364151071,22,3,23.749171761698648,13.68
2025-03-06 02:45:00,Bus,80.72690387160773,50,6,20.42306102954423,11.69
2025-03-06 03:00:00,Car,37.43767726622906,50,6,32.74042071337496,8.48
2025-03-06 03:15:00,Two-Wheeler,31.2523366920782,22,4,26.214621379364925,13.56
2025-03-06 03:30:00,Bus,16.925384841152912,50,3,21.6750617145728,12.91
2025-03-06 03:45:00,Car,44.551799702565134,11,8,32.290454692267716,14.57
2025-03-06 04:00:00,Car,25.175773189724808,50,8,27.351089062814676,10.36
2025-03-06 04:15:00,Car,29.61437003811179,7,2,16.155723892909833,13.72
2025-03-06 04:30:00,Two-Wheeler,36.23975035803955,50,6,33.10367094675536,8.4
2025-03-06 04:45:00,Two-Wheeler,51.167377862572685,11,7,35.39763242127192,9.05
2025-03-06 05:00:00,Car,76.71105173771512,11,5,22.12942136742637,9.34
2025-03-06 05:15:00,Car,16.808334638417758,11,2,30.2993606272179,5.51
2025-03-06 05:30:00,Two-Wheeler,61.042987095902696,22,2,14.900972627139701,13.47
2025-03-06 05:45:00,Car,17.627154088702138,7,11,32.05519844830295,9.08
2025-03-06 06:00:00,Two-Wheeler,47.33877793770997,11,2,23.013398221670254,12.21
2025-03-06 06:15:00,Bus,30.54099875225359,7,5,33.139606274021645,13.93
2025-03-06 06:30:00,Two-Wheeler,19.236791608729362,11,8,21.946009862790532,11.76
2025-03-06 06:45:00,Bus,18.702614505164558,7,7,30.605728416929356,14.26
2025-03-06 07:00:00,Bus,24.4291922109538,22,0,87.90870497634474,8.6
2025-03-06 07:15:00,Two-Wheeler,21.932872117869362,11,6,75.70069903397723,14.86
2025-03-06 07:30:00,Two-Wheeler,38.50918273487092,7,1,62.221018392951784,11.47
2025-03-06 07:45:00,Car,22.045072682704134,7,7,67.65731492072348,12.27
2025-03-06 08:00:00,Bus,27.677144301895922,50,2,64.68970793059647,8.02
2025-03-06 08:15:00,Bus,19.39134265526637,22,7,71.24348694383532,8.73
2025-03-06 08:30:00,Two-Wheeler,12.513864684717278,11,8,77.8506529893325,14.67
2025-03-06 08:45:00,Bus,20.48567346472777,22,6,100.0,8.36
2025-03-06 09:00:00,Bus,24.355834826165058,11,7,100.0,12.24
2025-03-06 09:15:00,Two-Wheeler,16.1779115038851,22,3,79.53258779773918,10.93
2025-03-06 09:30:00,Car,66.11933893855789,22,7,80.8124793624172,11.11
2025-03-06 09:45:00,Two-Wheeler,35.01776856731281,11,10,96.07428468752222,6.6
2025-03-06 10:00:00,Bus,58.35839347084003,22,0,95.51488814259632,5.69
2025-03-06 10:15:00,Car,51.451051650069964,22,8,100.0,8.72
2025-03-06 10:30:00,Bus,71.08363774095322,11,6,98.3478469754001,5.6
2025-03-06 10:45:00,Car,15.595812536970744,22,7,89.17074024487742,5.62
2025-03-06 11:00:00,Car,12.639597894366648,11,1,56.836735354381716,5.98
2025-03-06 11:15:00,Bus,21.77805967581039,50,1,58.43252035932423,11.35
2025-03-06 11:30:00,Two-Wheeler,34.18514033267128,22,0,41.21035967293422,5.6
2025-03-06 11:45:00,Car,18.749244616358553,50,0,38.41467803563458,14.58
2025-03-06 12:00:00,Car,16.635682356478792,11,5,40.030584460523244,8.1
2025-03-06 12:15:00,Car,17.218951231930745,7,8,41.987143147077816,9.74
2025-03-06 12:30:00,Bus,35.73426177394794,7,6,48.38916463298435,14.76
2025-03-06 12:45:00,Car,12.550870448108297,22,0,58.08144593098653,6.3
2025-03-06 13:00:00,Bus,20.631835011382677,7,5,38.034848213645304,13.99
2025-03-06 13:15:00,Bus,59.841880433839854,11,8,39.159214427879306,11.67
2025-03-06 13:30:00,Two-Wheeler,39.017098844957566,50,4,35.69442711690576,8.9
2025-03-06 13:45:00,Car,55.432567030212084,22,5,36.024623369654236,6.72
2025-03-06 14:00:00,Two-Wheeler,13.43637317774581,50,1,44.73452034953289,6.7
2025-03-06 14:15:00,Bus,52.478986212222445,50,6,36.70438960943251,9.56
2025-03-06 14:30:00,Bus,27.433190551819447,11,11,50.323535807562756,13.67
2025-03-06 14:45:00,Bus,29.729014081754464,22,9,43.153201057021164,14.29
2025-03-06 15:00:00,Two-Wheeler,21.04069506103228,7,0,44.73200698677407,13.97
2025-03-06 15:15:00,Bus,51.24709035344252,22,7,57.46225463276271,8.56
2025-03-06 15:30:00,Car,48.51713301309151,22,7,64.0044157750807,9.02
2025-03-06 15:45:00,Car,41.77388305809177,7,0,32.40312385202417,11.33
2025-03-06 16:00:00,Car,51.92376717919489,7,3,44.82220244716936,5.79
2025-03-06 16:15:00,Car,31.708261362788424,22,2,50.23944313622448,8.89
2025-03-06 16:30:00,Bus,30.403056963959227,50,2,44.071908968618295,13.89
2025-03-06 16:45:00,Two-Wheeler,76.59187802504965,11,2,39.28821614570061,10.66
2025-03-06 17:00:00,Car,29.04141534446407,11,10,100.0,7.99
2025-03-06 17:15:00,Bus,37.75262031773618,50,1,90.0450871840759,9.51
2025-03-06 17:30:00,Car,56.089077114468076,11,10,100.0,10.17
2025-03-06 17:45:00,Two-Wheeler,34.592131372699654,22,5,77.07718138901316,14.58
2025-03-06 18:00:00,Car,31.080304911120777,7,3,100.0,11.29
2025-03-06 18:15:00,Bus,59.02051996787907,11,0,72.4426958973928,7.14
2025-03-06 18:30:00,Car,68.22206388731988,22,6,90.33655471248679,11.03
2025-03-06 18:45:00,Car,27.662361073830137,50,4,80.67377749663014,7.48
2025-03-06 19:00:00,Car,16.82217483332593,11,9,95.64310516829914,9.13
2025-03-06 19:15:00,Two-Wheeler,60.7869909044919,50,5,94.50547902486755,8.16
2025-03-06 19:30:00,Bus,58.38929935194675,22,2,64.95392292441184,10.66
2025-03-06 19:45:00,Two-Wheeler,50.58673473909919,11,5,89.41916663862813,6.98
2025-03-06 20:00:00,Car,20.138730105064422,50,8,77.77582218401226,10.49
2025-03-06 20:15:00,Bus,43.182042737464144,11,5,94.5702864671085,13.3
2025-03-06 20:30:00,Two-Wheeler,55.712322705554215,7,4,94.5594287836164,9.13
2025-03-06 20:45:00,Bus,12.585878882604609,22,5,96.77514476660218,8.32
2025-03-06 21:00:00,Two-Wheeler,87.48699183758018,7,2,84.46905601818628,14.11
2025-03-06 21:15:00,Car,25.69335654103392,7,6,88.16295773414078,14.56
2025-03-06 21:30:00,Bus,49.36492404772718,50,8,82.95400504650166,10.49
2025-03-06 21:45:00,Two-Wheeler,18.94141768675156,7,1,84.21230133585942,12.12
2025-03-06 22:00:00,Car,62.10504493105603,50,6,26.124512617636896,12.42
2025-03-06 22:15:00,Car,28.599826836784743,50,3,19.879537015762736,13.7
2025-03-06 22:30:00,Car,22.908911279289995,22,2,23.2410482789872,6.1
2025-03-06 22:45:00,Car,70.52436929031316,50,3,22.36935167072858,6.59
2025-03-06 23:00:00,Car,52.26827957245683,22,7,20.094790898726558,5.84
2025-03-06 23:15:00,Two-Wheeler,52.81150762868627,11,2,30.302399848422137,14.65
2025-03-06 23:30:00,Two-Wheeler,31.638509321301683,7,1,30.35359602649767,7.65
2025-03-06 23:45:00,Bus,49.7880218096958,50,6,21.43264317455862,13.03
2025-03-07 00:00:00,Car,62.58248834467914,22,4,27.76140090297428,11.08
2025-03-07 00:15:00,Car,45.68622325506707,22,4,14.63851086793617,12.65
2025-03-07 00:30:00,Two-Wheeler,49.458499421309185,7,8,34.00185743777162,10.79
2025-03-07 00:45:00,Car,18.78845043338016,7,2,22.883760008899085,5.03
2025-03-07 01:00:00,Two-Wheeler,25.788122893528257,50,3,28.636082150133745,12.91
2025-03-07 01:15:00,Bus,67.3977955694587,11,0,20.835140393202323,12.65
2025-03-07 01:30:00,Bus,35.08581032004139,22,6,16.306743636851245,12.18
2025-03-07 01:45:00,Car,49.878269740951936,7,0,12.29790672757881,5.51
2025-03-07 02:00:00,Two-Wheeler,16.71447142839255,50,7,17.063192793903504,5.16
2025-03-07 02:15:00,Two-Wheeler,84.79484609429734,22,2,31.897564501365828,9.1
2025-03-07 02:30:00,Two-Wheeler,18.097262265380667,50,2,28.7367191858556,14.53
2025-03-07 02:45:00,Two-Wheeler,36.064413568319985,11,4,16.939949686309298,6.57
2025-03-07 03:00:00,Two-Wheeler,26.95669205063798,11,7,32.38336301797997,7.73
2025-03-07 03:15:00,Car,42.524645190399234,22,10,20.292573677647123,8.35
2025-03-07 03:30:00,Bus,74.11335159513484,7,6,29.505592942897103,11.43
2025-03-07 03:45:00,Bus,48.90820522117471,22,7,23.299838338640193,14.94
2025-03-07 04:00:00,Car,36.72716088690097,50,3,30.487333706836445,7.53
2025-03-07 04:15:00,Bus,23.780356205404466,11,4,29.186364720616258,9.49
2025-03-07 04:30:00,Car,24.928341176070624,7,3,26.641686371510993,12.69
2025-03-07 04:45:00,Car,20.39941556188511,50,7,28.325604133324386,12.12
2025-03-07 05:00:00,Car,35.14797512489776,7,3,20.10429125903663,14.87
2025-03-07 05:15:00,Car,50.21015938054762,7,8,26.439996199479303,5.56
2025-03-07 05:30:00,Two-Wheeler,65.18470253799518,11,4,14.924390499311219,7.42
2025-03-07 05:45:00,Two-Wheeler,22.47361809533642,11,1,25.269604205945644,9.41
2025-03-07 06:00:00,Bus,20.476704510879273,50,7,17.600033363238406,11.66
2025-03-07 06:15:00,Car,13.82984770777282,11,6,26.069423016198186,12.61
2025-03-07 06:30:00,Two-Wheeler,50.07329155981567,22,7,21.88902505403658,14.43
2025-03-07 06:45:00,Two-Wheeler,61.99886203508193,22,7,35.41021923095101,12.09
2025-03-07 07:00:00,Bus,29.96856254731165,7,5,76.42697223132102,6.77
2025-03-07 07:15:00,Two-Wheeler,48.268747956556446,11,4,66.50916800978452,8.1
2025-03-07 07:30:00,Car,26.53989950956078,7,3,90.96248530883258,5.99
2025-03-07 07:45:00,Car,24.238401281717422,50,12,88.50198640009098,12.49
2025-03-07 08:00:00,Two-Wheeler,13.065766772703924,50,4,99.01339659196347,5.77
2025-03-07 08:15:00,Car,32.54029222870687,11,6,88.56469080336652,14.02
2025-03-07 08:30:00,Car,57.27264040634753,50,5,95.71103785994492,9.39
2025-03-07 08:45:00,Two-Wheeler,19.850636455190653,50,6,89.22750823130394,9.04
2025-03-07 09:00:00,Car,33.31625516013274,7,4,71.07184377548103,7.82
2025-03-07 09:15:00,Two-Wheeler,59.155932011627556,50,3,96.78998250120725,6.05
2025-03-07 09:30:00,Bus,41.8555150320941,11,0,92.47221804672208,6.82
2025-03-07 09:45:00,Bus,17.270616698346515,11,1,82.46760659127591,9.38
2025-03-07 10:00:00,Car,82.3340155731307,11,5,77.65300510202198,13.07
2025-03-07 10:15:00,Two-Wheeler,39.91355340908776,22,2,65.79430184455919,8.15
2025-03-07 10:30:00,Two-Wheeler,78.3664568756848,7,6,99.86103791168091,12.38
2025-03-07 10:45:00,Car,53.13302816825709,50,3,71.85222648384685,10.86
2025-03-07 11:00:00,Bus,44.71614997094363,7,3,61.806482559269874,11.7
2025-03-07 11:15:00,Bus,79.99163555149713,50,6,56.037429362371896,8.6
2025-03-07 11:30:00,Bus,18.83673819412197,11,6,48.15728766106783,5.41
2025-03-07 11:45:00,Bus,50.76217550764171,22,5,39.56884844469281,6.47
2025-03-07 12:00:00,Bus,24.906520896465164,7,6,46.325483701233935,11.66
2025-03-07 12:15:00,Car,22.0044115700834,11,8,49.270048212074784,5.39
2025-03-07 12:30:00,Car,48.17122823652506,22,2,35.192865242282366,7.42
2025-03-07 12:45:00,Car,30.534666269112503,22,6,38.590787359078945,14.04
2025-03-07 13:00:00,Bus,31.645249019617122,22,0,49.62652281313223,10.03
2025-03-07 13:15:00,Two-Wheeler,12.058771906414927,11,7,39.80910814436331,12.55
2025-03-07 13:30:00,Bus,18.89321022870339,22,9,64.82630474383225,9.44
2025-03-07 13:45:00,Car,23.41301032216186,7,3,56.373463011608195,7.91
2025-03-07 14:00:00,Car,58.14742867110412,7,5,58.60640466862401,14.93
2025-03-07 14:15:00,Two-Wheeler,82.79023617136089,22,10,67.05402025766463,5.49
2025-03-07 14:30:00,Car,51.32816237855833,11,8,42.62512342915211,8.63
2025-03-07 14:45:00,Car,57.69403389585768,11,0,43.83475401311306,10.02
2025-03-07 15:00:00,Bus,48.655978612209786,50,5,54.85756789328576,5.1
2025-03-07 15:15:00,Two-Wheeler,34.206698929378454,50,1,45.86459575797961,7.46
2025-03-07 15:30:00,Two-Wheeler,13.726801456544443,22,9,51.376966928377485,12.63
2025-03-07 15:45:00,Car,66.22046064425024,50,6,40.20926517975208,7.63
2025-03-07 16:00:00,Two-Wheeler,21.52622368077563,22,0,59.76721358897957,10.15
2025-03-07 16:15:00,Car,34.88121065762464,11,4,56.95396205224722,11.94
2025-03-07 16:30:00,Car,86.01991031116029,11,3,50.08760837461716,7.13
2025-03-07 16:45:00,Bus,49.47504852537673,22,5,59.64627786380685,12.3
2025-03-07 17:00:00,Car,75.51608068266485,50,10,94.26245301792213,13.67
2025-03-07 17:15:00,Car,49.05900911312162,11,2,73.62270901001393,6.79
2025-03-07 17:30:00,Bus,21.76573175243659,50,6,88.5669888079307,12.39
2025-03-07 17:45:00,Bus,64.97025880560112,50,3,67.34220713453527,9.26
2025-03-07 18:00:00,Two-Wheeler,68.83487144628512,7,4,66.94981782931517,11.47
2025-03-07 18:15:00,Car,32.383004137331596,7,4,80.5397328025493,12.08
2025-03-07 18:30:00,Bus,12.67554651274408,7,6,96.90413977985904,7.43
2025-03-07 18:45:00,Bus,18.125785444435383,50,1,97.3334690527551,9.5
2025-03-07 19:00:00,Two-Wheeler,53.51668808475044,50,5,70.52227645164837,11.75
2025-03-07 19:15:00,Two-Wheeler,59.084171031406335,11,4,76.23406811800096,14.38
2025-03-07 19:30:00,Car,16.504358596530032,50,0,81.60279681881684,7.71
2025-03-07 19:45:00,Two-Wheeler,42.184663683119965,11,4,99.27486000114256,6.27
2025-03-07 20:00:00,Car,62.50638111900918,11,11,100.0,9.53
2025-03-07 20:15:00,Bus,51.23227918090379,50,2,92.14107132318053,14.55
2025-03-07 20:30:00,Bus,38.01343416469825,50,3,98.16100155747539,5.35
2025-03-07 20:45:00,Two-Wheeler,32.357034367792764,7,6,88.58965880903226,10.34
2025-03-07 21:00:00,Car,43.885711695828576,50,3,71.21176124279086,13.91
2025-03-07 21:15:00,Two-Wheeler,58.02427813330256,11,0,93.15691361027066,8.32
2025-03-07 21:30:00,Bus,16.123762717603782,11,3,84.30934274386487,9.86
2025-03-07 21:45:00,Bus,14.763364120444864,50,8,86.85518514911512,5.29
2025-03-07 22:00:00,Car,41.191354338525386,22,3,27.776524484756223,7.17
2025-03-07 22:15:00,Two-Wheeler,22.54985113149625,7,5,15.924272032947389,13.12
2025-03-07 22:30:00,Car,23.000662192309655,22,3,23.063801672717986,5.45
2025-03-07 22:45:00,Two-Wheeler,61.74449175778434,7,5,16.99228065886187,11.61
2025-03-07 23:00:00,Bus,52.40024046605036,22,3,32.84522980153773,7.72
2025-03-07 23:15:00,Two-Wheeler,74.64770977251146,11,7,36.03455822111265,13.17
2025-03-07 23:30:00,Bus,11.419602502940737,11,4,25.24222775760094,11.15
2025-03-07 23:45:00,Two-Wheeler,34.59108268585834,50,4,31.237137553272078,14.02
2025-03-08 00:00:00,Car,41.781046917420625,22,3,15.373987792284149,7.73
2025-03-08 00:15:00,Two-Wheeler,44.19292064566321,22,4,32.3321126627598,14.92
2025-03-08 00:30:00,Two-Wheeler,25.799999141113272,7,1,22.19512451112507,14.97
2025-03-08 00:45:00,Car,73.0271044630152,22,1,14.01079920253267,14.73
2025-03-08 01:00:00,Two-Wheeler,22.033423808708804,50,3,25.511081105434066,8.65
2025-03-08 01:15:00,Bus,69.31528637480997,50,5,15.918559580050186,13.26
2025-03-08 01:30:00,Two-Wheeler,46.826886957944104,22,5,27.166797859981997,8.46
2025-03-08 01:45:00,Two-Wheeler,16.3420001540701,22,3,15.160950053776974,9.15
2025-03-08 02:00:00,Bus,54.72252568996239,22,8,21.700580497141537,13.56
2025-03-08 02:15:00,Bus,39.599735434141586,22,1,22.387459287734067,8.74
2025-03-08 02:30:00,Bus,11.764254047581801,50,1,15.247967336243567,7.51
2025-03-08 02:45:00,Two-Wheeler,16.362645465422055,7,4,21.920688290704497,13.93
2025-03-08 03:00:00,Two-Wheeler,31.457012227720583,22,4,15.373581458156952,5.98
2025-03-08 03:15:00,Bus,16.900376610059055,11,6,33.81354655569052,13.65
2025-03-08 03:30:00,Two-Wheeler,65.18805171782947,11,6,28.98670855516246,11.51
2025-03-08 03:45:00,Car,22.79501348929604,50,1,23.044983396168654,14.75
2025-03-08 04:00:00,Two-Wheeler,61.11577796060801,7,7,30.082641389648828,7.01
2025-03-08 04:15:00,Two-Wheeler,17.49594511943875,22,3,30.829548181441904,10.55
2025-03-08 04:30:00,Two-Wheeler,42.48570720769954,50,8,34.19969140946475,14.66
2025-03-08 04:45:00,Two-Wheeler,22.250552717166435,50,6,21.327463689269496,12.28
2025-03-08 05:00:00,Two-Wheeler,48.775063936655705,7,6,33.30090708237171,11.14
2025-03-08 05:15:00,Two-Wheeler,51.43371252210111,50,3,27.960440707854417,7.65
2025-03-08 05:30:00,Two-Wheeler,48.06798348086069,50,0,14.385329884231691,10.14
2025-03-08 05:45:00,Bus,24.28783958925811,11,4,17.922990554046415,14.58
2025-03-08 06:00:00,Car,28.82675638777531,50,1,11.313013044642865,14.93
2025-03-08 06:15:00,Two-Wheeler,58.0722075751125,50,4,27.751586252646135,6.31
2025-03-08 06:30:00,Car,60.01340427772857,50,0,28.33779512487798,14.79
2025-03-08 06:45:00,Car,31.065910194579722,22,5,17.711765014023587,6.21
2025-03-08 07:00:00,Bus,64.73305349538762,11,8,89.20505089051188,11.09
2025-03-08 07:15:00,Two-Wheeler,32.92667266554365,22,3,88.10046595779137,14.8
2025-03-08 07:30:00,Bus,33.77131927141983,11,5,65.5211484360069,7.53
2025-03-08 07:45:00,Car,43.447018208865565,7,5,81.04655752325016,6.02
2025-03-08 08:00:00,Car,46.337905430095724,7,8,79.7434432407998,13.42
2025-03-08 08:15:00,Bus,47.88298896754316,50,5,82.5337901746302,8.73
2025-03-08 08:30:00,Two-Wheeler,16.73572853321333,7,4,80.40619059916096,11.46
2025-03-08 08:45:00,Car,59.731953647755,22,0,62.21709002136987,12.54
2025-03-08 09:00:00,Two-Wheeler,16.181479512758276,22,5,86.81564057137885,9.99
2025-03-08 09:15:00,Two-Wheeler,27.094895375061824,11,1,79.10669081112103,6.3
2025-03-08 09:30:00,Two-Wheeler,40.76831943586752,22,6,83.57086283553191,13.43
2025-03-08 09:45:00,Two-Wheeler,20.522772264536837,50,5,93.42971390482903,13.24
2025-03-08 10:00:00,Bus,52.737390250519574,50,0,63.443327840970824,11.57
2025-03-08 10:15:00,Car,42.64086248435207,7,2,86.48663157313261,14.78
2025-03-08 10:30:00,Bus,22.408700060066547,11,7,100.0,11.88
2025-03-08 10:45:00,Two-Wheeler,34.79392665449579,11,2,75.29466481458704,5.53
2025-03-08 11:00:00,Two-Wheeler,32.677110998336204,22,7,48.26899907384988,5.4
2025-03-08 11:15:00,Two-Wheeler,12.408249439837826,22,1,47.40714912619924,7.91
2025-03-08 11:30:00,Two-Wheeler,12.443514624449595,11,2,58.53497916317247,9.6
2025-03-08 11:45:00,Bus,52.82316877778961,50,5,60.29892672296859,6.18
2025-03-08 12:00:00,Car,23.470050973266808,7,4,59.76807473756434,8.58
2025-03-08 12:15:00,Bus,27.332422493596667,22,5,63.67291417050353,10.28
2025-03-08 12:30:00,Bus,30.159404863649137,11,0,55.07961254069106,14.91
2025-03-08 12:45:00,Two-Wheeler,14.58916782309612,50,5,59.37236488803839,13.34
2025-03-08 13:00:00,Bus,71.85758118579263,7,8,42.378705024289744,10.72
2025-03-08 13:15:00,Bus,15.04016777304055,11,3,37.69362953859367,6.23
2025-03-08 13:30:00,Bus,47.055181227311216,11,10,58.90561532099714,10.57
2025-03-08 13:45:00,Car,17.483827139821884,50,2,47.726433742148714,9.52
2025-03-08 14:00:00,Car,16.47642035056137,50,6,53.73936469091191,12.16
2025-03-08 14:15:00,Two-Wheeler,28.579289839869418,50,14,44.575684835894386,13.33
2025-03-08 14:30:00,Two-Wheeler,45.74413610457238,50,2,53.57001486582469,6.28
2025-03-08 14:45:00,Two-Wheeler,18.254496528764562,11,3,34.2613248559137,13.85
2025-03-08 15:00:00,Bus,49.409777971467015,7,0,33.360247090669674,11.4
2025-03-08 15:15:00,Bus,11.951718226449739,50,6,46.59832877552459,14.92
2025-03-08 15:30:00,Car,25.893709674792,50,4,57.68544076430249,8.89
2025-03-08 15:45:00,Two-Wheeler,62.16549761928378,22,3,58.74669986376857,5.06
2025-03-08 16:00:00,Car,25.072535560011545,7,2,52.53214239261419,12.14
2025-03-08 16:15:00,Two-Wheeler,16.29229048587217,7,7,52.73641072338207,10.6
2025-03-08 16:30:00,Car,67.51216301566328,11,7,51.15674614041676,10.76
2025-03-08 16:45:00,Bus,30.440827907593683,7,3,42.41893463705891,8.22
2025-03-08 17:00:00,Car,19.55747030704934,22,7,97.8758545319916,9.67
2025-03-08 17:15:00,Two-Wheeler,28.04281550017649,7,6,73.91181688867462,10.13
2025-03-08 17:30:00,Bus,68.83396517409035,22,4,100.0,8.18
2025-03-08 17:45:00,Bus,54.81173257164948,7,5,75.35910479927577,10.92
2025-03-08 18:00:00,Two-Wheeler,30.19560388723383,22,1,84.94568264428669,14.79
2025-03-08 18:15:00,Bus,18.085499526508237,11,3,100.0,8.33
2025-03-08 18:30:00,Two-Wheeler,8.3472423070502,50,0,77.3024474230901,5.02
2025-03-08 18:45:00,Bus,82.19813827210577,7,7,92.0876979225965,5.26
2025-03-08 19:00:00,Bus,23.642619453389724,11,7,75.54597195216837,11.21
2025-03-08 19:15:00,Two-Wheeler,61.279432080189586,22,11,100.0,5.4
2025-03-08 19:30:00,Bus,14.778643362846474,7,3,77.89732441926523,6.73
2025-03-08 19:45:00,Two-Wheeler,26.35360243508227,11,4,100.0,10.57
2025-03-08 20:00:00,Bus,17.50537376937769,50,0,97.88584025462566,8.89
2025-03-08 20:15:00,Two-Wheeler,10.928575372340253,50,3,92.5112180275986,6.23
2025-03-08 20:30:00,Two-Wheeler,43.10453039779073,22,1,76.81818190125709,13.35
2025-03-08 20:45:00,Two-Wheeler,43.94123165332314,11,7,85.42056769950955,5.36
2025-03-08 21:00:00,Car,69.83790874120064,7,7,90.0433500850097,10.36
2025-03-08 21:15:00,Two-Wheeler,20.81569028529929,7,7,97.86240528162381,8.53
2025-03-08 21:30:00,Two-Wheeler,49.690354677508964,22,4,64.94518460435886,8.29
2025-03-08 21:45:00,Two-Wheeler,23.697183109865723,22,3,64.56216213696283,14.89
2025-03-08 22:00:00,Bus,25.205877793474908,7,2,14.989193449939423,10.18
2025-03-08 22:15:00,Bus,50.17048800096225,22,3,16.708835684385853,14.97
2025-03-08 22:30:00,Two-Wheeler,49.956216866363995,7,3,13.996620623114492,9.64
2025-03-08 22:45:00,Bus,86.60251703469709,50,9,28.58411334947326,11.86
2025-03-08 23:00:00,Two-Wheeler,22.952840761931213,7,1,29.527290272192044,11.27
2025-03-08 23:15:00,Two-Wheeler,26.296452701821277,50,3,13.575970839355142,10.3
2025-03-08 23:30:00,Two-Wheeler,33.09119252465834,50,5,26.236040093810182,14.17
2025-03-08 23:45:00,Bus,25.76828648533596,22,2,12.917053044387675,5.9
2025-03-09 00:00:00,Car,34.749148482538416,22,4,19.335541441726033,9.71
2025-03-09 00:15:00,Two-Wheeler,52.19309415692596,11,3,28.770428058547278,14.59
2025-03-09 00:30:00,Car,48.76783506382947,7,6,16.302437809047202,6.11
2025-03-09 00:45:00,Two-Wheeler,20.872625841352793,22,7,31.578577988654253,13.31
2025-03-09 01:00:00,Bus,16.309792334964875,11,3,17.210026516419887,14.58
2025-03-09 01:15:00,Two-Wheeler,19.461553629901008,7,4,15.919377792398105,10.04
2025-03-09 01:30:00,Car,28.049190394380968,22,4,15.16162079520797,7.29
2025-03-09 01:45:00,Car,38.95050075789821,11,1,12.413684851838646,6.89
2025-03-09 02:00:00,Car,80.65789525635918,50,8,28.77653518458937,14.31
2025-03-09 02:15:00,Two-Wheeler,17.504865294720005,50,5,29.25450257103943,5.37
2025-03-09 02:30:00,Two-Wheeler,22.505722855174405,11,7,25.07983702529566,14.91
2025-03-09 02:45:00,Two-Wheeler,38.17575635215155,50,6,20.769976978394112,10.21
2025-03-09 03:00:00,Car,56.43463959951376,7,1,21.847913054718866,6.14
2025-03-09 03:15:00,Bus,41.652107940456304,7,1,21.504311379882765,6.07
2025-03-09 03:30:00,Two-Wheeler,34.38777744848353,7,7,32.65076005809931,12.9
2025-03-09 03:45:00,Bus,38.169710906578224,50,3,22.908280563338092,5.53
2025-03-09 04:00:00,Two-Wheeler,35.23863042331521,50,0,17.29008853148172,9.21
2025-03-09 04:15:00,Two-Wheeler,28.255684654986513,50,0,20.95627910008315,11.21
2025-03-09 04:30:00,Two-Wheeler,24.65736029779951,11,4,23.89347615755699,10.29
2025-03-09 04:45:00,Car,35.95925433381544,50,12,36.958998094596,10.96
2025-03-09 05:00:00,Car,21.37828387140147,11,2,15.754438413243928,7.03
2025-03-09 05:15:00,Bus,44.95203827102944,7,5,17.25767686878305,6.08
2025-03-09 05:30:00,Car,35.19492803161165,7,3,20.415496729223086,5.51
2025-03-09 05:45:00,Two-Wheeler,16.03297709311781,7,5,18.75271530196308,9.55
2025-03-09 06:00:00,Two-Wheeler,51.7922113027107,11,3,28.77090677911101,9.0
2025-03-09 06:15:00,Two-Wheeler,50.580845007857775,50,3,20.684330404613846,14.49
2025-03-09 06:30:00,Bus,43.05544803344479,22,4,27.984215872870543,5.56
2025-03-09 06:45:00,Bus,13.859153333576907,50,5,30.96922385567762,9.61
2025-03-09 07:00:00,Two-Wheeler,36.941627048515045,7,7,100.0,10.73
2025-03-09 07:15:00,Two-Wheeler,32.3626795697207,22,4,99.80721852178779,6.44
2025-03-09 07:30:00,Car,45.0744344380687,7,0,70.35753974852804,10.41
2025-03-09 07:45:00,Bus,31.185279296953283,50,6,89.59949690651733,12.56
2025-03-09 08:00:00,Car,33.34056730407386,11,3,63.248318549195254,8.11
2025-03-09 08:15:00,Two-Wheeler,44.47610861015961,22,4,77.88194888203618,7.69
2025-03-09 08:30:00,Two-Wheeler,17.55157761720209,22,14,83.47939633163597,14.89
2025-03-09 08:45:00,Car,33.87152111825827,50,4,66.36094739633128,12.77
2025-03-09 09:00:00,Bus,12.768324053195364,22,4,100.0,13.82
2025-03-09 09:15:00,Bus,35.1850345145163,11,4,92.78883183705584,14.26
2025-03-09 09:30:00,Bus,26.703230104975336,22,1,83.7006953843794,11.25
2025-03-09 09:45:00,Bus,52.77895821823601,50,0,84.75449063240465,5.91
2025-03-09 10:00:00,Car,66.58901125119218,7,8,88.40923960323875,13.73
2025-03-09 10:15:00,Car,27.531336684094974,50,5,87.36082675002108,7.53
2025-03-09 10:30:00,Bus,39.361164236485706,11,11,100.0,12.65
2025-03-09 10:45:00,Two-Wheeler,28.347807929084073,11,2,66.49577006784199,11.36
2025-03-09 11:00:00,Bus,40.63638599664211,7,4,35.360805557882784,12.1
2025-03-09 11:15:00,Bus,51.93359803772349,7,6,65.34851062343193,6.65
2025-03-09 11:30:00,Car,30.71669633001826,50,5,38.28589815121469,5.75
2025-03-09 11:45:00,Car,46.60103171929874,11,8,51.16483643004348,10.03
2025-03-09 12:00:00,Two-Wheeler,40.18557602658469,7,5,57.22677362807513,10.13
2025-03-09 12:15:00,Bus,29.7814355449554,22,6,44.59317394187903,5.43
2025-03-09 12:30:00,Bus,23.296509142180227,11,5,36.48117850642657,11.89
2025-03-09 12:45:00,Two-Wheeler,15.084589640523602,7,2,32.04558266332948,11.92
2025-03-09 13:00:00,Two-Wheeler,28.997939468122013,22,8,44.50058112734655,7.06
2025-03-09 13:15:00,Car,20.307680902085092,22,4,46.475550471001384,15.0
2025-03-09 13:30:00,Two-Wheeler,31.826442269966822,50,2,60.80779427786727,7.68
2025-03-09 13:45:00,Two-Wheeler,31.984592199755806,50,3,52.59831889843174,12.17
2025-03-09 14:00:00,Two-Wheeler,15.677488431974245,11,4,50.184329509831464,10.53
2025-03-09 14:15:00,Two-Wheeler,20.73559590306455,11,7,42.68444580828231,5.3
2025-03-09 14:30:00,Bus,42.80022511080149,11,5,56.89042337924627,10.12
2025-03-09 14:45:00,Car,51.092365518583655,7,9,53.12337238644262,7.58
2025-03-09 15:00:00,Car,23.8322037412459,22,6,39.07473875443018,5.75
2025-03-09 15:15:00,Car,54.40175536724975,50,8,39.397270270456225,9.54
2025-03-09 15:30:00,Bus,63.297651905481764,50,4,61.75905450354663,11.43
2025-03-09 15:45:00,Two-Wheeler,27.719258567615444,7,2,39.889873261943315,5.99
2025-03-09 16:00:00,Bus,31.315276017360265,50,8,57.22064084111081,12.74
2025-03-09 16:15:00,Car,24.35196453907145,11,12,56.163369260986585,6.18
2025-03-09 16:30:00,Two-Wheeler,38.048224358816924,11,1,43.12730958847565,11.8
2025-03-09 16:45:00,Car,20.97117010326174,11,9,45.383350483299914,7.71
2025-03-09 17:00:00,Car,50.619088435447814,7,6,71.3438775269204,12.64
2025-03-09 17:15:00,Two-Wheeler,15.71869355732804,7,4,81.20563160442708,5.92
2025-03-09 17:30:00,Two-Wheeler,83.81456031590055,50,8,100.0,12.15
2025-03-09 17:45:00,Car,66.41627581177941,7,4,83.18488307843677,11.58
2025-03-09 18:00:00,Two-Wheeler,29.459134810508544,50,7,100.0,7.05
2025-03-09 18:15:00,Car,44.251871730691796,50,0,83.75095640150428,7.0
2025-03-09 18:30:00,Two-Wheeler,23.808539938209854,50,7,99.77239835313682,11.22
2025-03-09 18:45:00,Car,45.42452708560936,7,0,72.44860220438476,11.73
2025-03-09 19:00:00,Two-Wheeler,14.142655267615677,11,0,66.2431243029137,5.81
2025-03-09 19:15:00,Car,82.66211501299316,22,0,89.40446373361623,13.6
2025-03-09 19:30:00,Bus,20.432002945615984,7,2,64.74652705697245,14.18
2025-03-09 19:45:00,Car,16.81462692133945,11,0,76.88222260151177,7.92
2025-03-09 20:00:00,Two-Wheeler,75.25377183056932,7,4,98.26838919486792,9.92
2025-03-09 20:15:00,Car,12.524317325291927,7,6,82.91158827122797,6.37
2025-03-09 20:30:00,Bus,47.50171761478581,50,4,64.25837221804798,6.12
2025-03-09 20:45:00,Car,18.722028320769578,11,4,65.82358206795114,9.49
2025-03-09 21:00:00,Bus,40.06994460205807,7,4,78.53367883562953,9.42
2025-03-09 21:15:00,Bus,58.81829170392522,11,6,84.35861480954853,12.56
2025-03-09 21:30:00,Two-Wheeler,18.089732404577127,50,8,94.01647641449495,5.55
2025-03-09 21:45:00,Two-Wheeler,43.935845044274295,22,5,94.77509839615286,12.47
2025-03-09 22:00:00,Bus,25.6822038356663,11,12,38.08389211678764,6.27
2025-03-09 22:15:00,Car,52.03880365190867,11,3,27.123356234844174,10.65
2025-03-09 22:30:00,Bus,18.856180407398927,7,3,28.980880687483772,14.29
2025-03-09 22:45:00,Car,53.8678550183279,7,8,22.498030387646136,8.16
2025-03-09 23:00:00,Car,30.98993287771777,22,6,19.438712560683907,13.27
2025-03-09 23:15:00,Two-Wheeler,24.81691963906983,11,6,30.56444533868621,9.52
2025-03-09 23:30:00,Car,37.95488798706297,7,8,30.272661040074695,5.65
2025-03-09 23:45:00,Bus,20.493802842871467,11,7,18.63011342322634,13.44
2025-03-10 00:00:00,Two-Wheeler,28.383156663198847,50,2,30.12528699799987,6.05
2025-03-10 00:15:00,Bus,40.53767879246982,7,4,22.029691386237,5.15
2025-03-10 00:30:00,Two-Wheeler,83.44132525693878,50,5,28.387248404712075,12.2
2025-03-10 00:45:00,Bus,29.229108273477923,22,5,28.008232227934084,5.63
2025-03-10 01:00:00,Two-Wheeler,49.718790607882745,50,4,31.89582310288631,10.41
2025-03-10 01:15:00,Bus,35.95066486923736,22,7,35.14115960328989,6.28
2025-03-10 01:30:00,Car,35.36700520787954,11,8,34.10353439123199,13.51
2025-03-10 01:45:00,Bus,16.87998893874196,11,10,29.670781021944258,6.26
2025-03-10 02:00:00,Two-Wheeler,18.5884515363104,11,1,25.522480156222144,10.94
2025-03-10 02:15:00,Car,26.77379912708087,22,1,21.54563244118377,14.34
2025-03-10 02:30:00,Bus,47.47569505232376,22,8,21.10548452740041,13.52
2025-03-10 02:45:00,Bus,25.183785028775,7,2,29.90453538538297,13.2
2025-03-10 03:00:00,Bus,83.34701084574357,7,7,24.23670971612787,5.84
2025-03-10 03:15:00,Bus,53.342891542690175,50,5,16.749326821042395,14.44
2025-03-10 03:30:00,Two-Wheeler,15.243832509107415,11,9,38.191453538881476,10.44
2025-03-10 03:45:00,Car,16.121992188116632,50,7,17.531247851397783,10.92
2025-03-10 04:00:00,Bus,34.365041240989186,7,2,17.85647458404862,12.72
2025-03-10 04:15:00,Two-Wheeler,33.21379132142104,7,7,31.15714882868391,7.97
2025-03-10 04:30:00,Bus,40.245619416540684,22,3,25.063515948792013,13.84
2025-03-10 04:45:00,Car,20.211408527698815,11,3,31.38286779277853,7.39
2025-03-10 05:00:00,Car,28.883690081594622,7,7,27.89377653454673,8.4
2025-03-10 05:15:00,Two-Wheeler,32.59601257211745,22,5,33.64286042517615,7.7
2025-03-10 05:30:00,Car,31.51729519813199,11,2,26.05889110330339,13.37
2025-03-10 05:45:00,Two-Wheeler,47.75819015277635,7,3,19.775718716514387,13.94
2025-03-10 06:00:00,Two-Wheeler,40.57189022217948,11,8,25.742578291513425,5.29
2025-03-10 06:15:00,Bus,77.81833322887795,7,0,26.024267522388598,7.53
2025-03-10 06:30:00,Car,15.44459273466312,22,7,35.79459702953697,14.29
2025-03-10 06:45:00,Bus,79.11374829468932,22,4,17.390700154672913,5.54
2025-03-10 07:00:00,Bus,25.91316401729488,50,9,71.85063370306639,10.95
2025-03-10 07:15:00,Two-Wheeler,69.01133737987877,7,5,68.32799608607726,12.43
2025-03-10 07:30:00,Bus,18.57427440565616,7,5,86.67339805187574,9.39
2025-03-10 07:45:00,Two-Wheeler,83.98828983334664,11,4,79.61735446222653,13.85
2025-03-10 08:00:00,Bus,37.72550587693976,50,0,71.86941755147731,11.44
2025-03-10 08:15:00,Two-Wheeler,48.983070138894966,50,5,100.0,14.37
2025-03-10 08:30:00,Bus,25.39226120358284,11,7,100.0,7.61
2025-03-10 08:45:00,Car,16.85783148563647,22,2,73.17386149377786,12.74
2025-03-10 09:00:00,Two-Wheeler,45.98055956048544,22,8,85.55153076994009,11.78
2025-03-10 09:15:00,Car,15.735611006165062,22,7,77.91520918377634,13.0
2025-03-10 09:30:00,Two-Wheeler,17.757024798374278,22,5,65.25905476912035,8.19
2025-03-10 09:45:00,Bus,44.87880203937656,11,4,86.08406329143611,14.64
2025-03-10 10:00:00,Bus,37.998345342269616,22,0,87.98258128109075,9.33
2025-03-10 10:15:00,Two-Wheeler,51.493413802735816,22,9,83.6819320518958,14.15
2025-03-10 10:30:00,Bus,63.216253327172616,11,5,66.93832607163009,11.65
2025-03-10 10:45:00,Car,46.59396004626327,50,0,87.63400895406527,12.56
2025-03-10 11:00:00,Bus,49.78285739139571,7,0,37.15364961154459,7.38
2025-03-10 11:15:00,Two-Wheeler,25.846735365225065,50,6,59.06150599892191,14.22
2025-03-10 11:30:00,Two-Wheeler,22.62994771912695,22,6,54.47814827815337,14.08
2025-03-10 11:45:00,Two-Wheeler,56.29931396052864,22,4,60.67838254384197,10.48
2025-03-10 12:00:00,Two-Wheeler,23.38199419011858,50,4,43.14246836351584,12.74
2025-03-10 12:15:00,Bus,26.79608681316813,22,2,56.55485837071344,12.59
2025-03-10 12:30:00,Bus,25.07931483970229,11,4,52.3313487153543,5.33
2025-03-10 12:45:00,Car,37.21215910057671,11,7,57.54376609880271,10.93
2025-03-10 13:00:00,Bus,51.55466377477775,11,5,55.95856181709945,14.26
2025-03-10 13:15:00,Car,24.113173700467478,7,10,47.332144252610014,13.18
2025-03-10 13:30:00,Bus,73.73616158255034,50,5,50.97887647681618,7.95
2025-03-10 13:45:00,Bus,28.31168369947475,50,3,43.01627552296573,7.04
2025-03-10 14:00:00,Bus,20.881975665335005,7,9,47.65507177682235,10.75
2025-03-10 14:15:00,Two-Wheeler,66.92458199111628,11,13,60.53597433323487,6.29
2025-03-10 14:30:00,Car,17.331442981178828,50,6,43.81672520484997,9.43
2025-03-10 14:45:00,Car,28.049086463620082,7,2,36.565788401985465,13.79
2025-03-10 15:00:00,Two-Wheeler,48.58954526517917,11,4,61.87693322292721,5.74
2025-03-10 15:15:00,Car,42.38817619272554,11,0,32.609460897138,5.97
2025-03-10 15:30:00,Bus,47.73963414819665,50,3,54.72857480486187,8.66
2025-03-10 15:45:00,Bus,85.88731856151342,22,1,40.77871132529475,6.48
2025-03-10 16:00:00,Car,12.489923963693942,7,0,52.18701907288275,6.18
2025-03-10 16:15:00,Two-Wheeler,29.63937434601607,11,7,45.50006804145319,8.6
2025-03-10 16:30:00,Car,42.74487705036762,11,3,45.19141071313542,7.88
2025-03-10 16:45:00,Car,20.25512135785108,50,2,34.49865695144579,5.27
2025-03-10 17:00:00,Bus,52.86837027036363,22,8,100.0,6.85
2025-03-10 17:15:00,Car,21.365200401358095,50,4,98.04834199123395,9.6
2025-03-10 17:30:00,Car,16.04274527942379,11,4,84.36953208074621,13.47
2025-03-10 17:45:00,Two-Wheeler,24.362378060467456,50,3,88.83103899269668,11.92
2025-03-10 18:00:00,Two-Wheeler,60.67177733997503,7,4,94.89480113390053,14.34
2025-03-10 18:15:00,Bus,58.145739527985995,11,8,74.1659370779137,13.07
2025-03-10 18:30:00,Two-Wheeler,12.723190209295893,7,2,66.3363003541256,13.45
2025-03-10 18:45:00,Two-Wheeler,33.61422467428484,50,7,74.64841630116739,6.31
2025-03-10 19:00:00,Bus,43.17657170111662,7,11,100.0,8.15
2025-03-10 19:15:00,Car,25.220617414324714,11,9,75.27455128874443,8.47
2025-03-10 19:30:00,Car,57.11972078981396,50,2,67.90338736089073,14.87
2025-03-10 19:45:00,Bus,31.876003389573647,11,6,100.0,8.18
2025-03-10 20:00:00,Two-Wheeler,62.82234240646398,7,0,72.9135424791182,11.52
2025-03-10 20:15:00,Bus,54.58135217215524,11,5,98.52214173470898,12.77
2025-03-10 20:30:00,Car,50.26003629927642,7,3,92.59986513231593,9.18
2025-03-10 20:45:00,Car,64.34026589345387,22,0,80.11767803331242,11.59
2025-03-10 21:00:00,Two-Wheeler,42.331221682506026,11,7,68.90359759923643,7.18
2025-03-10 21:15:00,Car,25.40132287866486,11,3,82.40135432495538,7.63
2025-03-10 21:30:00,Car,37.0011317267219,50,1,77.07982959461074,9.96
2025-03-10 21:45:00,Two-Wheeler,31.81904431160138,22,3,67.44128255854956,12.56
2025-03-10 22:00:00,Bus,43.27889924999331,11,7,21.029903881527478,13.83
2025-03-10 22:15:00,Bus,22.692689284654,11,7,25.462704983979076,5.11
2025-03-10 22:30:00,Two-Wheeler,65.40646366463932,11,5,24.197558630186965,14.47
2025-03-10 22:45:00,Bus,44.398396858926056,50,9,29.789791292492264,6.18
2025-03-10 23:00:00,Bus,57.851361442162755,50,3,19.06672487007663,9.92
2025-03-10 23:15:00,Bus,17.60134340962895,50,4,30.536106084743313,11.11
2025-03-10 23:30:00,Bus,47.690058249245894,22,9,25.47052336933834,8.13
2025-03-10 23:45:00,Car,18.755067273165366,7,3,32.840215019192996,12.64
2025-03-11 00:00:00,Bus,65.5031698972517,11,3,28.136868383670766,7.6
2025-03-11 00:15:00,Bus,36.857094514754536,11,7,26.409025977734203,9.08
2025-03-11 00:30:00,Car,74.9814850911898,22,8,21.98160093055658,14.57
2025-03-11 00:45:00,Two-Wheeler,34.50373531918405,50,4,14.508380330629603,13.02
2025-03-11 01:00:00,Car,59.245222275583984,7,1,26.638173377576692,10.45
2025-03-11 01:15:00,Two-Wheeler,43.24110731889512,11,7,22.83410733995484,12.47
2025-03-11 01:30:00,Bus,15.009454785261243,7,4,15.898731970971193,6.12
2025-03-11 01:45:00,Car,31.03943554619998,7,6,23.48326046936485,11.88
2025-03-11 02:00:00,Two-Wheeler,21.118057817967617,22,1,19.608302307187515,13.38
2025-03-11 02:15:00,Car,33.50424576510202,22,8,34.5002383277986,9.74
2025-03-11 02:30:00,Car,70.20792201436745,22,6,23.691951245437807,13.05
2025-03-11 02:45:00,Car,12.494892516508596,11,7,21.43314626770847,12.4
2025-03-11 03:00:00,Bus,70.55273222366299,7,6,25.94311052969546,7.19
2025-03-11 03:15:00,Bus,20.44297608617809,22,1,20.762252029891716,13.62
2025-03-11 03:30:00,Two-Wheeler,45.31811931318308,50,5,33.032287910870124,7.38
2025-03-11 03:45:00,Two-Wheeler,32.255738247386006,50,4,22.156913086030073,14.15
2025-03-11 04:00:00,Two-Wheeler,16.648685379133422,50,5,26.61546465020267,11.61
2025-03-11 04:15:00,Bus,32.525082387963636,22,0,25.34261047996889,10.71
2025-03-11 04:30:00,Bus,42.19114458100216,7,11,38.55714832010703,10.03
2025-03-11 04:45:00,Car,83.0407208205583,22,4,26.91726689704361,7.58
2025-03-11 05:00:00,Two-Wheeler,83.79182228611099,7,5,21.85748853509148,6.61
2025-03-11 05:15:00,Bus,33.59687598562753,50,4,22.5555505962244,10.76
2025-03-11 05:30:00,Car,19.386533805590833,22,2,19.049264963666175,12.7
2025-03-11 05:45:00,Bus,21.1142563486517,50,5,21.612878711703924,6.98
2025-03-11 06:00:00,Car,52.88185842090694,22,1,30.66345121625273,6.8
2025-03-11 06:15:00,Car,38.338679736117676,50,2,16.39941313779558,6.57
2025-03-11 06:30:00,Two-Wheeler,54.524528409116456,22,0,14.149793485607024,9.89
2025-03-11 06:45:00,Two-Wheeler,12.982501950526542,11,4,22.538516020608633,13.5
2025-03-11 07:00:00,Car,66.87594274897044,11,0,92.96519481603838,14.48
2025-03-11 07:15:00,Two-Wheeler,25.491300742142453,50,5,81.49946392481762,14.86
2025-03-11 07:30:00,Bus,22.74705549607709,22,5,93.43494798881325,6.97
2025-03-11 07:45:00,Bus,24.045990431571543,11,9,100.0,8.23
2025-03-11 08:00:00,Car,25.47398546593602,22,1,98.98462113585711,7.73
2025-03-11 08:15:00,Two-Wheeler,73.37164158393594,50,0,94.63526466153179,10.93
2025-03-11 08:30:00,Two-Wheeler,49.78062979929242,50,6,73.34392948485889,5.11
2025-03-11 08:45:00,Car,38.29197365849866,11,8,95.52981361653079,13.33
2025-03-11 09:00:00,Bus,50.12447351119682,50,2,79.5734301884327,11.78
2025-03-11 09:15:00,Car,79.95767390206278,22,6,82.65908769018657,6.28
2025-03-11 09:30:00,Bus,23.166693745187935,7,8,100.0,12.49
2025-03-11 09:45:00,Car,21.726343637625007,11,7,100.0,13.24
2025-03-11 10:00:00,Bus,34.26744821076023,7,10,76.0842313588019,10.15
2025-03-11 10:15:00,Car,65.43900643064799,50,6,94.05088122952704,5.38
2025-03-11 10:30:00,Car,40.42778827122322,11,6,100.0,8.0
2025-03-11 10:45:00,Two-Wheeler,89.53516518749989,22,3,89.77380549181345,6.79
2025-03-11 11:00:00,Car,84.66949576571741,50,0,36.1661485407888,8.24
2025-03-11 11:15:00,Bus,58.750483204550605,7,7,44.43693433953089,12.47
2025-03-11 11:30:00,Bus,46.25161305072782,22,5,47.68007365296343,9.26
2025-03-11 11:45:00,Car,34.141634880542455,50,4,48.54136804084928,6.04
2025-03-11 12:00:00,Car,29.373372228098784,11,0,48.41647796920504,10.07
2025-03-11 12:15:00,Bus,16.18185498059509,11,0,47.64729093204282,6.7
2025-03-11 12:30:00,Two-Wheeler,16.092292721565798,50,8,56.64548446727973,11.46
2025-03-11 12:45:00,Two-Wheeler,69.17488275579285,7,3,38.894474932872384,11.37
2025-03-11 13:00:00,Bus,39.78183993760462,22,7,63.13452311398151,12.54
2025-03-11 13:15:00,Car,24.04006165174745,22,3,51.92304250746105,11.64
2025-03-11 13:30:00,Car,66.22874917805022,50,1,44.38077986420953,11.95
2025-03-11 13:45:00,Bus,26.111253074164445,50,0,36.108052515443916,10.5
2025-03-11 14:00:00,Car,21.37122191112357,11,3,39.9078559686499,11.59
2025-03-11 14:15:00,Bus,25.664002859761762,22,6,46.77880172201101,11.76
2025-03-11 14:30:00,Bus,53.03340324059616,22,8,66.58726447322395,7.69
2025-03-11 14:45:00,Two-Wheeler,20.161157048011322,7,6,45.80123056931015,13.13
2025-03-11 15:00:00,Two-Wheeler,29.600002539590363,11,8,48.23913361049783,12.85
2025-03-11 15:15:00,Bus,15.403517196846186,50,4,44.392067538040074,11.2
2025-03-11 15:30:00,Bus,50.799742629928005,22,6,40.410711350926555,13.62
2025-03-11 15:45:00,Two-Wheeler,43.32817886595999,22,2,58.01029179016537,12.25
2025-03-11 16:00:00,Two-Wheeler,19.121771982634744,11,0,35.51349193830851,9.85
2025-03-11 16:15:00,Car,73.6775967274192,7,2,39.982520299652116,13.08
2025-03-11 16:30:00,Car,10.674057564093864,50,2,54.97935232633799,6.95
2025-03-11 16:45:00,Car,65.25940615387661,50,0,52.49441514695183,7.68
2025-03-11 17:00:00,Bus,19.21310091355015,11,5,81.80174678649595,11.33
2025-03-11 17:15:00,Car,34.450633106423005,11,9,70.17454374737954,13.48
2025-03-11 17:30:00,Car,9.10939445219443,22,9,71.91623381510931,9.11
2025-03-11 17:45:00,Bus,31.991426916263663,50,4,88.45815418537697,8.89
2025-03-11 18:00:00,Car,32.89489968933145,7,0,75.37755358978472,11.31
2025-03-11 18:15:00,Car,23.716089982146293,50,5,86.36676003372104,5.88
2025-03-11 18:30:00,Bus,47.05051839327419,50,6,100.0,14.3
2025-03-11 18:45:00,Two-Wheeler,32.39562160393013,11,6,98.13809755158582,10.68
2025-03-11 19:00:00,Bus,43.87828908660675,50,9,76.45965735571444,7.63
2025-03-11 19:15:00,Car,59.45849216424058,22,8,95.31799836703851,14.61
2025-03-11 19:30:00,Car,13.302357844696044,50,2,92.83245888741644,9.92
2025-03-11 19:45:00,Car,47.24464207062492,50,8,76.1807396240646,14.66
2025-03-11 20:00:00,Two-Wheeler,13.35198236784584,22,5,97.23053458481535,10.53
2025-03-11 20:15:00,Bus,42.130458985649156,22,4,91.76268750464884,14.16
2025-03-11 20:30:00,Two-Wheeler,27.843952051694796,7,1,63.23692776461834,6.67
2025-03-11 20:45:00,Car,14.038279594401208,11,1,67.30325732762837,12.95
2025-03-11 21:00:00,Car,16.645259477323233,11,3,87.29189477625445,11.53
2025-03-11 21:15:00,Two-Wheeler,24.27439031280507,50,6,80.1173984790932,8.57
2025-03-11 21:30:00,Car,42.128602466566136,50,4,74.33441127727319,5.09
2025-03-11 21:45:00,Two-Wheeler,62.800186209235214,7,3,82.68687737898314,10.92
2025-03-11 22:00:00,Two-Wheeler,33.39203282370433,7,5,34.77907871568292,14.84
2025-03-11 22:15:00,Car,56.14937917948796,7,6,21.465581754650465,7.91
2025-03-11 22:30:00,Two-Wheeler,49.23342201850954,22,9,19.827252771335523,5.31
2025-03-11 22:45:00,Two-Wheeler,20.502786684279744,50,1,18.558454702424456,6.1
2025-03-11 23:00:00,Bus,59.063400951960375,7,6,32.74761825900226,13.65
2025-03-11 23:15:00,Car,31.681771264935715,7,5,23.626967164506926,12.39
2025-03-11 23:30:00,Bus,29.19807170439613,11,2,23.25615823290203,14.64
2025-03-11 23:45:00,Car,21.332881310765405,7,3,26.728504109015514,13.29
2025-03-12 00:00:00,Bus,44.9116438591127,50,0,19.3045709522924,10.0
2025-03-12 00:15:00,Bus,65.65489157520747,22,3,29.314455034958723,12.9
2025-03-12 00:30:00,Bus,60.01114157042761,22,6,34.18522067044508,12.48
2025-03-12 00:45:00,Car,20.31387487854453,22,5,34.20482508289541,10.3
2025-03-12 01:00:00,Two-Wheeler,33.54299230099706,11,8,28.90931432061212,6.06
2025-03-12 01:15:00,Bus,44.192801331290596,7,6,17.162504198799283,10.45
2025-03-12 01:30:00,Two-Wheeler,17.05183996682929,22,5,24.38852077161298,12.04
2025-03-12 01:45:00,Bus,35.98877026873789,22,7,29.669731376097463,5.86
2025-03-12 02:00:00,Bus,55.648857639498296,7,6,26.78999090592086,10.48
2025-03-12 02:15:00,Bus,18.839196675781412,7,3,17.96471766843592,10.43
2025-03-12 02:30:00,Bus,89.38074861251849,11,2,24.97290631337492,13.84
2025-03-12 02:45:00,Bus,46.44942326595689,7,3,32.70158166899147,8.81
2025-03-12 03:00:00,Car,52.420051061600844,50,5,34.39745210682103,10.77
2025-03-12 03:15:00,Car,66.4277184674061,7,0,26.603099541993554,10.34
2025-03-12 03:30:00,Car,48.6095490635589,22,3,22.973080818092587,8.28
2025-03-12 03:45:00,Bus,56.33799930421014,50,5,29.08203525868113,12.5
2025-03-12 04:00:00,Bus,44.38857064927544,22,5,22.87246450369561,10.04
2025-03-12 04:15:00,Car,16.653586791875984,7,1,19.309549233677224,8.16
2025-03-12 04:30:00,Bus,23.301089221163668,22,2,22.175803818965264,12.23
2025-03-12 04:45:00,Two-Wheeler,8.333333333333334,50,2,16.59708021111997,8.02
2025-03-12 05:00:00,Bus,30.2736034951517,11,5,23.67166856548902,6.22
2025-03-12 05:15:00,Two-Wheeler,24.30609990283168,7,0,19.758466424553376,7.95
2025-03-12 05:30:00,Car,18.20806011292925,22,2,17.401791524736012,8.99
2025-03-12 05:45:00,Car,29.35759114453089,22,6,34.846261930242406,10.01
2025-03-12 06:00:00,Car,34.210805936461725,11,5,31.171617800455774,7.28
2025-03-12 06:15:00,Car,45.3943168989037,22,6,23.36502986198409,13.31
2025-03-12 06:30:00,Two-Wheeler,74.39051080023839,7,3,29.180584750201326,14.38
2025-03-12 06:45:00,Bus,57.50834842229865,7,2,15.673646005127448,14.05
2025-03-12 07:00:00,Car,80.79586370980013,50,3,82.05656580323836,13.68
2025-03-12 07:15:00,Bus,26.973631114800188,11,6,68.77400174549032,6.66
2025-03-12 07:30:00,Two-Wheeler,59.168923142288975,50,7,72.65091757051007,8.03
2025-03-12 07:45:00,Car,26.727717724247718,22,3,75.16113330798086,8.0
2025-03-12 08:00:00,Two-Wheeler,65.2031144411008,50,0,74.73605137747523,5.7
2025-03-12 08:15:00,Two-Wheeler,84.72461427956928,50,7,100.0,12.52
2025-03-12 08:30:00,Two-Wheeler,46.54097672926023,22,4,100.0,12.99
2025-03-12 08:45:00,Bus,88.29943953725414,50,4,97.80888221856348,12.67
2025-03-12 09:00:00,Car,20.795643151699895,50,5,80.59437601109502,6.15
2025-03-12 09:15:00,Two-Wheeler,72.46984271042389,50,1,74.13289966744208,13.95
2025-03-12 09:30:00,Two-Wheeler,33.42672691054646,11,5,92.39030738055973,12.54
2025-03-12 09:45:00,Car,20.172032682609288,22,9,84.08549971493025,6.88
2025-03-12 10:00:00,Bus,15.382696792322598,7,0,76.43327264627196,11.52
2025-03-12 10:15:00,Two-Wheeler,30.962838746826453,11,5,91.46343589510694,8.65
2025-03-12 10:30:00,Two-Wheeler,13.662616910036537,50,5,70.76694016758918,11.35
2025-03-12 10:45:00,Bus,78.35145840083273,7,5,100.0,10.94
2025-03-12 11:00:00,Two-Wheeler,26.793456921959947,11,10,51.898948384031115,14.05
2025-03-12 11:15:00,Two-Wheeler,41.818243875165805,7,2,44.734519112273894,14.08
2025-03-12 11:30:00,Car,42.78025148275129,22,11,43.22893379980445,12.39
2025-03-12 11:45:00,Two-Wheeler,17.24124891354903,7,7,41.14084186161409,7.52
2025-03-12 12:00:00,Car,83.8471184148381,22,8,61.447765712590595,8.09
2025-03-12 12:15:00,Bus,22.12016404807525,50,8,53.606923200757564,8.11
2025-03-12 12:30:00,Car,19.07744338546153,11,9,60.00949406140646,8.18
2025-03-12 12:45:00,Car,24.980063087648695,11,7,45.005382153541035,6.06
2025-03-12 13:00:00,Car,58.54274230813047,7,10,55.490470763202254,10.7
2025-03-12 13:15:00,Car,29.274618902544717,7,0,42.357123143807186,12.55
2025-03-12 13:30:00,Two-Wheeler,53.64362460149485,22,8,57.78642861275727,8.47
2025-03-12 13:45:00,Bus,54.93683160777203,50,8,65.15935151860963,5.87
2025-03-12 14:00:00,Car,25.79127510095596,50,9,63.32052438980058,6.75
2025-03-12 14:15:00,Two-Wheeler,62.284010140021486,7,7,51.54678925977396,13.88
2025-03-12 14:30:00,Bus,51.391063025788874,7,2,42.2980645329905,10.67
2025-03-12 14:45:00,Bus,29.962528332504323,50,5,55.50682697537057,5.87
2025-03-12 15:00:00,Two-Wheeler,33.62669606833916,11,2,37.169262321146675,9.55
2025-03-12 15:15:00,Two-Wheeler,23.968845777681256,7,7,50.467015264286886,14.19
2025-03-12 15:30:00,Car,24.833354397929014,11,3,52.91755857076263,13.98
2025-03-12 15:45:00,Car,28.953156321753386,22,1,43.58413842735308,13.28
2025-03-12 16:00:00,Bus,70.27899554443349,22,7,49.32353493417105,7.54
2025-03-12 16:15:00,Car,21.01740852676267,50,4,55.86636179684854,13.85
2025-03-12 16:30:00,Bus,74.9741258013944,22,2,60.273356920910366,12.35
2025-03-12 16:45:00,Car,18.290596878594926,11,4,49.97846791621784,8.97
2025-03-12 17:00:00,Two-Wheeler,23.091684235785145,11,7,78.44772748823794,9.92
2025-03-12 17:15:00,Bus,25.392690510327306,22,0,91.91454969894546,9.71
2025-03-12 17:30:00,Two-Wheeler,60.373378527373184,22,0,69.27062661616218,8.55
2025-03-12 17:45:00,Car,18.703032472576208,11,8,90.50290613403509,5.74
2025-03-12 18:00:00,Bus,30.71567542678739,50,1,62.91488915536469,13.86
2025-03-12 18:15:00,Bus,20.04773910411698,7,5,95.08587622566296,7.67
2025-03-12 18:30:00,Car,24.77890138154985,7,8,93.67356003622194,5.65
2025-03-12 18:45:00,Two-Wheeler,85.76243313459813,22,5,75.02120783679152,8.32
2025-03-12 19:00:00,Car,18.165712478270887,22,10,100.0,5.96
2025-03-12 19:15:00,Bus,53.65353219121299,50,0,71.23840838863663,6.05
2025-03-12 19:30:00,Two-Wheeler,16.56424264033204,11,5,84.61446432325197,10.81
2025-03-12 19:45:00,Car,72.53573244856824,7,1,73.91386116759594,8.55
2025-03-12 20:00:00,Car,15.098199969954072,11,3,74.93415740247139,7.27
2025-03-12 20:15:00,Car,18.296899578944977,11,7,100.0,14.35
2025-03-12 20:30:00,Two-Wheeler,21.427920380431324,11,8,84.05778400394968,7.42
2025-03-12 20:45:00,Bus,77.43822143494764,50,0,87.37360600412708,11.45
2025-03-12 21:00:00,Car,62.41722435627034,11,2,67.72393662438427,13.2
2025-03-12 21:15:00,Bus,65.90153225407354,50,6,93.06466125557367,12.31
2025-03-12 21:30:00,Car,36.8365823594568,11,3,92.75270661093056,12.4
2025-03-12 21:45:00,Two-Wheeler,39.553462356693025,11,5,100.0,11.03
2025-03-12 22:00:00,Car,17.10765322564477,11,3,14.053218740841274,10.51
2025-03-12 22:15:00,Car,62.59296275815852,50,2,28.528129378078653,6.17
2025-03-12 22:30:00,Bus,61.000325573907965,50,8,18.294710755058972,6.11
2025-03-12 22:45:00,Car,75.01419230135525,11,2,22.960574361895674,6.76
2025-03-12 23:00:00,Car,66.4981904358544,7,4,15.608465393389,6.72
2025-03-12 23:15:00,Bus,29.31482709942521,22,7,17.851051255484887,7.65
2025-03-12 23:30:00,Bus,26.802708020005092,50,6,30.71997323312017,5.44
2025-03-12 23:45:00,Bus,74.96369634181414,50,10,28.70185155848509,10.82
2025-03-13 00:00:00,Bus,39.76929434092729,22,10,23.39101329723463,9.46
2025-03-13 00:15:00,Car,19.42506794096634,11,9,26.677356822116842,10.91
2025-03-13 00:30:00,Bus,52.30417677311654,50,5,28.459507839146905,9.68
2025-03-13 00:45:00,Bus,68.87975234119706,22,1,15.59530171090815,6.82
2025-03-13 01:00:00,Two-Wheeler,37.13089690847525,50,8,35.22608399856277,5.28
2025-03-13 01:15:00,Car,47.97276058555313,50,4,15.394041262944747,9.08
2025-03-13 01:30:00,Two-Wheeler,30.191639962544578,11,5,30.46527042646172,10.99
2025-03-13 01:45:00,Car,12.740113569363468,7,1,28.10458699040663,12.51
2025-03-13 02:00:00,Bus,51.79011397112534,22,4,15.191019681742226,9.82
2025-03-13 02:15:00,Two-Wheeler,47.81500585745559,11,4,19.874701351985486,6.33
2025-03-13 02:30:00,Car,68.57463770400614,7,9,37.51569651722548,10.85
2025-03-13 02:45:00,Bus,19.32422597487847,22,3,31.3899520752593,9.11
2025-03-13 03:00:00,Bus,63.70825766831148,11,5,18.03840644211914,8.19
2025-03-13 03:15:00,Bus,37.75930622577999,7,9,25.550076191328003,7.08
2025-03-13 03:30:00,Two-Wheeler,81.9504830353241,11,3,22.484188108285128,5.45
2025-03-13 03:45:00,Car,23.467461912483692,11,5,25.37839777699611,11.49
2025-03-13 04:00:00,Bus,28.1297291055288,50,0,17.199282787058547,9.33
2025-03-13 04:15:00,Car,24.23360101049725,11,8,36.10768710887277,8.03
2025-03-13 04:30:00,Car,52.083879016739495,11,1,27.921350357584892,8.9
2025-03-13 04:45:00,Two-Wheeler,31.100778060633267,50,9,23.443163825587597,12.42
2025-03-13 05:00:00,Car,60.32432136173702,50,5,33.21805871019789,12.33
2025-03-13 05:15:00,Bus,38.56879475630852,22,0,11.636812976012687,11.31
2025-03-13 05:30:00,Bus,14.048256236386598,50,0,15.207363224873117,7.09
2025-03-13 05:45:00,Car,25.67520222363309,11,8,18.298960691459186,13.51
2025-03-13 06:00:00,Two-Wheeler,19.98319827563983,7,7,20.912416162929198,14.55
2025-03-13 06:15:00,Car,49.41946514063276,22,5,15.456360263943905,14.91
2025-03-13 06:30:00,Bus,40.3913452638521,22,2,22.832020383322032,13.37
2025-03-13 06:45:00,Two-Wheeler,71.68441082432638,11,4,15.973154933706184,7.05
2025-03-13 07:00:00,Bus,46.431170612295944,22,4,89.74111191750738,5.35
2025-03-13 07:15:00,Bus,51.212268995285314,22,11,91.5656597522092,8.15
2025-03-13 07:30:00,Two-Wheeler,27.072168459757318,50,2,85.77410556251444,5.95
2025-03-13 07:45:00,Two-Wheeler,34.583494539096236,50,0,70.25298331936787,12.37
2025-03-13 08:00:00,Bus,33.805992810630066,50,0,94.25198466929095,12.01
2025-03-13 08:15:00,Car,32.63314598101599,50,6,99.64857172409403,5.94
2025-03-13 08:30:00,Two-Wheeler,66.82666083066849,11,0,63.61977662690849,13.55
2025-03-13 08:45:00,Two-Wheeler,56.1246728076243,22,0,87.18523395512818,5.92
2025-03-13 09:00:00,Two-Wheeler,34.2351291283076,50,3,84.00447333478482,11.85
2025-03-13 09:15:00,Two-Wheeler,57.47649262547562,22,0,93.52420739732551,11.92
2025-03-13 09:30:00,Bus,22.02673940178224,11,3,77.2027092283113,14.71
2025-03-13 09:45:00,Bus,32.91409886278148,11,3,82.12879133281483,6.54
2025-03-13 10:00:00,Bus,27.929121759576056,50,1,77.60301826238944,10.37
2025-03-13 10:15:00,Car,49.4042630522245,11,6,67.08658943842899,9.64
2025-03-13 10:30:00,Car,48.97481348138266,7,5,73.69687250319812,11.86
2025-03-13 10:45:00,Bus,33.19340109297634,22,4,67.58160052425029,10.28
2025-03-13 11:00:00,Two-Wheeler,20.115884868164674,7,0,36.22789501712826,11.47
2025-03-13 11:15:00,Two-Wheeler,52.62535578673398,11,3,37.249330831430576,8.12
2025-03-13 11:30:00,Car,77.86156258065952,11,1,60.28191531406889,8.88
2025-03-13 11:45:00,Bus,54.52393344098519,50,6,48.85746494772002,9.83
2025-03-13 12:00:00,Bus,42.49672477900209,50,0,53.89898846614582,6.25
2025-03-13 12:15:00,Bus,23.24027255099095,50,7,63.05432006491016,13.54
2025-03-13 12:30:00,Two-Wheeler,14.520846907042294,22,0,44.24041066420567,7.17
2025-03-13 12:45:00,Two-Wheeler,65.69118906005491,22,7,44.28203254792007,7.98
2025-03-13 13:00:00,Two-Wheeler,12.211826546414454,11,3,45.225668045018274,6.7
2025-03-13 13:15:00,Bus,34.92147446631698,50,6,46.377807138083774,8.08
2025-03-13 13:30:00,Car,32.35865337090713,7,5,52.56308245307571,11.14
2025-03-13 13:45:00,Car,48.97263410329216,22,8,48.97206621757912,13.83
2025-03-13 14:00:00,Two-Wheeler,19.946540232725233,11,6,48.271615288632916,5.52
2025-03-13 14:15:00,Bus,33.76407446799202,22,6,36.11864245081042,7.83
2025-03-13 14:30:00,Bus,58.91430599060698,50,2,51.95840885312643,14.73
2025-03-13 14:45:00,Two-Wheeler,84.2769402022887,11,6,57.895741872343294,14.77
2025-03-13 15:00:00,Two-Wheeler,34.75311361618231,22,3,49.31898704744967,7.95
2025-03-13 15:15:00,Two-Wheeler,46.82890201023068,11,7,37.47120678544891,6.4
2025-03-13 15:30:00,Two-Wheeler,52.446237766165524,7,0,51.165725702335294,14.29
2025-03-13 15:45:00,Bus,50.10433485678986,50,3,49.97290650173568,8.39
2025-03-13 16:00:00,Bus,41.696987324671014,50,6,57.736959551955735,10.83
2025-03-13 16:15:00,Two-Wheeler,17.95210183539017,50,7,60.90416529426442,6.52
2025-03-13 16:30:00,Car,56.64169244114528,22,6,51.88087100480918,9.24
2025-03-13 16:45:00,Bus,64.26873730052029,22,8,55.596501808133546,5.03
2025-03-13 17:00:00,Two-Wheeler,16.60988826677816,11,2,73.93718101848808,9.01
2025-03-13 17:15:00,Car,36.29020339379449,11,9,82.82228271072009,5.92
2025-03-13 17:30:00,Car,28.92736396108073,11,2,62.30734223539876,13.0
2025-03-13 17:45:00,Bus,35.54176739811323,22,7,88.97400209365391,10.42
2025-03-13 18:00:00,Two-Wheeler,60.85702595853511,50,1,76.61882803289987,12.0
2025-03-13 18:15:00,Bus,39.75591828876473,11,2,81.51251643749426,9.26
2025-03-13 18:30:00,Car,63.98533151379831,50,4,71.4580110725747,8.79
2025-03-13 18:45:00,Two-Wheeler,34.16383507889625,50,4,64.06865191025364,13.96
2025-03-13 19:00:00,Bus,50.62229671743617,50,8,97.77226727641651,5.89
2025-03-13 19:15:00,Car,51.49822725686734,7,3,80.27545638321331,10.79
2025-03-13 19:30:00,Bus,12.256439767735284,50,7,87.51177543933971,5.91
2025-03-13 19:45:00,Car,17.520675609879873,11,0,61.00137053382934,12.98
2025-03-13 20:00:00,Bus,53.8462769968024,7,8,82.40119754150848,6.79
2025-03-13 20:15:00,Bus,22.975102278794537,50,2,99.80267757416024,5.78
2025-03-13 20:30:00,Two-Wheeler,50.11849960656057,22,10,97.26141405906642,5.44
2025-03-13 20:45:00,Two-Wheeler,16.75641762707623,11,6,93.11609602864013,10.31
2025-03-13 21:00:00,Two-Wheeler,22.201240229781984,7,11,94.51159773017851,7.73
2025-03-13 21:15:00,Bus,51.52731768761587,22,0,74.220655577737,12.01
2025-03-13 21:30:00,Car,57.510910168624015,11,7,100.0,5.51
2025-03-13 21:45:00,Two-Wheeler,26.236717419053814,7,3,94.44137210693744,7.69
2025-03-13 22:00:00,Bus,47.85242499551905,22,1,21.546598489796835,10.6
2025-03-13 22:15:00,Two-Wheeler,40.02697145472897,11,0,15.956532393319785,14.4
2025-03-13 22:30:00,Two-Wheeler,16.72108849091301,7,7,17.98754859861408,11.22
2025-03-13 22:45:00,Bus,16.345191327886557,50,7,32.30147955406945,10.04
2025-03-13 23:00:00,Bus,83.03834920417872,11,9,38.92420287321832,9.68
2025-03-13 23:15:00,Bus,64.73886685848564,50,4,23.944016236286735,7.77
2025-03-13 23:30:00,Car,34.8116109742742,11,6,33.98509790697929,8.32
2025-03-13 23:45:00,Two-Wheeler,29.144861409702386,11,4,18.614246761811366,12.99
2025-03-14 00:00:00,Car,52.157984231898105,11,3,26.816591617761933,7.07
2025-03-14 00:15:00,Car,46.95489273348394,50,2,14.609258781522337,13.68
2025-03-14 00:30:00,Bus,16.17376968350859,22,2,27.371864264806362,7.48
2025-03-14 00:45:00,Car,72.03053697264829,7,4,25.552544130280083,5.36
2025-03-14 01:00:00,Bus,26.658132131546154,7,6,22.716856323970447,8.45
2025-03-14 01:15:00,Bus,75.44788990211954,11,1,30.487855900053162,7.42
2025-03-14 01:30:00,Car,8.333333333333336,50,4,22.14122460438199,14.97
2025-03-14 01:45:00,Bus,75.42206413498933,50,1,28.36380477175962,5.19
2025-03-14 02:00:00,Two-Wheeler,82.53984489905571,22,6,17.735141182092423,14.62
2025-03-14 02:15:00,Bus,20.376601217063943,50,3,30.358931372289305,5.57
2025-03-14 02:30:00,Bus,24.995370804801386,22,3,25.1321466214385,5.12
2025-03-14 02:45:00,Two-Wheeler,60.98876583090009,11,5,29.904325552313047,6.89
2025-03-14 03:00:00,Bus,23.1243578352779,11,3,27.896071290907564,14.11
2025-03-14 03:15:00,Two-Wheeler,48.7950654807151,22,9,31.512916462712887,8.74
2025-03-14 03:30:00,Two-Wheeler,20.495742936409446,22,5,19.828232017952928,5.93
2025-03-14 03:45:00,Two-Wheeler,46.55304171486822,11,7,20.860275423865573,5.28
2025-03-14 04:00:00,Two-Wheeler,60.57388078948993,7,5,33.06086121931651,8.07
2025-03-14 04:15:00,Bus,38.175203703126236,50,1,17.887128862164836,12.11
2025-03-14 04:30:00,Two-Wheeler,40.78830034004761,7,0,28.133286844844566,12.16
2025-03-14 04:45:00,Two-Wheeler,45.39901183907567,22,4,21.30691598524736,13.21
2025-03-14 05:00:00,Car,29.559242778598804,22,5,33.85399313751746,14.4
2025-03-14 05:15:00,Bus,19.292644508510783,11,4,26.628095597378493,6.73
2025-03-14 05:30:00,Two-Wheeler,31.167034592692428,22,4,33.25159163547086,11.93
2025-03-14 05:45:00,Bus,80.71431789234818,7,7,35.837067741976085,11.86
2025-03-14 06:00:00,Two-Wheeler,50.30040814212504,7,1,11.900305706957464,12.44
2025-03-14 06:15:00,Car,40.23858866332555,7,3,25.80420374622628,13.5
2025-03-14 06:30:00,Bus,41.216434861208356,22,9,21.76641556715247,10.33
2025-03-14 06:45:00,Bus,39.53524815828163,11,0,20.371792965521323,6.36
2025-03-14 07:00:00,Car,64.55048045951119,7,8,100.0,10.06
2025-03-14 07:15:00,Car,56.909689460455276,22,11,100.0,12.21
2025-03-14 07:30:00,Car,66.52179746908763,22,4,100.0,6.78
2025-03-14 07:45:00,Two-Wheeler,84.1570473420997,22,5,92.45139941615373,8.48
2025-03-14 08:00:00,Car,65.7491814775202,11,5,65.26190216252456,6.48
2025-03-14 08:15:00,Car,19.304562314979492,7,4,86.01709312887412,5.56
2025-03-14 08:30:00,Car,68.77813493520634,50,7,87.30425911206133,9.09
2025-03-14 08:45:00,Bus,24.187517234492695,22,5,87.31844522377219,7.47
2025-03-14 09:00:00,Two-Wheeler,35.703659070751726,50,6,100.0,7.02
2025-03-14 09:15:00,Two-Wheeler,36.11933297451949,22,5,78.07694451037393,11.11
2025-03-14 09:30:00,Bus,63.2440493503036,50,6,74.01235022107933,8.18
2025-03-14 09:45:00,Car,33.59070165507188,50,3,98.85163645393229,8.43
2025-03-14 10:00:00,Two-Wheeler,47.66793310318874,22,4,89.80427046191528,7.77
2025-03-14 10:15:00,Car,16.122944613692482,11,8,81.09408017357694,7.26
2025-03-14 10:30:00,Car,26.832811376687765,50,7,68.28498392397391,14.76
2025-03-14 10:45:00,Two-Wheeler,24.733071540059612,50,0,87.21835400008501,13.64
2025-03-14 11:00:00,Bus,58.44184022762094,7,1,55.671592230405196,10.48
2025-03-14 11:15:00,Two-Wheeler,25.8816724595949,7,4,59.8908567846988,12.9
2025-03-14 11:30:00,Two-Wheeler,16.042934525733756,50,3,41.09022523136504,5.1
2025-03-14 11:45:00,Bus,14.242379460099812,11,0,37.0645344210562,11.99
2025-03-14 12:00:00,Two-Wheeler,14.411558990494044,50,5,44.51864537689134,8.56
2025-03-14 12:15:00,Bus,82.07559024992287,7,4,47.494580331855694,14.57
2025-03-14 12:30:00,Two-Wheeler,21.524677698238385,7,3,42.00032656663235,5.43
2025-03-14 12:45:00,Two-Wheeler,22.61659888123015,7,0,59.420898656686006,9.91
2025-03-14 13:00:00,Two-Wheeler,26.3926720937729,11,5,44.10483991117335,12.14
2025-03-14 13:15:00,Two-Wheeler,23.999911499376015,22,9,53.33133387247814,7.62
2025-03-14 13:30:00,Two-Wheeler,13.750288053012543,22,7,43.25349063247654,6.76
2025-03-14 13:45:00,Two-Wheeler,36.13046098293776,11,0,51.69836398535461,7.23
2025-03-14 14:00:00,Bus,54.23137544091718,22,0,39.356800545477235,7.83
2025-03-14 14:15:00,Car,77.56581664681033,22,9,47.86735064352532,11.58
2025-03-14 14:30:00,Two-Wheeler,12.735377677605658,22,8,48.77759541134675,7.92
2025-03-14 14:45:00,Two-Wheeler,48.074855886486404,11,4,43.15170811078868,13.65
2025-03-14 15:00:00,Bus,45.536598188184016,50,4,61.57197267029958,13.01
2025-03-14 15:15:00,Car,13.846248822057854,11,1,37.91930772688755,10.42
2025-03-14 15:30:00,Bus,56.168553474457575,50,8,66.240521696596,7.14
2025-03-14 15:45:00,Two-Wheeler,33.35249476487167,7,0,52.81002101178248,6.18
2025-03-14 16:00:00,Two-Wheeler,27.366030919812605,22,0,33.572919447962775,10.5
2025-03-14 16:15:00,Two-Wheeler,52.677994800300546,11,1,52.5374960283134,9.85
2025-03-14 16:30:00,Two-Wheeler,13.394747130344168,22,3,52.56936320835335,6.79
2025-03-14 16:45:00,Car,26.852488195364277,7,5,58.97301737643843,9.03
2025-03-14 17:00:00,Car,46.80230322659829,7,3,77.30585393064091,13.84
2025-03-14 17:15:00,Car,49.24007819892613,50,7,88.4446611464169,7.49
2025-03-14 17:30:00,Two-Wheeler,63.254965261639384,22,8,100.0,12.52
2025-03-14 17:45:00,Bus,43.14524957129994,50,5,83.81541001240241,13.4
2025-03-14 18:00:00,Bus,20.367811566476824,11,7,100.0,5.53
2025-03-14 18:15:00,Car,23.99194786948653,50,3,91.81013181652605,7.76
2025-03-14 18:30:00,Car,20.16342655331774,50,6,87.67595543946067,7.4
2025-03-14 18:45:00,Two-Wheeler,44.77419481695768,22,5,75.48068099999561,13.52
2025-03-14 19:00:00,Car,40.32049528585132,22,2,76.82647783404916,6.77
2025-03-14 19:15:00,Two-Wheeler,13.26826463509867,11,0,71.06848054202787,5.87
2025-03-14 19:30:00,Two-Wheeler,39.845014965291845,11,4,73.48324180054854,10.28
2025-03-14 19:45:00,Two-Wheeler,22.070579528903504,50,0,74.9048100431477,7.71
2025-03-14 20:00:00,Car,15.341075257273868,50,6,88.84645507253622,14.57
2025-03-14 20:15:00,Two-Wheeler,20.059516574471232,50,4,86.16454210349121,8.46
2025-03-14 20:30:00,Car,32.49395178637569,7,7,69.16948355095604,12.86
2025-03-14 20:45:00,Bus,71.61466143742135,50,3,81.24953697379601,5.81
2025-03-14 21:00:00,Two-Wheeler,34.0306474281832,7,3,64.71917479695799,5.06
2025-03-14 21:15:00,Two-Wheeler,62.28460563892666,22,7,100.0,7.44
2025-03-14 21:30:00,Two-Wheeler,18.28478018699096,50,5,100.0,8.77
2025-03-14 21:45:00,Two-Wheeler,44.46365840664309,7,9,92.34148431340854,5.99
2025-03-14 22:00:00,Bus,26.900616735350557,11,0,19.67092938184979,8.71
2025-03-14 22:15:00,Car,46.13249192730432,11,3,23.957800969137228,11.51
2025-03-14 22:30:00,Car,67.86570598577428,7,2,26.572017824594376,12.86
2025-03-14 22:45:00,Car,43.02143031052753,7,4,17.054068958380167,14.29
2025-03-14 23:00:00,Car,29.802903261582244,7,4,14.45122039663606,5.09
2025-03-14 23:15:00,Two-Wheeler,32.94329712306761,22,7,21.507318615046515,13.36
2025-03-14 23:30:00,Two-Wheeler,20.30242505016872,11,8,25.417331088427208,10.87
2025-03-14 23:45:00,Two-Wheeler,48.25610202582021,11,7,34.596450735444,12.45
2025-03-15 00:00:00,Two-Wheeler,33.01745272729008,7,7,36.838029740432454,6.41
2025-03-15 00:15:00,Bus,12.34241910353197,50,0,22.22622899684841,9.58
2025-03-15 00:30:00,Two-Wheeler,66.11601356650684,22,0,22.514475515232455,6.01
2025-03-15 00:45:00,Car,13.134191178549026,7,4,19.769237876493825,5.49
2025-03-15 01:00:00,Bus,79.70142258356407,22,9,38.65269586177246,8.47
2025-03-15 01:15:00,Bus,40.038739994928704,50,4,14.043138357452952,11.34
2025-03-15 01:30:00,Two-Wheeler,73.50189694402653,11,6,21.52575995726597,9.41
2025-03-15 01:45:00,Car,31.529169259900925,11,3,22.544912767807922,10.4
2025-03-15 02:00:00,Two-Wheeler,28.609017599262586,11,6,29.31641259463036,6.94
2025-03-15 02:15:00,Two-Wheeler,34.97340968670035,50,7,26.18175479309909,13.58
2025-03-15 02:30:00,Two-Wheeler,71.23358608159427,22,3,27.25310706720545,14.92
2025-03-15 02:45:00,Two-Wheeler,61.71425795584088,7,3,17.18118042850939,6.35
2025-03-15 03:00:00,Car,19.762961244527574,50,8,21.29197776583295,11.52
2025-03-15 03:15:00,Car,48.07266613270434,11,9,36.66741394736286,10.06
2025-03-15 03:30:00,Bus,22.86200290554173,22,9,35.03168334593616,7.78
2025-03-15 03:45:00,Bus,14.7147163413693,11,1,27.724105640603234,13.78
2025-03-15 04:00:00,Two-Wheeler,58.57627435351716,11,5,21.897473193834593,9.12
2025-03-15 04:15:00,Car,37.056327385893965,22,6,35.42773369025099,11.22
2025-03-15 04:30:00,Car,63.14818359535513,11,7,24.62095666190686,5.53
2025-03-15 04:45:00,Bus,34.03483451491917,7,1,24.586793428574765,7.86
2025-03-15 05:00:00,Bus,67.8606582017403,11,4,20.741766844075165,10.06
2025-03-15 05:15:00,Two-Wheeler,23.588592667401358,7,5,25.448140111868767,6.83
2025-03-15 05:30:00,Bus,88.12637561222229,50,7,27.698186651494474,8.58
2025-03-15 05:45:00,Bus,32.73663393003494,50,5,23.25101732788577,13.69
2025-03-15 06:00:00,Car,17.688368777741452,22,2,19.128058583339453,13.87
2025-03-15 06:15:00,Bus,27.607692406634126,7,4,20.005776913077103,14.78
2025-03-15 06:30:00,Bus,59.63423225885491,50,1,18.706366093245197,12.34
2025-03-15 06:45:00,Bus,20.474339479785282,11,0,29.499680960124692,12.41
2025-03-15 07:00:00,Bus,31.176234180036847,7,7,89.43143808877441,12.23
2025-03-15 07:15:00,Bus,29.054562996923153,11,7,88.33253376876442,11.65
2025-03-15 07:30:00,Bus,16.642577283365213,50,5,77.6046970225453,12.95
2025-03-15 07:45:00,Bus,49.94784650472208,22,5,92.78572307895209,9.71
2025-03-15 08:00:00,Car,55.24545828420354,11,2,80.1999383495158,11.13
2025-03-15 08:15:00,Two-Wheeler,45.45549724326358,7,7,79.54073720650726,14.04
2025-03-15 08:30:00,Two-Wheeler,22.24885783721865,7,7,68.56221408971362,9.48
2025-03-15 08:45:00,Two-Wheeler,50.91824041866565,22,7,93.83054737253757,5.55
2025-03-15 09:00:00,Bus,33.36028430009883,11,5,100.0,8.35
2025-03-15 09:15:00,Bus,50.91179344212209,7,4,75.56238972823785,11.21
2025-03-15 09:30:00,Car,88.54141182883603,11,2,96.98178551968772,7.97
2025-03-15 09:45:00,Car,47.312790628801054,22,12,100.0,10.6
2025-03-15 10:00:00,Car,48.05937389783765,7,4,77.4471715789298,10.32
2025-03-15 10:15:00,Bus,23.00154197169718,11,7,68.6652288842746,6.83
2025-03-15 10:30:00,Bus,11.45648943115269,22,8,68.02775255776447,12.46
2025-03-15 10:45:00,Car,85.53598968293154,22,6,89.23746550892344,5.09
2025-03-15 11:00:00,Two-Wheeler,65.85564329040527,11,4,47.98482847279658,13.13
2025-03-15 11:15:00,Car,22.8681144708113,50,9,43.415292498014836,9.68
2025-03-15 11:30:00,Bus,42.186101962978924,22,4,55.838719115309445,8.36
2025-03-15 11:45:00,Bus,52.00937214225747,22,2,61.13271530741143,6.44
2025-03-15 12:00:00,Two-Wheeler,34.89743623054127,7,6,37.230643069517086,14.09
2025-03-15 12:15:00,Bus,24.28335649202801,50,6,48.482725883268486,14.16
2025-03-15 12:30:00,Car,54.295898745773336,50,5,40.94358449560005,5.53
2025-03-15 12:45:00,Two-Wheeler,17.32620590202709,22,5,64.96631335626087,7.9
2025-03-15 13:00:00,Two-Wheeler,45.37858420467785,7,4,60.443851251092894,9.19
2025-03-15 13:15:00,Two-Wheeler,57.14602814893686,50,7,39.84469628630079,11.16
2025-03-15 13:30:00,Bus,42.75442350814552,7,3,46.33349443455484,6.42
2025-03-15 13:45:00,Bus,34.09523945440615,22,5,57.87924820410157,8.26
2025-03-15 14:00:00,Bus,31.918812280060735,7,11,42.39129060970261,6.38
2025-03-15 14:15:00,Bus,22.386254578442234,7,3,40.318516608471796,10.66
2025-03-15 14:30:00,Car,65.0240608938366,7,3,39.049139507140744,8.73
2025-03-15 14:45:00,Car,61.7620754013339,50,3,61.12219882089795,8.49
2025-03-15 15:00:00,Two-Wheeler,24.697574225051067,22,6,53.16981704781712,5.32
2025-03-15 15:15:00,Two-Wheeler,51.09665877169671,50,2,42.81607861697793,6.35
2025-03-15 15:30:00,Bus,72.42798689315995,22,0,44.624776936167066,5.74
2025-03-15 15:45:00,Two-Wheeler,27.613828158268014,7,9,57.47622909941175,7.74
2025-03-15 16:00:00,Car,62.086992333535434,22,5,49.892834372244636,11.34
2025-03-15 16:15:00,Car,65.17061748451995,7,0,48.42740135321039,14.32
2025-03-15 16:30:00,Bus,42.211350168108524,50,2,60.60498382890779,12.36
2025-03-15 16:45:00,Two-Wheeler,33.44458602889129,50,11,42.01295852920318,5.74
2025-03-15 17:00:00,Car,40.64223620071,22,9,97.39319384218454,11.88
2025-03-15 17:15:00,Bus,73.56425066805633,22,3,73.1038532170158,6.84
2025-03-15 17:30:00,Bus,49.850197708774644,50,6,99.83453829021268,6.89
2025-03-15 17:45:00,Two-Wheeler,16.795462132199745,11,4,96.45108717915885,11.97
2025-03-15 18:00:00,Two-Wheeler,56.85568129007096,11,0,96.99453397285416,13.99
2025-03-15 18:15:00,Car,22.69546488489183,11,6,100.0,11.14
2025-03-15 18:30:00,Two-Wheeler,17.48358905581053,50,0,90.42984820121609,11.76
2025-03-15 18:45:00,Bus,31.81236386079576,7,3,100.0,7.69
2025-03-15 19:00:00,Two-Wheeler,45.87472564424505,22,9,88.38067910319504,7.41
2025-03-15 19:15:00,Two-Wheeler,21.74868402356212,22,11,100.0,14.66
2025-03-15 19:30:00,Two-Wheeler,31.684571418585854,50,3,73.0012423943796,5.9
2025-03-15 19:45:00,Car,61.16348965407051,7,4,84.04023342500052,10.98
2025-03-15 20:00:00,Two-Wheeler,50.98826852599005,7,11,85.97928782780073,14.01
2025-03-15 20:15:00,Bus,47.81546058938778,11,0,64.64699934186869,8.26
2025-03-15 20:30:00,Car,20.362312605175596,7,3,100.0,8.11
2025-03-15 20:45:00,Two-Wheeler,55.94306419271589,11,0,98.8090472378301,13.04
2025-03-15 21:00:00,Bus,61.071088865251305,7,0,69.5600107731704,11.4
2025-03-15 21:15:00,Bus,14.609553255361025,22,2,81.77877535296585,14.05
2025-03-15 21:30:00,Two-Wheeler,50.191487419201266,11,0,99.18940397710504,9.87
2025-03-15 21:45:00,Bus,32.48825624423072,11,5,98.19473137280576,5.54
2025-03-15 22:00:00,Car,16.68977345787344,7,3,13.068755008525873,11.82
2025-03-15 22:15:00,Two-Wheeler,44.3215419553437,11,1,21.31837374773074,5.97
2025-03-15 22:30:00,Bus,26.34232071527248,11,2,25.68961265054456,5.23
2025-03-15 22:45:00,Two-Wheeler,19.27457863024094,11,7,32.872638452608285,10.69
2025-03-15 23:00:00,Two-Wheeler,58.221517619009234,11,3,17.22624416263832,9.12
2025-03-15 23:15:00,Car,33.205643363688246,22,0,23.299646055278384,9.49
2025-03-15 23:30:00,Car,16.533100538896978,22,3,14.3786687054454,9.82
2025-03-15 23:45:00,Car,34.88962045024424,11,5,31.7057750676729,10.21
2025-03-16 00:00:00,Car,15.293742636912667,11,3,26.26215921265487,9.13
2025-03-16 00:15:00,Bus,30.820077448382982,22,5,23.17031834601155,6.31
2025-03-16 00:30:00,Bus,27.77076871349444,22,2,26.266505885231574,9.45
2025-03-16 00:45:00,Car,60.164759816270575,7,0,11.583495050803132,11.45
2025-03-16 01:00:00,Two-Wheeler,53.976903574123725,11,0,28.811412431082907,10.93
2025-03-16 01:15:00,Car,36.67084971677478,22,6,17.779125612921305,5.01
2025-03-16 01:30:00,Bus,47.05008155037764,22,6,32.57893665764466,13.6
2025-03-16 01:45:00,Two-Wheeler,29.438582631391537,22,7,19.059106960089608,6.49
2025-03-16 02:00:00,Two-Wheeler,88.07637200448032,11,4,31.77218933326821,7.14
2025-03-16 02:15:00,Car,65.87023280837995,11,7,18.138639864141943,12.85
2025-03-16 02:30:00,Car,23.791359207527417,22,3,32.12687971847493,10.57
2025-03-16 02:45:00,Car,25.777040840312992,7,7,20.603061601172634,8.84
2025-03-16 03:00:00,Car,43.93086149465983,22,1,19.16030424714203,10.33
2025-03-16 03:15:00,Bus,23.669533723093558,7,13,34.01289506935552,5.18
2025-03-16 03:30:00,Car,39.53221274856332,11,0,16.284838839825433,13.78
2025-03-16 03:45:00,Car,34.40183946241508,7,3,31.609999141115786,10.25
2025-03-16 04:00:00,Two-Wheeler,18.806216830871996,50,2,16.90690746363058,7.81
2025-03-16 04:15:00,Two-Wheeler,82.39329012527523,50,5,26.769993194686567,5.14
2025-03-16 04:30:00,Two-Wheeler,45.72302901002295,11,4,18.173785389282713,12.5
2025-03-16 04:45:00,Two-Wheeler,30.907048352659004,22,3,29.703051143778428,7.54
2025-03-16 05:00:00,Two-Wheeler,45.528871630957106,7,1,20.175147261526224,11.34
2025-03-16 05:15:00,Car,27.017455106827736,7,2,13.355998352454751,12.0
2025-03-16 05:30:00,Bus,37.60607721085246,50,3,30.83704042082797,5.32
2025-03-16 05:45:00,Car,17.496716589678066,22,8,30.624918895936066,11.65
2025-03-16 06:00:00,Bus,43.08889399602919,50,8,23.829255557841762,6.76
2025-03-16 06:15:00,Bus,44.668889888595885,7,6,32.62509954112328,12.93
2025-03-16 06:30:00,Car,34.7252453255438,7,2,20.237792024389602,9.38
2025-03-16 06:45:00,Bus,67.55713518229291,50,2,23.259122114918316,10.2
2025-03-16 07:00:00,Bus,23.57902383951723,11,5,71.63718858470232,8.39
2025-03-16 07:15:00,Two-Wheeler,44.46293953107376,11,6,89.27107557136478,13.94
2025-03-16 07:30:00,Two-Wheeler,42.215254256384284,7,5,100.0,13.45
2025-03-16 07:45:00,Two-Wheeler,42.268783138873026,22,2,94.72505541690168,5.03
2025-03-16 08:00:00,Two-Wheeler,37.88773151314311,22,7,85.43377975919358,10.01
2025-03-16 08:15:00,Bus,23.62163852978478,22,6,89.62866636362608,10.46
2025-03-16 08:30:00,Two-Wheeler,50.523478541579614,11,8,95.62626279295833,5.91
2025-03-16 08:45:00,Two-Wheeler,39.099007713808284,22,7,74.57266193889954,7.06
2025-03-16 09:00:00,Bus,31.142610610778288,50,5,74.78535169020516,12.97
2025-03-16 09:15:00,Two-Wheeler,16.752752958239128,7,6,74.3063385648075,13.09
2025-03-16 09:30:00,Two-Wheeler,25.937011153756032,50,3,80.26823000861208,8.33
2025-03-16 09:45:00,Two-Wheeler,68.47486407031127,50,5,82.07253085266467,9.9
2025-03-16 10:00:00,Two-Wheeler,40.56644232225978,11,8,90.06781044214137,5.97
2025-03-16 10:15:00,Car,36.43590423908162,7,2,89.83547277597282,7.01
2025-03-16 10:30:00,Two-Wheeler,62.176055892345786,11,5,67.5523252987187,11.0
2025-03-16 10:45:00,Two-Wheeler,13.440252751733055,22,3,100.0,12.03
2025-03-16 11:00:00,Car,36.653081087473744,50,4,63.42145207140943,12.68
2025-03-16 11:15:00,Bus,33.63223208253775,7,10,46.46142393950363,12.09
2025-03-16 11:30:00,Bus,33.010261867380436,11,1,55.694463259882525,9.8
2025-03-16 11:45:00,Car,35.287013398403516,11,5,41.415437832678165,9.12
2025-03-16 12:00:00,Car,55.25803109881086,22,10,55.326956513019354,7.3
2025-03-16 12:15:00,Bus,35.97314849853228,50,7,58.112358302385765,12.55
2025-03-16 12:30:00,Bus,56.06427739492915,22,3,47.81277342387377,8.62
2025-03-16 12:45:00,Car,40.44259268757319,22,8,50.90095965219986,8.32
2025-03-16 13:00:00,Bus,18.132087838100375,50,4,50.25647119586753,6.06
2025-03-16 13:15:00,Car,47.80792335668309,22,3,49.12953722133811,10.54
2025-03-16 13:30:00,Two-Wheeler,26.828498063232583,11,8,53.11658617746457,6.28
2025-03-16 13:45:00,Two-Wheeler,26.350108943229223,7,3,58.16847920949037,13.3
2025-03-16 14:00:00,Car,20.883749491280703,50,8,53.537835071323656,12.05
2025-03-16 14:15:00,Two-Wheeler,16.804255021306055,11,6,51.784171253280086,10.39
2025-03-16 14:30:00,Bus,55.59580849343312,7,9,57.83400098795266,5.77
2025-03-16 14:45:00,Car,26.83673994539754,11,7,51.20145624541579,9.33
2025-03-16 15:00:00,Two-Wheeler,49.03298059318668,50,3,42.72642148941454,12.57
2025-03-16 15:15:00,Bus,23.541312723695587,22,3,46.244834651176,11.22
2025-03-16 15:30:00,Two-Wheeler,72.22978359160649,50,1,32.165580783644124,10.66
2025-03-16 15:45:00,Bus,27.41191127171728,7,7,65.57454034258905,8.25
2025-03-16 16:00:00,Car,21.773914510124047,50,1,43.31489226380603,14.23
2025-03-16 16:15:00,Car,33.70804935542492,11,1,40.98060528112272,8.32
2025-03-16 16:30:00,Bus,31.971938144651823,22,3,60.1260090356416,6.42
2025-03-16 16:45:00,Two-Wheeler,23.642449209646045,22,3,37.41732746813315,9.21
2025-03-16 17:00:00,Bus,17.165310754953243,22,0,81.93929342733095,8.32
2025-03-16 17:15:00,Bus,83.3770548941994,7,1,91.16819044378236,5.73
2025-03-16 17:30:00,Bus,45.14858207630832,11,0,90.6883808296446,13.2
2025-03-16 17:45:00,Bus,59.26731333564753,7,5,73.58337539148722,12.26
2025-03-16 18:00:00,Car,47.45523519741604,7,11,86.70787578586388,6.9
2025-03-16 18:15:00,Car,35.31283241693699,7,4,83.98879204350038,11.68
2025-03-16 18:30:00,Car,50.20292396337839,22,5,80.59455746580633,11.07
2025-03-16 18:45:00,Two-Wheeler,39.75770659213337,7,4,99.27078345413375,6.56
2025-03-16 19:00:00,Two-Wheeler,24.2253309302945,50,5,97.84557530950411,6.63
2025-03-16 19:15:00,Car,24.2660612188494,22,8,89.83395457330562,11.17
2025-03-16 19:30:00,Bus,25.148744765299618,22,3,87.7255566057378,12.64
2025-03-16 19:45:00,Two-Wheeler,34.612309041192745,11,4,88.10503827727459,10.71
2025-03-16 20:00:00,Bus,65.05885340033294,7,8,100.0,12.43
2025-03-16 20:15:00,Two-Wheeler,50.324569427884406,7,10,100.0,8.13
2025-03-16 20:30:00,Bus,30.189024421706307,50,6,88.77115707541336,11.77
2025-03-16 20:45:00,Bus,13.121068915921871,22,5,100.0,6.48
2025-03-16 21:00:00,Bus,32.18965275983325,50,2,78.43175686590122,10.45
2025-03-16 21:15:00,Car,30.147033904121106,11,3,71.07387389697843,14.45
2025-03-16 21:30:00,Bus,17.755419451086997,22,2,79.03829320808164,7.81
2025-03-16 21:45:00,Bus,44.39410093461666,22,0,95.11321574409838,5.93
2025-03-16 22:00:00,Two-Wheeler,30.50464740187179,50,8,31.49916799635615,14.52
2025-03-16 22:15:00,Car,28.626756219042164,50,7,32.61937208515874,5.33
2025-03-16 22:30:00,Car,32.353147530635844,50,4,21.315112511528568,5.88
2025-03-16 22:45:00,Two-Wheeler,20.171209391354125,11,1,30.532540580987433,8.95
2025-03-16 23:00:00,Two-Wheeler,82.35943137417713,22,7,35.99995138974631,10.19
2025-03-16 23:15:00,Car,14.358901960441464,7,8,18.441976480267506,8.05
2025-03-16 23:30:00,Bus,22.767834829190797,22,6,27.61795088216661,11.79
2025-03-16 23:45:00,Car,41.61199472051288,50,10,26.893214349727828,11.3
2025-03-17 00:00:00,Two-Wheeler,58.18802733381182,11,5,17.340021489254877,14.32
2025-03-17 00:15:00,Car,15.991056102588635,22,3,20.923769899744592,13.76
2025-03-17 00:30:00,Two-Wheeler,26.716552097152288,11,7,17.359334878063926,10.19
2025-03-17 00:45:00,Bus,53.14997839558195,11,5,26.97328311325065,13.02
2025-03-17 01:00:00,Two-Wheeler,65.99112437682324,50,0,27.672348598943064,13.25
2025-03-17 01:15:00,Car,57.294557834373435,22,5,33.13253131510744,12.04
2025-03-17 01:30:00,Two-Wheeler,64.37960797725917,11,6,32.707151719336764,6.58
2025-03-17 01:45:00,Bus,42.77818005106968,22,1,20.705361521527102,13.95
2025-03-17 02:00:00,Two-Wheeler,13.840254498685013,7,2,14.312014946851836,11.91
2025-03-17 02:15:00,Bus,47.19989718265676,7,5,30.60222944167588,6.32
2025-03-17 02:30:00,Car,22.001740090341496,11,4,26.7737678164891,13.69
2025-03-17 02:45:00,Two-Wheeler,44.23493037241542,11,2,25.867958970787342,8.16
2025-03-17 03:00:00,Bus,33.651423210692954,50,8,26.661712845301498,6.67
2025-03-17 03:15:00,Car,44.11135476783604,22,0,10.053024125874355,9.71
2025-03-17 03:30:00,Two-Wheeler,18.385841765854597,11,4,32.65800480825363,5.13
2025-03-17 03:45:00,Two-Wheeler,54.91658341637126,50,7,19.71733536755286,5.35
2025-03-17 04:00:00,Bus,29.91927768037863,22,3,19.12456505181489,8.36
2025-03-17 04:15:00,Two-Wheeler,47.13980087563975,11,4,20.437966387521186,13.5
2025-03-17 04:30:00,Car,58.6415877210092,50,8,26.686215564576045,10.02
2025-03-17 04:45:00,Car,42.24710507949109,22,4,31.686306422640797,12.53
2025-03-17 05:00:00,Two-Wheeler,31.254631264846985,22,6,16.489691307956875,9.21
2025-03-17 05:15:00,Car,49.52783902526825,22,6,17.22545703094547,14.31
2025-03-17 05:30:00,Car,48.69305767241703,22,6,34.395320589845404,14.58
2025-03-17 05:45:00,Bus,18.437907036299855,11,1,12.684997052433987,13.32
2025-03-17 06:00:00,Bus,13.973984203471876,50,5,29.36934457609245,6.49
2025-03-17 06:15:00,Bus,23.72384399306418,11,5,24.235892702166105,7.47
2025-03-17 06:30:00,Two-Wheeler,29.273819448511272,22,2,19.79281786064085,5.85
2025-03-17 06:45:00,Bus,19.811897611471466,11,1,11.39060310865989,13.02
2025-03-17 07:00:00,Car,43.83055949232981,11,5,74.55779461297503,11.9
2025-03-17 07:15:00,Car,47.902583094664124,50,4,97.42153028669523,5.97
2025-03-17 07:30:00,Car,39.6667151587074,22,8,74.29803535458163,9.46
2025-03-17 07:45:00,Bus,50.46759117956143,50,1,88.75398697252606,8.69
2025-03-17 08:00:00,Bus,45.26917784220836,11,8,80.57518350245458,6.94
2025-03-17 08:15:00,Two-Wheeler,71.51735474595888,22,3,71.4847182380414,7.64
2025-03-17 08:30:00,Car,19.322026943906586,22,2,91.49619763442966,8.4
2025-03-17 08:45:00,Car,31.979891439155264,11,5,86.59671229350224,5.58
2025-03-17 09:00:00,Bus,36.433655988107866,11,2,73.21484950491403,13.4
2025-03-17 09:15:00,Two-Wheeler,31.75128304965726,11,7,100.0,12.3
2025-03-17 09:30:00,Two-Wheeler,16.23258117219927,22,6,75.62869803766208,14.48
2025-03-17 09:45:00,Bus,26.700044497425793,22,5,73.138919588036,11.67
2025-03-17 10:00:00,Car,43.147721495119,11,2,66.68754832728891,5.51
2025-03-17 10:15:00,Bus,24.710257997909004,22,4,68.91194586251095,14.03
2025-03-17 10:30:00,Car,81.7804881090782,7,5,84.14504752622709,6.5
2025-03-17 10:45:00,Bus,86.01245531469209,7,3,100.0,12.17
2025-03-17 11:00:00,Two-Wheeler,53.40933057894207,50,9,67.22917740188738,9.16
2025-03-17 11:15:00,Car,38.08621305248075,50,6,56.95668009837924,10.7
2025-03-17 11:30:00,Bus,61.99836599214997,50,5,60.474462801434825,12.22
2025-03-17 11:45:00,Car,47.06814798761329,11,0,39.46209858650973,5.49
2025-03-17 12:00:00,Two-Wheeler,21.681332864731985,11,3,40.11147484015288,11.64
2025-03-17 12:15:00,Car,19.535560906750383,11,7,56.321560000290816,6.76
2025-03-17 12:30:00,Car,59.712992523387584,22,9,41.6318621349924,11.82
2025-03-17 12:45:00,Car,38.504450024582795,11,4,50.78233199465802,12.54
2025-03-17 13:00:00,Bus,45.54466872583772,22,3,58.81792554441414,13.57
2025-03-17 13:15:00,Two-Wheeler,56.83894809965787,7,6,53.81913606198661,10.42
2025-03-17 13:30:00,Car,44.59409219212414,7,0,37.127445251588114,6.25
2025-03-17 13:45:00,Car,29.77235951657348,50,6,53.88194901110443,7.53
2025-03-17 14:00:00,Bus,31.058058245138124,7,3,57.96182901679717,5.45
2025-03-17 14:15:00,Car,25.52833416250088,7,7,45.505335836762356,7.33
2025-03-17 14:30:00,Bus,21.114809546876053,11,8,47.892185966149455,11.75
2025-03-17 14:45:00,Bus,40.541176748852614,50,5,58.21883689533917,13.9
2025-03-17 15:00:00,Two-Wheeler,33.338115061700634,7,0,35.377303309916904,5.39
2025-03-17 15:15:00,Two-Wheeler,40.211088154038954,11,4,47.43403926046793,6.03
2025-03-17 15:30:00,Two-Wheeler,46.216962265315644,7,8,44.25133518386386,14.93
2025-03-17 15:45:00,Car,65.38124539190257,7,8,45.39519205248852,14.27
2025-03-17 16:00:00,Car,19.049408499296746,22,9,68.7469995455592,11.12
2025-03-17 16:15:00,Two-Wheeler,47.183306360452995,50,8,38.894316703505154,12.59
2025-03-17 16:30:00,Bus,13.57864204697617,50,2,38.65692513424273,9.58
2025-03-17 16:45:00,Car,26.498403671448287,7,4,40.40641654318061,5.69
2025-03-17 17:00:00,Two-Wheeler,49.19192481917571,11,8,73.4132032953484,7.95
2025-03-17 17:15:00,Two-Wheeler,60.10353424711185,7,5,96.76264455514504,7.53
2025-03-17 17:30:00,Bus,36.080364037201946,7,5,100.0,11.26
2025-03-17 17:45:00,Bus,30.797514853528817,7,3,94.96516430528482,6.5
2025-03-17 18:00:00,Car,17.271967528652624,50,5,69.68463810953865,14.05
2025-03-17 18:15:00,Car,34.86501036980225,11,7,70.77801577466471,14.48
2025-03-17 18:30:00,Two-Wheeler,20.00411861514183,7,6,83.57200804730303,9.51
2025-03-17 18:45:00,Two-Wheeler,27.496014946687012,50,4,78.62326793933157,8.33
2025-03-17 19:00:00,Two-Wheeler,44.19069777870735,7,5,66.91737385024508,6.12
2025-03-17 19:15:00,Car,13.617512075573552,11,3,77.88412981365852,6.88
2025-03-17 19:30:00,Two-Wheeler,56.041318916737694,22,9,95.45362521898366,7.68
2025-03-17 19:45:00,Car,34.072427109598515,50,3,100.0,12.1
2025-03-17 20:00:00,Bus,12.394121794586578,22,5,95.95005030209852,14.44
2025-03-17 20:15:00,Bus,65.34136916087786,50,2,63.14106637665245,7.27
2025-03-17 20:30:00,Bus,55.63254135716779,7,4,99.29609830369404,11.53
2025-03-17 20:45:00,Bus,60.74318739192234,7,1,72.53577430382339,13.12
2025-03-17 21:00:00,Car,36.47048728523865,50,3,70.67305721802592,13.18
2025-03-17 21:15:00,Car,19.89193826097441,22,2,88.41227177487897,9.12
2025-03-17 21:30:00,Two-Wheeler,27.781991758129482,7,0,76.0842362483464,6.47
2025-03-17 21:45:00,Two-Wheeler,50.67150657086084,7,3,91.92179107283025,14.32
2025-03-17 22:00:00,Car,34.13326243689653,11,8,36.324478715966855,10.19
2025-03-17 22:15:00,Two-Wheeler,38.5533278618662,50,1,30.473127147618385,6.74
2025-03-17 22:30:00,Car,48.955519218911384,7,6,16.636547367742132,6.03
2025-03-17 22:45:00,Two-Wheeler,36.2291370670326,22,0,27.088590088063402,10.86
2025-03-17 23:00:00,Two-Wheeler,31.62613464007094,11,3,26.56936799137718,13.42
2025-03-17 23:15:00,Bus,31.631339025122635,11,2,15.323175899190865,13.28
2025-03-17 23:30:00,Two-Wheeler,25.67546501775452,22,8,28.198849184001663,13.54
2025-03-17 23:45:00,Two-Wheeler,28.394705388114197,22,5,15.795222678631218,9.49
2025-03-18 00:00:00,Two-Wheeler,45.020189958864414,50,8,37.443225366077726,11.12
2025-03-18 00:15:00,Bus,43.48888516274554,50,5,33.79160948564684,7.01
2025-03-18 00:30:00,Two-Wheeler,15.414083752989114,7,2,19.363224486399677,5.82
2025-03-18 00:45:00,Car,86.94711300370612,11,3,14.778451949891561,9.89
2025-03-18 01:00:00,Car,23.32864680282013,50,4,23.371053560705995,10.63
2025-03-18 01:15:00,Bus,43.537129120069935,50,5,22.173437247500015,12.26
2025-03-18 01:30:00,Two-Wheeler,32.76640191122931,22,8,19.44993444732915,10.07
2025-03-18 01:45:00,Bus,36.657049320565186,7,6,21.045357427574892,13.19
2025-03-18 02:00:00,Bus,60.77895702617456,7,3,16.208053811547334,5.85
2025-03-18 02:15:00,Bus,49.23290127018264,7,3,29.958166867641435,8.59
2025-03-18 02:30:00,Two-Wheeler,39.23586139917357,11,1,15.966892133961478,9.65
2025-03-18 02:45:00,Two-Wheeler,69.51935334943367,7,8,26.08231085976561,6.47
2025-03-18 03:00:00,Car,41.79043197884592,50,5,33.12373299331526,9.58
2025-03-18 03:15:00,Two-Wheeler,34.79769418248552,22,5,17.05900904632484,6.83
2025-03-18 03:30:00,Two-Wheeler,43.662375720978126,7,2,31.79253836642959,8.63
2025-03-18 03:45:00,Two-Wheeler,14.875609463556245,11,8,28.4968936432777,13.72
2025-03-18 04:00:00,Two-Wheeler,34.94938569336649,22,7,17.8638709400952,14.41
2025-03-18 04:15:00,Bus,29.11033831612372,22,6,20.370316218271444,9.46
2025-03-18 04:30:00,Two-Wheeler,82.74366110618037,22,8,22.272366269785554,5.06
2025-03-18 04:45:00,Two-Wheeler,65.77160404161336,50,5,33.32115494265754,10.64
2025-03-18 05:00:00,Car,12.20451568709896,50,6,34.96523047988872,12.01
2025-03-18 05:15:00,Two-Wheeler,20.605202251901783,11,3,13.10806982162628,13.45
2025-03-18 05:30:00,Car,26.600850711685492,7,2,17.0236268850488,10.33
2025-03-18 05:45:00,Car,53.32779026127446,11,4,23.881129875961694,8.16
2025-03-18 06:00:00,Bus,25.17607143381862,11,5,21.402613187202448,12.03
2025-03-18 06:15:00,Car,48.22904637346945,50,4,20.13370761476357,10.15
2025-03-18 06:30:00,Two-Wheeler,47.25702358116948,50,1,22.314652464348573,13.53
2025-03-18 06:45:00,Car,47.30321157707485,22,6,21.93126235576113,14.17
2025-03-18 07:00:00,Car,17.302827130465033,50,2,94.69518621741673,9.64
2025-03-18 07:15:00,Two-Wheeler,16.369795154136483,50,6,91.3518418091121,11.74
2025-03-18 07:30:00,Two-Wheeler,17.373827501742817,11,4,90.52901546279375,8.45
2025-03-18 07:45:00,Car,17.161883587022597,11,6,85.77656825645003,10.53
2025-03-18 08:00:00,Bus,18.242346965027746,22,6,77.28293024246813,13.42
2025-03-18 08:15:00,Car,26.628878619258977,22,7,100.0,11.77
2025-03-18 08:30:00,Bus,24.34714708223262,11,3,64.19125735510062,7.27
2025-03-18 08:45:00,Two-Wheeler,21.80042664407308,7,5,67.57125966013292,13.56
2025-03-18 09:00:00,Bus,44.8553832670361,11,0,92.44721705382867,13.04
2025-03-18 09:15:00,Car,13.36249100545504,7,6,82.55101148026321,8.08
2025-03-18 09:30:00,Two-Wheeler,25.056474597022703,50,9,100.0,6.1
2025-03-18 09:45:00,Car,36.46775087265177,50,5,94.15173966616702,9.22
2025-03-18 10:00:00,Car,16.638375726360273,22,3,74.07922965088547,5.48
2025-03-18 10:15:00,Bus,20.550297528242325,7,3,99.17214015555082,7.58
2025-03-18 10:30:00,Two-Wheeler,20.056685101455184,22,3,70.81456933293427,6.68
2025-03-18 10:45:00,Car,41.62533097493722,11,9,100.0,7.77
2025-03-18 11:00:00,Car,17.437679865825235,7,7,52.38218657735435,9.81
2025-03-18 11:15:00,Two-Wheeler,54.95237057451338,11,6,43.19593796001816,7.41
2025-03-18 11:30:00,Car,20.85098412188181,50,1,52.78005533006643,7.76
2025-03-18 11:45:00,Two-Wheeler,77.6753604211606,50,7,57.9516722825462,10.91
2025-03-18 12:00:00,Car,52.20938748986348,7,2,36.08930707575664,15.0
2025-03-18 12:15:00,Two-Wheeler,16.955578301626385,22,8,62.87573678995849,5.34
2025-03-18 12:30:00,Car,13.557364514708418,7,3,62.324991003392995,6.59
2025-03-18 12:45:00,Car,26.763563512330467,11,1,46.15764265448338,7.92
2025-03-18 13:00:00,Car,37.820487046225786,7,3,36.39765476828506,8.69
2025-03-18 13:15:00,Bus,47.48922657245745,11,4,57.56573070153492,10.24
2025-03-18 13:30:00,Two-Wheeler,36.035426711434134,11,6,51.843098670049855,14.45
2025-03-18 13:45:00,Car,55.60752400720976,11,3,44.99077584690624,9.26
2025-03-18 14:00:00,Bus,22.067294240986662,7,6,43.79898169340176,6.31
2025-03-18 14:15:00,Car,22.70005858833249,50,6,53.45102560322416,13.5
2025-03-18 14:30:00,Car,75.80491755677778,11,6,49.727945223389845,6.91
2025-03-18 14:45:00,Bus,83.81729943602636,7,2,39.29747491341555,10.75
2025-03-18 15:00:00,Car,55.11026755755146,50,4,53.22133165553078,11.66
2025-03-18 15:15:00,Car,27.02337378823386,11,5,35.54191446125192,5.23
2025-03-18 15:30:00,Two-Wheeler,58.54823475303105,50,4,35.07229197741823,12.66
2025-03-18 15:45:00,Car,64.21041658039717,22,6,56.350475854327996,8.47
2025-03-18 16:00:00,Two-Wheeler,23.655141532599092,22,6,46.07005117320776,6.64
2025-03-18 16:15:00,Car,28.002682744188675,7,7,64.66521984743063,6.38
2025-03-18 16:30:00,Car,43.914140168410164,7,5,47.10359793765396,6.3
2025-03-18 16:45:00,Bus,46.419117414466335,7,7,42.77942842800437,12.17
2025-03-18 17:00:00,Bus,15.448197982989356,22,0,93.41523619570941,14.35
2025-03-18 17:15:00,Bus,39.99391002225279,11,1,99.74033969935492,9.46
2025-03-18 17:30:00,Bus,39.99520493142976,7,3,81.59199620216734,8.6
2025-03-18 17:45:00,Bus,12.283753491490915,11,4,100.0,8.98
2025-03-18 18:00:00,Two-Wheeler,43.05705760389682,22,0,77.23333030364488,6.49
2025-03-18 18:15:00,Bus,30.254045416991207,50,4,71.43927595882052,11.58
2025-03-18 18:30:00,Bus,44.55621553645236,11,3,71.65914627287427,10.21
2025-03-18 18:45:00,Two-Wheeler,32.02147976510281,7,0,90.58267012082972,11.9
2025-03-18 19:00:00,Car,58.49141461087881,11,8,91.08930896239895,5.95
2025-03-18 19:15:00,Two-Wheeler,14.740711236240077,22,1,93.80056997600241,13.76
2025-03-18 19:30:00,Two-Wheeler,41.717114297329324,11,6,86.84952840416213,11.56
2025-03-18 19:45:00,Two-Wheeler,21.66743949294394,22,8,100.0,9.44
2025-03-18 20:00:00,Car,17.965410070896827,22,0,82.08764041493905,6.22
2025-03-18 20:15:00,Bus,49.767872857664265,22,6,66.31966135782396,9.42
2025-03-18 20:30:00,Two-Wheeler,55.06349732875559,11,2,72.00793095269069,9.63
2025-03-18 20:45:00,Bus,23.95475821048935,50,1,89.43359670271485,5.8
2025-03-18 21:00:00,Two-Wheeler,23.89121728083838,50,3,97.31432436230187,13.31
2025-03-18 21:15:00,Two-Wheeler,48.979004317509734,11,6,100.0,13.0
2025-03-18 21:30:00,Two-Wheeler,26.75558380410073,11,4,70.5517744587967,8.77
2025-03-18 21:45:00,Two-Wheeler,27.861101297301904,50,8,92.36095185914125,7.94
2025-03-18 22:00:00,Two-Wheeler,31.488053689016237,22,0,27.720579046330993,14.4
2025-03-18 22:15:00,Two-Wheeler,8.333333333333332,50,7,24.62065048362463,8.5
2025-03-18 22:30:00,Two-Wheeler,80.58027318495009,50,5,17.741895597070215,9.17
2025-03-18 22:45:00,Car,53.40575787921422,22,4,27.279698879089437,12.31
2025-03-18 23:00:00,Bus,33.894140913277056,50,5,20.726638659425703,7.89
2025-03-18 23:15:00,Car,74.60772041142266,22,0,14.620213796616955,13.58
2025-03-18 23:30:00,Two-Wheeler,34.87928337422473,7,0,16.39937831726743,7.37
2025-03-18 23:45:00,Two-Wheeler,52.871323341271896,11,7,23.849122141524724,6.58
2025-03-19 00:00:00,Car,58.75577354051864,50,4,23.80337438205737,7.01
2025-03-19 00:15:00,Car,22.526505662721394,22,1,26.854722887780884,10.01
2025-03-19 00:30:00,Car,63.71599021858455,22,2,18.612451357404105,10.42
2025-03-19 00:45:00,Car,61.60093227156531,11,3,15.237251090490899,9.73
2025-03-19 01:00:00,Bus,40.154829730300214,11,5,18.94343082774101,7.42
2025-03-19 01:15:00,Bus,15.053523022480885,7,0,15.855777280515845,10.32
2025-03-19 01:30:00,Car,24.169285038490955,11,6,31.535948632194305,7.53
2025-03-19 01:45:00,Bus,41.489184603830886,50,4,20.025401449157748,8.3
2025-03-19 02:00:00,Two-Wheeler,62.399422971349196,11,6,29.398299449434035,9.18
2025-03-19 02:15:00,Car,59.20481501679034,7,2,31.000926161277548,14.18
2025-03-19 02:30:00,Bus,54.548090681134454,7,6,19.894375306820745,11.42
2025-03-19 02:45:00,Bus,15.386311098925772,7,4,33.01570446147886,10.01
2025-03-19 03:00:00,Car,21.347726160853714,11,6,31.450256149924734,8.82
2025-03-19 03:15:00,Bus,18.67364400766339,50,6,34.18556261379395,9.37
2025-03-19 03:30:00,Bus,86.05884795174262,50,6,30.37205488613561,14.17
2025-03-19 03:45:00,Bus,41.90412487316087,11,3,20.342804185189006,5.63
2025-03-19 04:00:00,Car,26.61799452395,22,10,38.251943160773024,9.33
2025-03-19 04:15:00,Car,58.56720169770842,22,3,24.799931106249907,5.22
2025-03-19 04:30:00,Bus,19.220806026794772,7,7,29.42080665799328,13.12
2025-03-19 04:45:00,Car,21.835835496168293,22,7,30.45692833906039,7.12
2025-03-19 05:00:00,Bus,54.299369782294036,50,0,29.224621348396767,14.74
2025-03-19 05:15:00,Bus,16.716303205150275,11,0,18.35137009194534,13.94
2025-03-19 05:30:00,Bus,44.551247878647395,22,7,34.35875999646913,8.39
2025-03-19 05:45:00,Two-Wheeler,11.415198640809542,50,2,17.949629953974892,11.95
2025-03-19 06:00:00,Car,56.03730304276135,22,2,15.93146391925482,10.37
2025-03-19 06:15:00,Two-Wheeler,40.40721917801196,11,0,29.04797159498344,10.52
2025-03-19 06:30:00,Two-Wheeler,30.50635044954597,11,5,20.023580493381438,9.44
2025-03-19 06:45:00,Bus,74.70783835134816,22,6,31.335981247401484,9.95
2025-03-19 07:00:00,Bus,55.936379381677945,50,1,69.90484527228575,8.05
2025-03-19 07:15:00,Two-Wheeler,56.320281077427445,11,5,73.46340720599018,14.34
2025-03-19 07:30:00,Two-Wheeler,26.369222669543273,11,2,66.55405431959001,8.36
2025-03-19 07:45:00,Bus,18.7100199858327,7,0,92.01963175997398,13.22
2025-03-19 08:00:00,Two-Wheeler,69.42998039494515,50,2,79.63935225249566,8.72
2025-03-19 08:15:00,Car,18.82342237122377,50,9,83.92072302025763,11.61
2025-03-19 08:30:00,Car,39.41064209874727,7,7,90.65463745355932,6.18
2025-03-19 08:45:00,Two-Wheeler,17.122242371900974,11,7,94.29773726423511,14.66
2025-03-19 09:00:00,Two-Wheeler,30.13527776605807,7,1,64.7434566487106,11.88
2025-03-19 09:15:00,Car,25.000248010750038,11,11,95.01894554456806,14.73
2025-03-19 09:30:00,Bus,18.745235228168116,11,1,95.94623585127842,8.87
2025-03-19 09:45:00,Two-Wheeler,56.27151953036266,11,4,69.838193505129,11.67
2025-03-19 10:00:00,Car,69.92834704455728,11,5,73.27600109743025,14.62
2025-03-19 10:15:00,Bus,32.11601678096811,7,1,62.8374386473777,14.37
2025-03-19 10:30:00,Car,19.09562328773084,7,8,68.01550480177136,14.6
2025-03-19 10:45:00,Car,16.9476828147674,22,5,94.31252781771488,13.89
2025-03-19 11:00:00,Two-Wheeler,44.28703021745769,7,5,59.51203479825637,6.71
2025-03-19 11:15:00,Bus,15.71687200562134,22,7,40.20171387319061,7.94
2025-03-19 11:30:00,Bus,35.14478523826338,7,12,42.594898126953495,12.42
2025-03-19 11:45:00,Car,43.63536097544972,22,3,46.34951152202329,12.03
2025-03-19 12:00:00,Two-Wheeler,51.832838121342945,50,3,39.30721539841067,12.54
2025-03-19 12:15:00,Bus,41.149349544072784,50,4,40.11823561036226,14.95
2025-03-19 12:30:00,Bus,34.38980712005851,50,6,56.672745388791995,12.44
2025-03-19 12:45:00,Bus,66.37278149503614,22,2,60.432454656484666,13.14
2025-03-19 13:00:00,Car,60.283786698723624,11,1,42.01771633881434,10.51
2025-03-19 13:15:00,Two-Wheeler,65.3210725482729,22,2,32.261080857434735,13.16
2025-03-19 13:30:00,Bus,82.34998345180935,11,1,44.124825624170164,14.5
2025-03-19 13:45:00,Bus,41.45323693645684,22,1,51.08953467656599,7.43
2025-03-19 14:00:00,Bus,47.63550468994434,50,7,43.30511450634823,6.25
2025-03-19 14:15:00,Two-Wheeler,28.922412321116557,50,3,46.636306983135505,11.64
2025-03-19 14:30:00,Bus,38.84220969460207,11,6,39.26097459399133,14.32
2025-03-19 14:45:00,Car,39.30265891106591,22,5,52.14368241767606,11.78
2025-03-19 15:00:00,Two-Wheeler,14.01672945876825,7,8,65.9097541244017,12.22
2025-03-19 15:15:00,Bus,83.49813355309288,22,10,47.880496799638294,8.15
2025-03-19 15:30:00,Two-Wheeler,21.624250627503514,7,9,64.67375149855413,5.81
2025-03-19 15:45:00,Car,29.14910815566831,50,3,55.78459005806373,7.17
2025-03-19 16:00:00,Bus,65.38590834875482,50,3,44.167486668617144,5.63
2025-03-19 16:15:00,Two-Wheeler,61.916730881141376,11,7,62.77714068854554,14.93
2025-03-19 16:30:00,Car,40.187975285802075,50,5,39.78400578293824,7.99
2025-03-19 16:45:00,Two-Wheeler,31.040441860082534,22,2,50.19391765202986,9.61
2025-03-19 17:00:00,Car,70.3045265156084,50,5,84.76432467064414,7.14
2025-03-19 17:15:00,Two-Wheeler,26.960939685078436,7,5,94.64769467827932,10.82
2025-03-19 17:30:00,Two-Wheeler,75.14106781626454,50,1,97.94835379562383,8.75
2025-03-19 17:45:00,Car,50.27613080733323,50,0,77.3845110196329,7.78
2025-03-19 18:00:00,Bus,53.78367228187091,7,0,74.4901705556195,12.27
2025-03-19 18:15:00,Car,18.84722924666108,50,7,94.78891127819325,8.89
2025-03-19 18:30:00,Bus,24.518671382637077,50,4,82.47301949786498,10.03
2025-03-19 18:45:00,Bus,24.439464927333276,11,5,85.9827787994567,6.62
2025-03-19 19:00:00,Two-Wheeler,11.650175552747701,7,5,76.88955437188847,14.97
2025-03-19 19:15:00,Car,24.306652433291816,22,2,78.08319417728437,6.84
2025-03-19 19:30:00,Car,27.634979565916396,7,1,61.06563934123409,11.98
2025-03-19 19:45:00,Bus,21.06853969425459,7,8,81.81756253032354,15.0
2025-03-19 20:00:00,Bus,50.81041721637637,7,6,74.39857270450531,11.91
2025-03-19 20:15:00,Car,30.57429377674267,7,7,80.91801646885716,6.73
2025-03-19 20:30:00,Car,40.56640915810446,11,6,84.23168715750879,14.05
2025-03-19 20:45:00,Bus,23.468782752647105,7,0,80.96375755985204,12.28
2025-03-19 21:00:00,Bus,55.28560090198362,50,4,100.0,12.1
2025-03-19 21:15:00,Bus,14.90301760734746,22,5,65.98526023251824,13.51
2025-03-19 21:30:00,Two-Wheeler,39.18846840618941,22,7,69.1755066728305,10.28
2025-03-19 21:45:00,Car,61.254723179120376,11,4,73.5354030371878,9.67
2025-03-19 22:00:00,Two-Wheeler,54.2168974209458,22,3,13.373187050473557,9.31
2025-03-19 22:15:00,Two-Wheeler,22.71559963331939,11,5,31.83403847636338,5.6
2025-03-19 22:30:00,Car,50.27034409820598,7,7,31.36442996350578,6.28
2025-03-19 22:45:00,Bus,58.29373900534139,50,1,26.901331283246137,14.49
2025-03-19 23:00:00,Bus,16.134770321243924,11,6,31.705134016678056,5.07
2025-03-19 23:15:00,Bus,34.45344283589141,22,5,32.869462678942625,13.5
2025-03-19 23:30:00,Two-Wheeler,25.107668612839532,7,8,31.43721091650415,10.9
2025-03-19 23:45:00,Bus,27.44841701453599,50,6,18.967926818129396,9.49
2025-03-20 00:00:00,Bus,22.108347053512016,7,4,18.674151369969874,10.75
2025-03-20 00:15:00,Car,87.24891123321845,22,7,25.347475992159893,12.6
2025-03-20 00:30:00,Car,31.839208971886617,22,9,24.732698265209425,9.89
2025-03-20 00:45:00,Bus,26.080868641748307,22,7,27.139661209552585,11.64
2025-03-20 01:00:00,Bus,30.63774955393346,50,0,14.432056623546266,12.91
2025-03-20 01:15:00,Bus,32.747046736340195,50,8,28.43894426519592,7.08
2025-03-20 01:30:00,Car,31.923464684431735,22,0,23.335030746165373,9.94
2025-03-20 01:45:00,Two-Wheeler,46.46550826311651,7,1,19.779157001676726,5.24
2025-03-20 02:00:00,Bus,23.778793112814785,50,3,14.71390379056827,11.93
2025-03-20 02:15:00,Two-Wheeler,46.38228341786701,50,3,26.958131365048395,7.05
2025-03-20 02:30:00,Car,66.23949625182553,50,11,28.202661737307764,9.58
2025-03-20 02:45:00,Bus,52.523583175927634,11,3,19.64493464405751,11.66
2025-03-20 03:00:00,Car,85.727549641422,11,2,14.656454128528669,9.95
2025-03-20 03:15:00,Two-Wheeler,33.239110061479174,50,5,23.295638027182328,12.42
2025-03-20 03:30:00,Car,63.61589662502396,7,6,20.799433802884568,10.16
2025-03-20 03:45:00,Two-Wheeler,16.047503462761064,22,7,31.131274005590228,8.86
2025-03-20 04:00:00,Two-Wheeler,42.188897772345,7,9,23.50770813751075,11.82
2025-03-20 04:15:00,Two-Wheeler,16.408908868441706,22,7,33.75803609063919,10.55
2025-03-20 04:30:00,Two-Wheeler,13.605074541858054,7,6,23.593561995236403,12.92
2025-03-20 04:45:00,Car,81.79452098006757,22,0,28.07311705978768,7.71
2025-03-20 05:00:00,Car,62.87196677851662,22,4,32.791001664051464,8.59
2025-03-20 05:15:00,Bus,34.54241127618536,11,7,24.25524011809314,13.49
2025-03-20 05:30:00,Car,22.964070800149663,22,0,26.91259757736028,10.21
2025-03-20 05:45:00,Two-Wheeler,30.433076104874214,11,1,17.842343818237932,5.67
2025-03-20 06:00:00,Bus,15.652812463885631,7,4,14.424002872413924,9.91
2025-03-20 06:15:00,Bus,83.69346475049016,7,4,15.970524315044983,7.33
2025-03-20 06:30:00,Two-Wheeler,70.86173869880122,50,3,27.989256291089994,6.23
2025-03-20 06:45:00,Two-Wheeler,63.87889554792522,50,0,27.779925166703674,12.69
2025-03-20 07:00:00,Two-Wheeler,77.21860906546397,22,9,76.90188391271364,6.67
2025-03-20 07:15:00,Two-Wheeler,21.7877415027439,11,1,69.45721686599353,13.49
2025-03-20 07:30:00,Two-Wheeler,47.384139432689835,22,6,96.27621672200955,12.05
2025-03-20 07:45:00,Two-Wheeler,44.31396145510125,11,8,71.73653837953196,12.78
2025-03-20 08:00:00,Bus,55.27333669245053,50,4,88.72074194710696,12.09
2025-03-20 08:15:00,Two-Wheeler,68.12069800384394,11,0,84.96677761343712,14.69
2025-03-20 08:30:00,Two-Wheeler,52.54017176195313,7,7,76.14466027472777,12.03
2025-03-20 08:45:00,Car,42.59701488450265,7,3,64.18036549620652,11.28
2025-03-20 09:00:00,Bus,29.46791011159143,7,2,79.31153730209252,10.39
2025-03-20 09:15:00,Bus,26.275954816543663,50,7,77.57478947349597,6.38
2025-03-20 09:30:00,Two-Wheeler,41.15876136741428,7,1,75.9452182123776,9.96
2025-03-20 09:45:00,Bus,55.00043542894709,7,8,85.1238331405073,14.34
2025-03-20 10:00:00,Two-Wheeler,42.064303040767214,50,7,100.0,10.42
2025-03-20 10:15:00,Car,37.68006758405075,50,8,82.90099748384175,11.3
2025-03-20 10:30:00,Car,22.33421223476221,22,3,85.41139172727912,11.45
2025-03-20 10:45:00,Car,30.473794905893037,50,11,77.04393803576461,5.6
2025-03-20 11:00:00,Bus,26.530452282692238,11,4,38.07290686537245,10.4
2025-03-20 11:15:00,Car,48.82327098092755,22,5,52.29699855079251,14.96
2025-03-20 11:30:00,Two-Wheeler,23.626808021690906,7,14,67.59386625718486,14.99
2025-03-20 11:45:00,Two-Wheeler,18.85351201367934,7,6,61.98856440987675,8.2
2025-03-20 12:00:00,Two-Wheeler,16.183819800098515,11,1,32.785352913840995,11.51
2025-03-20 12:15:00,Car,86.26112769638343,7,4,59.85092799718535,12.23
2025-03-20 12:30:00,Two-Wheeler,16.14405151080366,22,7,64.49360137542516,6.55
2025-03-20 12:45:00,Bus,33.9408207481066,22,2,39.72623566230313,7.07
2025-03-20 13:00:00,Car,24.83127729280478,50,4,37.87952895129779,14.72
2025-03-20 13:15:00,Bus,23.440811703532475,11,8,52.688396134763465,12.29
2025-03-20 13:30:00,Car,21.09073732053071,11,5,55.00840997715285,9.54
2025-03-20 13:45:00,Car,24.24735641294752,50,0,39.4939800043111,5.44
2025-03-20 14:00:00,Car,85.59595775833199,11,6,37.60287117928837,11.62
2025-03-20 14:15:00,Car,13.217499800209318,22,4,56.183145567882974,14.25
2025-03-20 14:30:00,Bus,80.3988196888042,7,2,34.9000857767963,9.41
2025-03-20 14:45:00,Bus,20.771743321224616,22,3,36.63006796732413,7.14
2025-03-20 15:00:00,Car,19.794193087930665,11,10,48.00233830526409,5.67
2025-03-20 15:15:00,Two-Wheeler,48.53832999193961,50,2,61.57676857453619,14.27
2025-03-20 15:30:00,Car,32.615212263484295,11,0,49.780406543508576,12.37
2025-03-20 15:45:00,Two-Wheeler,27.568756189920094,22,14,73.40290096275393,7.94
2025-03-20 16:00:00,Two-Wheeler,35.86110894502126,11,5,50.587844471925365,5.09
2025-03-20 16:15:00,Car,39.500925858444305,7,1,31.569112737510423,7.78
2025-03-20 16:30:00,Car,18.23734987751128,11,3,51.042523246060945,9.09
2025-03-20 16:45:00,Two-Wheeler,39.59999196730159,22,1,54.328986538956364,14.87
2025-03-20 17:00:00,Car,50.81346121431686,22,12,86.651979491694,8.02
2025-03-20 17:15:00,Two-Wheeler,39.26519254170824,7,0,68.28787736529154,12.24
2025-03-20 17:30:00,Two-Wheeler,24.53935348878402,50,1,89.62121568000144,9.57
2025-03-20 17:45:00,Bus,35.644930327062525,11,4,88.31243215092749,14.3
2025-03-20 18:00:00,Bus,59.31412770925968,7,1,85.3008142291399,10.5
2025-03-20 18:15:00,Bus,34.88888386360275,7,5,100.0,12.72
2025-03-20 18:30:00,Car,39.22925287514167,7,2,74.82652572704627,11.62
2025-03-20 18:45:00,Two-Wheeler,49.02995502739426,50,13,77.88740289941894,13.36
2025-03-20 19:00:00,Bus,14.935509593390217,50,5,94.2095525444667,9.19
2025-03-20 19:15:00,Two-Wheeler,49.14986548673355,11,2,87.19248539110698,5.08
2025-03-20 19:30:00,Car,38.46623787857727,7,7,85.88261255359218,12.65
2025-03-20 19:45:00,Bus,72.58950368028155,22,7,79.41535456617005,11.13
2025-03-20 20:00:00,Two-Wheeler,44.47933125030466,11,7,71.7122057150615,9.39
2025-03-20 20:15:00,Two-Wheeler,60.95806043251935,7,2,67.05564817441858,10.54
2025-03-20 20:30:00,Bus,22.571091861729442,11,5,86.33077136138849,11.39
2025-03-20 20:45:00,Two-Wheeler,39.07810975216128,7,5,99.59696136241762,11.59
2025-03-20 21:00:00,Two-Wheeler,47.58993429264325,11,9,95.78863158141051,11.54
2025-03-20 21:15:00,Car,19.643116231076444,7,4,97.05273349866914,10.0
2025-03-20 21:30:00,Bus,40.086666418171326,50,7,74.68627861511705,10.57
2025-03-20 21:45:00,Two-Wheeler,12.610508560673644,11,3,79.25353164234896,11.52
2025-03-20 22:00:00,Bus,52.61275078367464,7,5,22.76678783165527,7.54
2025-03-20 22:15:00,Car,16.61659865453676,11,2,16.082918796933537,10.66
2025-03-20 22:30:00,Car,26.492769949841342,11,5,31.200186799162008,5.57
2025-03-20 22:45:00,Car,33.52497805665366,7,3,24.22059185720581,8.59
2025-03-20 23:00:00,Bus,35.27102907554677,7,1,12.832793485793424,8.55
2025-03-20 23:15:00,Bus,26.283813043746306,11,4,20.980598030898808,14.92
2025-03-20 23:30:00,Two-Wheeler,19.240305174775017,50,6,29.045012268779075,7.16
2025-03-20 23:45:00,Two-Wheeler,24.10254321967781,50,3,23.679473836237463,14.5
2025-03-21 00:00:00,Two-Wheeler,84.62835664466066,7,11,31.714806357105395,7.2
2025-03-21 00:15:00,Car,34.87864823971869,11,8,20.35117481792562,11.23
2025-03-21 00:30:00,Car,40.65027502186153,22,0,25.782108887834703,13.26
2025-03-21 00:45:00,Car,34.89800249609574,11,9,28.006748174657623,9.14
2025-03-21 01:00:00,Bus,60.228928090187615,7,4,16.924235218890303,14.78
2025-03-21 01:15:00,Car,88.44967577259648,11,9,23.273468150974626,8.41
2025-03-21 01:30:00,Car,58.591696976837326,11,5,19.507102463552343,13.82
2025-03-21 01:45:00,Bus,13.337558362792,22,5,33.56730083561136,6.33
2025-03-21 02:00:00,Car,17.291695773081873,22,4,15.221197862586603,13.05
2025-03-21 02:15:00,Two-Wheeler,38.82491073363942,11,3,15.976959675396886,5.73
2025-03-21 02:30:00,Car,40.92149968357457,22,7,27.488106168427755,9.11
2025-03-21 02:45:00,Bus,26.206270521077425,7,3,29.313302920511646,10.58
2025-03-21 03:00:00,Two-Wheeler,89.4651132775746,11,7,28.3221518006835,13.9
2025-03-21 03:15:00,Bus,64.82002119664755,50,6,24.753760603351367,13.06
2025-03-21 03:30:00,Car,23.737362308174504,50,5,23.778833351035857,12.16
2025-03-21 03:45:00,Two-Wheeler,23.589706662796953,50,8,36.2564589551202,9.39
2025-03-21 04:00:00,Two-Wheeler,42.55093280333279,7,6,16.250964492457168,9.64
2025-03-21 04:15:00,Two-Wheeler,34.60537809551507,11,5,29.522490489354894,8.63
2025-03-21 04:30:00,Car,41.874178828810315,22,3,27.156692009447717,9.07
2025-03-21 04:45:00,Car,64.67603919616259,11,3,20.288271890251906,11.07
2025-03-21 05:00:00,Two-Wheeler,40.318769673662935,11,6,22.856954422950174,10.84
2025-03-21 05:15:00,Bus,60.57696370737829,22,5,26.600575469715906,12.78
2025-03-21 05:30:00,Bus,21.752984565643317,11,8,32.664743526171605,11.73
2025-03-21 05:45:00,Car,25.730678394502196,7,3,27.261552303887918,7.69
2025-03-21 06:00:00,Bus,89.41880343344066,11,3,21.33413702230845,6.37
2025-03-21 06:15:00,Bus,16.036488618298517,22,8,36.39775808795349,8.5
2025-03-21 06:30:00,Bus,17.9382030937031,22,0,12.622839681800091,7.45
2025-03-21 06:45:00,Two-Wheeler,26.53290788155794,7,10,32.925466065966305,8.33
2025-03-21 07:00:00,Two-Wheeler,13.294136607391827,22,0,95.58225406768652,10.62
2025-03-21 07:15:00,Car,46.08913302931177,7,7,85.73273945324372,9.42
2025-03-21 07:30:00,Car,87.80121468388246,11,4,98.49144286672347,9.39
2025-03-21 07:45:00,Two-Wheeler,55.11458486484207,7,5,90.7813788208321,13.5
2025-03-21 08:00:00,Car,50.890908006369074,11,5,72.78507861930315,9.98
2025-03-21 08:15:00,Two-Wheeler,57.87457101686622,11,8,72.33514680217645,10.49
2025-03-21 08:30:00,Car,12.028464495877596,11,4,71.62269285468736,10.21
2025-03-21 08:45:00,Two-Wheeler,39.938688162224175,7,3,100.0,9.37
2025-03-21 09:00:00,Two-Wheeler,77.09606218003185,7,8,100.0,5.68
2025-03-21 09:15:00,Two-Wheeler,25.71705580544841,7,4,100.0,9.84
2025-03-21 09:30:00,Car,27.79513745663341,22,4,67.29670687189743,11.72
2025-03-21 09:45:00,Two-Wheeler,46.413955750709036,22,4,82.02951513456551,10.72
2025-03-21 10:00:00,Two-Wheeler,21.639898721720428,11,0,87.16863979373392,8.72
2025-03-21 10:15:00,Two-Wheeler,48.04276496127949,50,6,81.68505474676883,9.4
2025-03-21 10:30:00,Two-Wheeler,36.05454880498111,11,2,84.04283553921776,8.47
2025-03-21 10:45:00,Bus,85.89069932704687,7,7,93.05757354041272,11.95
2025-03-21 11:00:00,Bus,16.806798327092753,50,4,40.69205143462956,8.73
2025-03-21 11:15:00,Two-Wheeler,29.208114738544076,11,5,35.86041321303021,12.83
2025-03-21 11:30:00,Car,55.5714111721111,11,7,51.40192443493514,6.08
2025-03-21 11:45:00,Bus,14.174007141950868,50,2,58.35242471014955,9.63
2025-03-21 12:00:00,Two-Wheeler,48.37367621636606,22,6,64.98663858770324,6.28
2025-03-21 12:15:00,Car,51.251569325713525,22,0,44.4149375505298,11.98
2025-03-21 12:30:00,Bus,24.698685563985954,7,7,54.55347411370093,9.8
2025-03-21 12:45:00,Car,13.665326114268298,50,7,46.44897350297026,5.01
2025-03-21 13:00:00,Bus,15.098134925730964,22,0,32.09491945852863,6.85
2025-03-21 13:15:00,Two-Wheeler,81.15588475024569,7,6,60.24532922122733,13.18
2025-03-21 13:30:00,Two-Wheeler,76.77332348478069,22,0,53.505353985808846,11.2
2025-03-21 13:45:00,Car,25.917473127778564,7,7,63.40284953502731,9.53
2025-03-21 14:00:00,Bus,67.13954409487457,7,3,62.995982009615645,13.22
2025-03-21 14:15:00,Car,57.39415064433039,7,6,36.05275327824077,12.15
2025-03-21 14:30:00,Two-Wheeler,33.913256012976156,22,0,57.71027238369639,6.32
2025-03-21 14:45:00,Bus,38.80324435620424,11,7,42.98375267498955,10.5
2025-03-21 15:00:00,Two-Wheeler,31.404501512434006,11,7,42.70728066589993,8.83
2025-03-21 15:15:00,Car,52.390692017229455,11,8,42.6697590778907,5.62
2025-03-21 15:30:00,Two-Wheeler,47.284187964674146,11,7,52.83667580655806,6.05
2025-03-21 15:45:00,Bus,25.58202846500231,7,5,49.919170941628465,10.62
2025-03-21 16:00:00,Car,26.670718413556877,50,8,67.51710487579273,12.57
2025-03-21 16:15:00,Two-Wheeler,53.74834558553149,11,3,58.12062133294713,12.37
2025-03-21 16:30:00,Bus,47.654416797736864,50,6,47.51159971977876,9.42
2025-03-21 16:45:00,Bus,75.72400540828102,11,2,58.495978607032214,14.0
2025-03-21 17:00:00,Two-Wheeler,34.437786064981346,7,1,67.82241615369712,11.26
2025-03-21 17:15:00,Car,68.87818152235363,11,2,78.44881779955381,11.74
2025-03-21 17:30:00,Two-Wheeler,19.567545224912827,7,0,78.45518486654053,12.56
2025-03-21 17:45:00,Car,52.42456487378258,7,2,88.74007882880841,10.5
2025-03-21 18:00:00,Two-Wheeler,46.704940241613436,22,7,74.9341651401565,10.05
2025-03-21 18:15:00,Two-Wheeler,52.120629620212036,22,10,77.71017811425236,8.97
2025-03-21 18:30:00,Car,67.41950466456976,11,7,78.5208454365385,11.22
2025-03-21 18:45:00,Car,52.20645543339157,11,9,97.28365462482033,9.78
2025-03-21 19:00:00,Two-Wheeler,19.029869600338987,7,5,97.80248523002354,6.35
2025-03-21 19:15:00,Two-Wheeler,33.00187987312546,11,2,85.2264014889866,9.28
2025-03-21 19:30:00,Two-Wheeler,12.036019896135757,22,2,65.54381349297306,9.44
2025-03-21 19:45:00,Bus,16.33521842996835,50,8,100.0,8.41
2025-03-21 20:00:00,Two-Wheeler,56.05451332694123,11,2,91.30482724085738,9.25
2025-03-21 20:15:00,Car,72.16383925300478,7,2,63.96035534903502,11.28
2025-03-21 20:30:00,Two-Wheeler,35.22529940406897,50,2,89.5175665281478,10.75
2025-03-21 20:45:00,Car,19.471180885316315,22,9,71.33843992743545,13.61
2025-03-21 21:00:00,Bus,26.793662036478384,11,6,68.91062100029787,14.09
2025-03-21 21:15:00,Bus,53.075202516076054,7,7,72.6743044446337,13.23
2025-03-21 21:30:00,Car,39.07312575267667,11,7,87.95122751321148,7.17
2025-03-21 21:45:00,Car,22.57888409902534,50,7,77.24172949631993,9.22
2025-03-21 22:00:00,Bus,57.9240271461117,7,0,25.867424133391452,13.74
2025-03-21 22:15:00,Bus,23.097477387232352,50,13,36.097211962478646,10.61
2025-03-21 22:30:00,Bus,34.408046371653086,7,6,31.591738626658554,12.23
2025-03-21 22:45:00,Two-Wheeler,24.99035861610603,50,5,25.72258987147174,6.1
2025-03-21 23:00:00,Car,34.09733927011185,22,7,36.711406447488244,6.86
2025-03-21 23:15:00,Two-Wheeler,61.426552643622315,50,7,22.161889276861753,10.9
2025-03-21 23:30:00,Bus,43.862855674024004,7,11,29.33473370979894,14.83
2025-03-21 23:45:00,Car,17.540334732148605,22,3,15.23792152661563,13.39
2025-03-22 00:00:00,Car,64.66233379013795,50,8,24.40943133997879,11.23
2025-03-22 00:15:00,Bus,17.426690000957013,50,4,18.757296438154384,11.2
2025-03-22 00:30:00,Bus,55.649683081968526,7,4,18.259950931542793,13.28
2025-03-22 00:45:00,Bus,8.333333333333336,50,1,29.69672940322102,9.91
2025-03-22 01:00:00,Car,45.10308564446453,7,8,23.7754776199959,5.4
2025-03-22 01:15:00,Bus,25.075035455417805,7,9,27.156005255795996,11.67
2025-03-22 01:30:00,Bus,55.49294527255148,22,8,27.847901321051268,12.97
2025-03-22 01:45:00,Car,17.020674196434463,50,0,12.065205047688137,10.24
2025-03-22 02:00:00,Car,16.082846742094937,22,10,32.93448554405048,14.56
2025-03-22 02:15:00,Bus,32.10056497830621,7,4,20.543857274108042,11.14
2025-03-22 02:30:00,Bus,81.532019777033,50,1,23.7704274404646,14.83
2025-03-22 02:45:00,Two-Wheeler,32.341085590995945,50,2,31.926106918286187,10.07
2025-03-22 03:00:00,Car,69.33252352282275,50,5,27.220177978699766,9.43
2025-03-22 03:15:00,Two-Wheeler,37.991963677567355,50,2,26.076714673344014,8.4
2025-03-22 03:30:00,Car,23.90514634496611,22,2,20.797006216009443,8.62
2025-03-22 03:45:00,Two-Wheeler,31.48874922519181,22,4,33.3462894508736,12.09
2025-03-22 04:00:00,Bus,58.27578652892638,22,1,29.112716938877433,6.04
2025-03-22 04:15:00,Bus,13.847414695166245,11,3,20.452748494080197,11.82
2025-03-22 04:30:00,Two-Wheeler,21.44696129996977,7,2,16.207472034481704,9.71
2025-03-22 04:45:00,Car,22.116632443734634,50,0,16.482186595010432,6.98
2025-03-22 05:00:00,Bus,72.7695289033871,22,7,30.585263326025945,14.41
2025-03-22 05:15:00,Bus,33.035430672045294,7,7,25.49816473128492,9.94
2025-03-22 05:30:00,Car,31.798290928582087,50,6,31.493989823258858,12.52
2025-03-22 05:45:00,Two-Wheeler,12.13935069305193,50,4,22.70991108553649,13.71
2025-03-22 06:00:00,Two-Wheeler,81.40926629609885,22,8,19.813013761908774,5.38
2025-03-22 06:15:00,Car,44.636331068130225,22,6,30.41176108942504,14.25
2025-03-22 06:30:00,Two-Wheeler,30.419729977151793,7,2,14.19241077236396,12.05
2025-03-22 06:45:00,Car,14.138131925372562,22,9,36.86020701880772,9.4
2025-03-22 07:00:00,Two-Wheeler,32.38595836402625,50,8,96.89796061365101,11.34
2025-03-22 07:15:00,Bus,28.74399906708781,50,3,75.96687944850463,14.97
2025-03-22 07:30:00,Car,14.621969284159302,7,6,72.22157210266398,12.06
2025-03-22 07:45:00,Two-Wheeler,45.91224819904569,11,4,94.30805017716153,5.66
2025-03-22 08:00:00,Bus,45.38858329585182,11,0,66.74366553174418,10.52
2025-03-22 08:15:00,Car,25.234239034054955,7,8,100.0,6.52
2025-03-22 08:30:00,Car,25.671706119479683,7,5,90.94488727103965,14.73
2025-03-22 08:45:00,Bus,50.41122086549924,50,7,95.74260123395982,11.32
2025-03-22 09:00:00,Two-Wheeler,37.60341483095051,11,3,64.74040587657156,5.62
2025-03-22 09:15:00,Car,21.919922507005904,22,0,71.43885847583562,6.19
2025-03-22 09:30:00,Two-Wheeler,63.100806515757256,7,5,89.1858505786428,13.68
2025-03-22 09:45:00,Bus,28.32291056171913,11,4,75.13092100570276,9.42
2025-03-22 10:00:00,Two-Wheeler,12.346671403018068,7,5,85.15587080684051,5.13
2025-03-22 10:15:00,Two-Wheeler,79.88843902183436,11,1,89.92910581897763,11.07
2025-03-22 10:30:00,Car,16.939434830802703,11,7,76.90650120762814,11.34
2025-03-22 10:45:00,Car,65.38810003618016,7,4,93.44268754184756,7.84
2025-03-22 11:00:00,Car,34.742458254014956,11,2,54.52575205705626,8.37
2025-03-22 11:15:00,Two-Wheeler,47.86489860620431,50,3,61.20744316745765,11.62
2025-03-22 11:30:00,Bus,61.27911960691839,22,6,59.91990243001429,14.21
2025-03-22 11:45:00,Two-Wheeler,24.39505831722864,50,6,50.39146033516973,9.87
2025-03-22 12:00:00,Car,31.090262578969792,50,10,54.2414139376969,13.84
2025-03-22 12:15:00,Car,50.91478922378584,50,6,49.821363938882925,5.67
2025-03-22 12:30:00,Bus,21.970203258932568,50,6,49.44637413668018,11.75
2025-03-22 12:45:00,Two-Wheeler,16.507619965501267,7,2,35.33453975918629,13.86
2025-03-22 13:00:00,Bus,29.52257169896655,22,4,62.49858697063789,13.14
2025-03-22 13:15:00,Bus,32.50679042227078,50,4,50.98496617526091,6.88
2025-03-22 13:30:00,Two-Wheeler,12.49804103096233,50,3,46.58709041902229,7.9
2025-03-22 13:45:00,Bus,44.86062686421096,11,1,50.919651739137265,8.42
2025-03-22 14:00:00,Bus,58.19868759388517,11,3,62.72877063810006,14.35
2025-03-22 14:15:00,Bus,23.923934832683194,7,4,47.95431943290962,8.95
2025-03-22 14:30:00,Car,23.105828348687012,50,2,61.12047248265918,13.51
2025-03-22 14:45:00,Car,15.501095278010157,7,3,58.68147627865844,14.91
2025-03-22 15:00:00,Bus,25.82134356399504,22,3,51.52725690733014,9.36
2025-03-22 15:15:00,Car,37.63021978415373,11,2,52.474268595851456,14.55
2025-03-22 15:30:00,Car,32.73793590902146,22,4,40.58251343359018,11.46
2025-03-22 15:45:00,Bus,70.80753845264697,11,7,65.90858209376742,9.45
2025-03-22 16:00:00,Two-Wheeler,42.53757455530292,50,2,32.03554657314489,14.52
2025-03-22 16:15:00,Bus,21.095113711957055,11,0,38.921553565537806,5.53
2025-03-22 16:30:00,Bus,62.40545770071917,22,1,55.54353027898447,10.23
2025-03-22 16:45:00,Car,33.88402139443667,22,2,55.596715003892214,12.89
2025-03-22 17:00:00,Car,35.57492424426451,7,5,67.4984462734171,11.16
2025-03-22 17:15:00,Car,61.49425981903038,7,7,100.0,7.03
2025-03-22 17:30:00,Car,29.305085942686134,11,0,71.92721869656438,10.06
2025-03-22 17:45:00,Car,26.62369109356748,7,10,75.76939043233796,6.35
2025-03-22 18:00:00,Bus,46.32669817672798,11,4,99.87192269714195,11.1
2025-03-22 18:15:00,Two-Wheeler,33.4555706904022,11,3,71.3341602904701,8.53
2025-03-22 18:30:00,Bus,60.3957208083655,11,1,92.1924724344886,10.79
2025-03-22 18:45:00,Car,55.05287828160133,11,6,100.0,9.28
2025-03-22 19:00:00,Bus,30.371469865786352,7,5,100.0,6.41
2025-03-22 19:15:00,Bus,80.82213722327131,11,5,89.96088937679114,7.96
2025-03-22 19:30:00,Two-Wheeler,39.22662464353743,11,6,84.33155699830007,14.68
2025-03-22 19:45:00,Car,21.964671292982466,7,7,94.85372247839472,10.26
2025-03-22 20:00:00,Car,18.083874516887274,50,0,99.7694264522661,5.04
2025-03-22 20:15:00,Bus,49.52166444430705,7,9,76.57474244864228,5.53
2025-03-22 20:30:00,Car,18.634929931139407,22,6,100.0,10.24
2025-03-22 20:45:00,Two-Wheeler,47.56563798683071,7,5,67.82950684523719,6.83
2025-03-22 21:00:00,Bus,40.09338631283014,7,4,85.80256888307949,14.35
2025-03-22 21:15:00,Bus,32.26171997530539,11,0,62.161695447873996,8.84
2025-03-22 21:30:00,Bus,45.43730090913128,50,3,87.39363884650946,11.19
2025-03-22 21:45:00,Bus,56.92984484977255,22,7,74.7771345304875,11.84
2025-03-22 22:00:00,Two-Wheeler,33.43475012793792,11,14,36.243644404451786,14.64
2025-03-22 22:15:00,Two-Wheeler,12.35148503966821,50,3,21.811054332225666,11.98
2025-03-22 22:30:00,Two-Wheeler,41.621192148715544,11,9,20.49011193637905,14.57
2025-03-22 22:45:00,Two-Wheeler,44.20054015773063,50,4,15.306542921096412,6.0
2025-03-22 23:00:00,Car,30.38496577866817,7,8,21.151204115700885,10.74
2025-03-22 23:15:00,Bus,39.461411204845135,7,5,31.427958800347792,11.2
2025-03-22 23:30:00,Two-Wheeler,53.280198568461614,50,4,21.679444124358984,10.94
2025-03-22 23:45:00,Car,84.60842074176686,7,4,25.264940396481954,9.05
2025-03-23 00:00:00,Bus,47.62445689035977,11,2,15.120518289854704,5.78
2025-03-23 00:15:00,Bus,34.67609103698812,7,2,17.516015447365053,12.9
2025-03-23 00:30:00,Car,27.485323585893827,11,10,31.909490162302596,10.58
2025-03-23 00:45:00,Bus,28.33460283721051,50,11,31.61033125997015,12.72
2025-03-23 01:00:00,Two-Wheeler,36.162068276845886,22,4,28.20087001791382,13.03
2025-03-23 01:15:00,Car,59.89656376058128,50,7,19.046819229969362,6.53
2025-03-23 01:30:00,Two-Wheeler,11.90694789732258,22,1,24.09873954398653,8.09
2025-03-23 01:45:00,Car,28.541000572704686,11,7,18.834281400335108,11.81
2025-03-23 02:00:00,Two-Wheeler,55.332672089303045,50,7,23.745367754003905,9.4
2025-03-23 02:15:00,Bus,19.352725469896562,22,4,18.354645466177047,13.26
2025-03-23 02:30:00,Bus,29.991326002672707,7,1,11.044442783142813,13.33
2025-03-23 02:45:00,Two-Wheeler,39.30667727368495,7,8,34.557439645608525,11.5
2025-03-23 03:00:00,Car,15.530727421124158,11,9,30.622415735996654,7.58
2025-03-23 03:15:00,Bus,14.739746618833895,7,7,17.190637718565956,5.75
2025-03-23 03:30:00,Bus,57.39678376576925,11,6,17.18159302093415,11.59
2025-03-23 03:45:00,Car,46.66213476419334,50,3,26.29746634413329,7.02
2025-03-23 04:00:00,Two-Wheeler,37.796924478802524,7,2,28.22512624249464,11.83
2025-03-23 04:15:00,Bus,76.21377048854225,50,9,29.2297119259463,14.65
2025-03-23 04:30:00,Car,18.490508617810185,22,5,19.20553457814291,13.97
2025-03-23 04:45:00,Car,55.63558227607259,50,11,26.585941269270606,8.16
2025-03-23 05:00:00,Bus,57.627514069147836,22,2,16.826062064675504,9.45
2025-03-23 05:15:00,Car,36.63481468147431,7,7,23.84852087042845,12.24
2025-03-23 05:30:00,Car,22.301447354104152,50,2,27.228477612469504,9.52
2025-03-23 05:45:00,Two-Wheeler,80.33951563023524,11,0,26.612358141780685,10.69
2025-03-23 06:00:00,Bus,29.416778669763136,11,9,24.023445119480726,8.42
2025-03-23 06:15:00,Car,23.8335645998809,11,7,36.846179489962395,10.17
2025-03-23 06:30:00,Car,13.088624170172475,7,3,21.77425915724663,9.97
2025-03-23 06:45:00,Bus,21.598935575975126,50,11,38.24093194699894,9.72
2025-03-23 07:00:00,Car,40.82457814394219,50,4,92.05995974389569,13.49
2025-03-23 07:15:00,Bus,47.20408277448191,50,2,95.12054775578778,6.67
2025-03-23 07:30:00,Bus,21.952768847189898,22,9,92.07011409170845,8.95
2025-03-23 07:45:00,Two-Wheeler,37.36115694972376,22,3,77.59272597409415,11.51
2025-03-23 08:00:00,Car,25.469961757945033,22,8,75.17022476731077,12.78
2025-03-23 08:15:00,Car,20.207608544689034,22,7,78.80006844840291,10.01
2025-03-23 08:30:00,Bus,61.4583677542315,22,2,90.17253930022517,14.83
2025-03-23 08:45:00,Two-Wheeler,53.5326843843753,11,2,93.9528239466495,8.17
2025-03-23 09:00:00,Car,33.78904993329868,7,5,100.0,13.73
2025-03-23 09:15:00,Car,39.79858705314284,11,5,76.94362434237252,9.46
2025-03-23 09:30:00,Car,30.285383343682927,11,2,86.67830378209419,6.68
2025-03-23 09:45:00,Two-Wheeler,18.33115280948163,11,2,74.46225908685011,13.92
2025-03-23 10:00:00,Bus,24.633032330739518,22,7,77.81443390699837,5.94
2025-03-23 10:15:00,Bus,26.491579824983752,50,1,98.96580029658901,8.87
2025-03-23 10:30:00,Bus,22.024508911753927,11,3,65.53233988830388,13.26
2025-03-23 10:45:00,Car,68.54311882194256,22,2,73.69127583431006,9.67
2025-03-23 11:00:00,Bus,43.19534561075825,7,6,40.90864636857942,11.25
2025-03-23 11:15:00,Car,21.285751829346893,11,3,37.54885956796577,9.36
2025-03-23 11:30:00,Bus,62.108492597907485,11,9,58.579162331847954,5.1
2025-03-23 11:45:00,Two-Wheeler,21.31759528338369,22,3,45.21180699435056,14.04
2025-03-23 12:00:00,Bus,14.533744201951254,11,3,58.047300104854756,7.96
2025-03-23 12:15:00,Bus,48.831528307006685,50,2,61.139984685527,6.69
2025-03-23 12:30:00,Bus,64.36168942245476,7,0,57.703830414217556,11.59
2025-03-23 12:45:00,Car,63.174872114677996,22,11,58.7175283227524,12.62
2025-03-23 13:00:00,Two-Wheeler,34.557372884723435,7,8,45.332974599222005,7.81
2025-03-23 13:15:00,Car,64.79639831879095,7,2,59.01900319408897,8.77
2025-03-23 13:30:00,Two-Wheeler,26.0140576775482,7,3,44.9004625494473,7.42
2025-03-23 13:45:00,Car,23.790283928498038,50,1,52.59215280598184,11.2
2025-03-23 14:00:00,Bus,26.34603899731223,22,5,39.370377901746416,14.49
2025-03-23 14:15:00,Two-Wheeler,47.51261331597555,7,5,38.11253670973939,9.35
2025-03-23 14:30:00,Car,12.053246541884786,22,7,66.93952969958463,9.86
2025-03-23 14:45:00,Car,45.69815539231811,22,2,46.407425021492216,8.0
2025-03-23 15:00:00,Two-Wheeler,36.580361793899186,50,6,57.0351485354348,12.79
2025-03-23 15:15:00,Car,23.263125025644506,11,7,61.95397861809816,11.97
2025-03-23 15:30:00,Bus,21.922119256745596,11,7,45.34903690161215,8.54
2025-03-23 15:45:00,Bus,8.333333333333332,50,0,37.16449948094307,14.65
2025-03-23 16:00:00,Car,17.794636526297428,7,8,55.385490847488256,6.13
2025-03-23 16:15:00,Two-Wheeler,56.429806963420226,11,7,66.24581150034167,8.33
2025-03-23 16:30:00,Two-Wheeler,21.736982635467932,50,3,52.9206983886656,10.95
2025-03-23 16:45:00,Car,25.963383652462582,7,0,58.18057112292526,10.11
2025-03-23 17:00:00,Car,39.39828445146559,11,2,92.8166685277902,13.98
2025-03-23 17:15:00,Bus,33.61339651485932,7,5,80.3822028245,9.29
2025-03-23 17:30:00,Two-Wheeler,53.746666770530894,11,2,74.91343062186576,6.23
2025-03-23 17:45:00,Car,25.561354696752193,7,0,84.5575941355215,13.45
2025-03-23 18:00:00,Bus,54.392542335627816,22,3,70.94544791659244,14.81
2025-03-23 18:15:00,Bus,17.674013848335232,22,9,100.0,8.9
2025-03-23 18:30:00,Two-Wheeler,44.477167200060734,7,4,87.36949647503582,9.4
2025-03-23 18:45:00,Bus,59.48934675049856,11,4,89.19746356068893,10.15
2025-03-23 19:00:00,Two-Wheeler,48.01208349016904,11,4,84.06075896603775,7.34
2025-03-23 19:15:00,Bus,40.09422389003842,50,8,100.0,9.09
2025-03-23 19:30:00,Car,40.50308683986455,7,6,84.1198893744388,10.91
2025-03-23 19:45:00,Bus,53.835276902959606,11,5,66.80275170145325,10.45
2025-03-23 20:00:00,Bus,28.04091851416205,22,5,96.09907642446025,5.2
2025-03-23 20:15:00,Car,63.90881530355069,11,2,89.0773697506943,6.83
2025-03-23 20:30:00,Bus,78.22928110085496,11,6,100.0,8.6
2025-03-23 20:45:00,Two-Wheeler,22.585158398894997,50,7,84.10335634150512,6.06
2025-03-23 21:00:00,Two-Wheeler,28.847529610225124,22,6,100.0,13.09
2025-03-23 21:15:00,Car,42.51081061496067,7,5,100.0,13.31
2025-03-23 21:30:00,Car,22.644646937019715,7,9,99.97026429347886,13.08
2025-03-23 21:45:00,Car,42.57595929749242,22,1,79.54859500484366,8.3
2025-03-23 22:00:00,Bus,25.783448865782233,50,3,22.165737473038433,12.49
2025-03-23 22:15:00,Car,89.8314573277514,7,8,32.335165262942695,8.12
2025-03-23 22:30:00,Two-Wheeler,15.105066848947295,50,5,25.573409093049527,11.82
2025-03-23 22:45:00,Bus,52.97333598209829,22,9,38.91563226266901,13.5
2025-03-23 23:00:00,Two-Wheeler,33.57861015187156,7,8,30.014946406592625,10.59
2025-03-23 23:15:00,Car,37.85286854703427,50,6,17.682832263440808,9.15
2025-03-23 23:30:00,Two-Wheeler,19.641737526977515,50,3,18.131984042111434,13.5
2025-03-23 23:45:00,Car,32.87309322870628,22,5,32.76884198890269,10.54
2025-03-24 00:00:00,Car,23.01767923812933,22,5,18.294734490409866,7.45
2025-03-24 00:15:00,Bus,32.74078456278978,11,3,30.414030822477706,7.95
2025-03-24 00:30:00,Two-Wheeler,75.19738712498668,7,5,15.046792614557386,11.8
2025-03-24 00:45:00,Two-Wheeler,71.89153251789483,7,4,22.73062790170373,9.94
2025-03-24 01:00:00,Car,30.104571471543167,7,9,37.76855866847823,11.02
2025-03-24 01:15:00,Car,75.27718535409403,22,4,19.87034012512584,9.2
2025-03-24 01:30:00,Bus,24.41559773244946,7,4,14.465449586538703,7.51
2025-03-24 01:45:00,Bus,80.66146924575764,7,4,14.807085953110107,14.12
2025-03-24 02:00:00,Car,8.333333333333332,50,3,25.77739266022266,8.66
2025-03-24 02:15:00,Car,62.06090688024995,22,6,24.44293774305681,5.85
2025-03-24 02:30:00,Two-Wheeler,25.552240921960802,7,4,32.186690005697784,10.29
2025-03-24 02:45:00,Bus,46.00781529202122,50,10,27.380649467969512,8.06
2025-03-24 03:00:00,Bus,65.03100310434125,50,4,33.56818690145963,8.11
2025-03-24 03:15:00,Two-Wheeler,26.01105453708541,11,8,23.15244372729328,8.36
2025-03-24 03:30:00,Two-Wheeler,33.16859761920644,7,8,37.050457980842864,5.72
2025-03-24 03:45:00,Bus,20.12848817407802,11,2,20.23183493581577,11.39
2025-03-24 04:00:00,Bus,27.703429315749776,22,6,35.031038941526624,6.76
2025-03-24 04:15:00,Car,41.39208759694722,22,5,22.149047324662583,10.69
2025-03-24 04:30:00,Car,35.27902931037723,50,2,23.231329913519588,13.38
2025-03-24 04:45:00,Bus,34.06726804775173,50,8,36.84340965726334,13.84
2025-03-24 05:00:00,Car,24.544042386902746,7,8,27.438695826015163,5.6
2025-03-24 05:15:00,Two-Wheeler,31.557155999271814,7,6,20.270253444733804,8.41
2025-03-24 05:30:00,Car,26.50341184578368,50,3,16.970381796682574,10.12
2025-03-24 05:45:00,Bus,54.84862146177654,50,6,24.4317357644604,11.25
2025-03-24 06:00:00,Two-Wheeler,61.689229654686315,7,10,33.36010692049882,10.78
2025-03-24 06:15:00,Two-Wheeler,20.743989868301366,50,7,18.892262060726473,12.78
2025-03-24 06:30:00,Bus,59.369598862633374,7,5,21.442581147384857,8.75
2025-03-24 06:45:00,Two-Wheeler,16.74956367421458,22,4,32.86401771289904,5.54
2025-03-24 07:00:00,Car,80.97142420691115,22,7,90.87972020391362,10.11
2025-03-24 07:15:00,Two-Wheeler,22.736168233395176,11,8,70.16064185509742,11.63
2025-03-24 07:30:00,Bus,47.2426996553136,7,1,69.34362401352368,9.82
2025-03-24 07:45:00,Two-Wheeler,20.901722214576004,50,8,76.4458162291341,14.58
2025-03-24 08:00:00,Two-Wheeler,25.149960962583318,7,3,71.02699239074322,8.91
2025-03-24 08:15:00,Car,26.57634736686514,11,9,72.44118364791973,13.88
2025-03-24 08:30:00,Two-Wheeler,17.555762322698524,7,2,86.6872184012366,8.81
2025-03-24 08:45:00,Two-Wheeler,50.84065084381606,11,7,99.64973051874085,5.49
2025-03-24 09:00:00,Two-Wheeler,30.92061712348759,11,2,68.17156157869553,5.43
2025-03-24 09:15:00,Car,20.87443042156727,22,8,86.34374916534607,13.68
2025-03-24 09:30:00,Bus,66.54914985295497,22,8,76.74616234934518,7.47
2025-03-24 09:45:00,Two-Wheeler,32.890969687923416,11,9,81.84312682254068,7.3
2025-03-24 10:00:00,Two-Wheeler,21.74168595313087,50,2,78.40169772011134,13.11
2025-03-24 10:15:00,Car,35.17937513741307,50,2,68.806518974867,10.65
2025-03-24 10:30:00,Car,60.35295838555107,7,10,91.44704755285731,9.33
2025-03-24 10:45:00,Two-Wheeler,30.471115915906374,50,13,100.0,9.85
2025-03-24 11:00:00,Bus,13.262405720892444,50,4,54.550019021782475,8.02
2025-03-24 11:15:00,Car,33.207778550020706,11,4,57.691625100010725,13.65
2025-03-24 11:30:00,Bus,52.822057188632854,22,5,39.543367096897434,8.41
2025-03-24 11:45:00,Car,54.461106937626276,22,12,44.923301533313946,12.06
2025-03-24 12:00:00,Car,14.274074965968476,50,4,42.04871943703534,6.87
2025-03-24 12:15:00,Two-Wheeler,30.650930627115894,7,0,59.606751626204414,7.01
2025-03-24 12:30:00,Bus,73.04574753342693,11,7,55.641351191808724,12.71
2025-03-24 12:45:00,Car,18.45334676262482,22,3,36.188699437006875,13.62
2025-03-24 13:00:00,Car,63.14675788749214,7,6,43.401640297940986,12.83
2025-03-24 13:15:00,Bus,57.501066650126596,50,3,34.23626062089552,12.85
2025-03-24 13:30:00,Bus,45.47604540031397,11,0,48.988427114088935,5.44
2025-03-24 13:45:00,Bus,26.895650677218157,50,1,46.121901372058105,10.35
2025-03-24 14:00:00,Bus,45.251384082503264,11,0,36.05153518412096,11.41
2025-03-24 14:15:00,Two-Wheeler,47.75993814847582,22,10,46.80676868520617,12.82
2025-03-24 14:30:00,Two-Wheeler,20.313814613318563,7,4,45.18210063131635,7.28
2025-03-24 14:45:00,Car,51.30460528442992,50,4,50.47817363404486,12.75
2025-03-24 15:00:00,Car,16.903595107609366,22,4,52.19767417333034,10.84
2025-03-24 15:15:00,Bus,67.26735824554278,50,8,58.93411821521627,9.57
2025-03-24 15:30:00,Two-Wheeler,18.562156694779787,7,0,57.20164556499005,12.79
2025-03-24 15:45:00,Car,87.32969180788369,50,6,47.81565998266415,6.9
2025-03-24 16:00:00,Bus,23.538494558086008,7,3,33.86234496894991,7.82
2025-03-24 16:15:00,Car,71.81898810799933,22,8,47.669925701735394,5.57
2025-03-24 16:30:00,Two-Wheeler,18.102320903681477,7,6,42.22437076947533,5.39
2025-03-24 16:45:00,Two-Wheeler,60.78382706314923,11,2,47.56217397851754,8.18
2025-03-24 17:00:00,Two-Wheeler,47.1995534804778,22,0,84.4285743104469,10.95
2025-03-24 17:15:00,Two-Wheeler,31.347718182716097,7,3,69.74526537253918,14.46
2025-03-24 17:30:00,Bus,30.146441910933632,50,5,93.60993062566536,5.39
2025-03-24 17:45:00,Car,49.04421893117433,7,6,93.24419899939411,12.59
2025-03-24 18:00:00,Two-Wheeler,55.10210080843723,50,4,97.74611734804603,13.63
2025-03-24 18:15:00,Car,16.23267094853042,11,5,82.4186957198684,12.04
2025-03-24 18:30:00,Car,46.13372803168602,22,9,72.1505458248487,9.62
2025-03-24 18:45:00,Two-Wheeler,15.622511489908216,22,5,100.0,6.69
2025-03-24 19:00:00,Car,53.327273446127876,11,8,84.14645363936094,5.73
2025-03-24 19:15:00,Two-Wheeler,17.162553475358173,50,7,70.36684474315464,10.26
2025-03-24 19:30:00,Bus,30.537959563452993,22,5,98.54189026423256,9.83
2025-03-24 19:45:00,Bus,21.753180774182905,22,7,100.0,6.52
2025-03-24 20:00:00,Car,50.48034359165525,22,6,73.92189368338303,5.12
2025-03-24 20:15:00,Bus,27.934760036225438,22,4,100.0,13.55
2025-03-24 20:30:00,Two-Wheeler,33.731125291535,22,3,79.75396239454048,9.93
2025-03-24 20:45:00,Bus,48.36947721696166,22,1,75.97108127250165,10.29
2025-03-24 21:00:00,Two-Wheeler,43.6346799228155,7,0,94.7906795609742,14.97
2025-03-24 21:15:00,Car,42.38927523614432,22,3,82.15379828884944,14.33
2025-03-24 21:30:00,Bus,87.30346380219277,50,5,77.42881897633988,5.58
2025-03-24 21:45:00,Car,24.714222059343918,50,0,81.6715772816568,10.96
2025-03-24 22:00:00,Two-Wheeler,10.007243724996664,50,7,32.48354468688644,10.17
2025-03-24 22:15:00,Bus,20.628209180160752,22,7,31.22419523147751,6.1
2025-03-24 22:30:00,Car,32.34655548505055,50,3,18.326626995736085,5.54
2025-03-24 22:45:00,Bus,28.51406960271893,22,4,28.715183156934167,5.28
2025-03-24 23:00:00,Two-Wheeler,33.475612142405694,7,2,14.51687485625576,10.33
2025-03-24 23:15:00,Two-Wheeler,55.46622399643536,11,5,32.06820313352374,13.05
2025-03-24 23:30:00,Bus,43.22315011896021,50,9,22.289414907825225,13.06
2025-03-24 23:45:00,Car,30.3757538196168,7,5,17.08496435802553,12.05
2025-03-25 00:00:00,Two-Wheeler,62.109807388946656,7,6,25.087778402079135,5.83
2025-03-25 00:15:00,Two-Wheeler,20.033879939121082,50,7,30.734006481577048,9.94
2025-03-25 00:30:00,Car,50.76634025848344,11,3,24.070116601078276,9.08
2025-03-25 00:45:00,Car,27.034880489138942,50,1,14.818800770341168,13.05
2025-03-25 01:00:00,Bus,49.91302215528968,11,3,14.46774365873288,11.77
2025-03-25 01:15:00,Two-Wheeler,56.321276935841674,22,7,22.73757533827417,5.05
2025-03-25 01:30:00,Bus,40.03792506165052,50,4,19.511748952598637,10.07
2025-03-25 01:45:00,Car,50.69818690413984,22,6,20.068755060859868,7.16
2025-03-25 02:00:00,Two-Wheeler,17.207911421337588,11,6,26.80218932527104,12.29
2025-03-25 02:15:00,Bus,22.398635161939552,11,2,18.67765290243282,9.97
2025-03-25 02:30:00,Two-Wheeler,35.94361285129568,22,10,24.549874066662294,13.47
2025-03-25 02:45:00,Car,32.9251616710081,50,8,25.148883838528743,12.85
2025-03-25 03:00:00,Bus,58.46612014239361,7,4,28.27091490480264,13.59
2025-03-25 03:15:00,Bus,16.16810549694309,50,2,21.16835073946423,7.6
2025-03-25 03:30:00,Bus,47.41466557285954,22,1,30.796766294510352,7.18
2025-03-25 03:45:00,Bus,47.63798354018968,7,10,26.7103799947859,7.96
2025-03-25 04:00:00,Bus,49.93216571241257,7,6,32.8821104755135,13.41
2025-03-25 04:15:00,Bus,33.203558748759065,11,0,21.06792839188615,12.76
2025-03-25 04:30:00,Two-Wheeler,26.99630565663834,7,2,26.55595416027826,6.04
2025-03-25 04:45:00,Car,38.66612467298262,22,4,14.388365688213373,5.43
2025-03-25 05:00:00,Car,50.307468772904166,22,11,32.04328782888774,14.45
2025-03-25 05:15:00,Car,12.12763399476854,50,6,31.79088423791506,14.38
2025-03-25 05:30:00,Bus,30.70289218321067,22,3,31.211511612798358,7.09
2025-03-25 05:45:00,Two-Wheeler,44.29291449146481,50,7,26.512302779888124,10.31
2025-03-25 06:00:00,Bus,41.17482856530353,22,1,18.388317320074563,10.47
2025-03-25 06:15:00,Bus,18.03707640183514,11,4,24.01482470059473,10.84
2025-03-25 06:30:00,Two-Wheeler,45.451197677808004,50,0,21.023345856138583,10.61
2025-03-25 06:45:00,Bus,55.87155775849221,11,4,15.023665394685416,7.06
2025-03-25 07:00:00,Car,15.362266769045105,22,6,82.1427869429631,6.21
2025-03-25 07:15:00,Two-Wheeler,17.2998980509556,11,6,74.40786762610209,11.78
2025-03-25 07:30:00,Two-Wheeler,63.59154268097142,11,5,100.0,7.95
2025-03-25 07:45:00,Two-Wheeler,16.26115865760939,7,11,97.10547373846089,5.23
2025-03-25 08:00:00,Two-Wheeler,47.44587551134868,11,10,81.18860531480799,11.39
2025-03-25 08:15:00,Two-Wheeler,26.398130304753643,7,6,100.0,6.58
2025-03-25 08:30:00,Bus,40.50432466127789,22,4,70.85964291927678,8.7
2025-03-25 08:45:00,Two-Wheeler,52.73661620975545,22,5,75.95111074407315,6.73
2025-03-25 09:00:00,Two-Wheeler,34.92095570807296,7,4,100.0,5.69
2025-03-25 09:15:00,Two-Wheeler,59.95691738911122,7,1,93.53815285654086,6.58
2025-03-25 09:30:00,Bus,10.532094921549769,50,6,98.53257984127725,12.32
2025-03-25 09:45:00,Car,17.075918531722664,11,4,86.35071052479668,10.94
2025-03-25 10:00:00,Car,57.833297589723266,7,0,68.86119575863277,10.81
2025-03-25 10:15:00,Bus,13.66386921458038,7,7,95.11010611581935,12.23
2025-03-25 10:30:00,Bus,14.743988781264353,11,0,67.69827004560432,7.34
2025-03-25 10:45:00,Two-Wheeler,68.2134492220143,50,2,83.48690156800235,11.79
2025-03-25 11:00:00,Bus,64.10495093149844,11,7,60.00820603110367,8.11
2025-03-25 11:15:00,Car,50.11856952910889,7,6,45.24977911430614,14.69
2025-03-25 11:30:00,Car,28.912042835057143,50,4,49.521244486472995,13.78
2025-03-25 11:45:00,Car,24.00013485424102,22,3,42.647746337073166,7.94
2025-03-25 12:00:00,Two-Wheeler,39.533493428676906,50,3,50.67414584001655,11.66
2025-03-25 12:15:00,Car,45.22651396910852,50,4,42.94851617700006,12.38
2025-03-25 12:30:00,Car,34.321258988567884,50,3,43.53668182162266,7.04
2025-03-25 12:45:00,Two-Wheeler,25.275555026085915,11,5,54.99245032608082,8.78
2025-03-25 13:00:00,Two-Wheeler,56.86281273596091,11,2,57.74574557217659,5.33
2025-03-25 13:15:00,Car,44.152405378929366,50,10,61.93863027534303,13.12
2025-03-25 13:30:00,Bus,15.867671758761071,11,0,50.81220788699775,13.61
2025-03-25 13:45:00,Two-Wheeler,23.69933542332531,11,5,44.75154214137106,12.7
2025-03-25 14:00:00,Car,19.206030938939158,11,6,39.31669710140425,10.67
2025-03-25 14:15:00,Bus,55.941604333493835,11,5,62.17969131888667,7.17
2025-03-25 14:30:00,Two-Wheeler,8.653150479408795,50,3,43.17125854977696,7.59
2025-03-25 14:45:00,Bus,64.94483613807101,22,9,64.7531580270397,14.49
2025-03-25 15:00:00,Bus,62.080835101995916,11,5,57.6628587110503,6.44
2025-03-25 15:15:00,Bus,29.903159739529254,11,0,44.086132664313794,9.18
2025-03-25 15:30:00,Two-Wheeler,32.989121500570654,11,6,47.15896441137873,11.78
2025-03-25 15:45:00,Bus,16.354682231856646,50,4,34.177987897234516,12.94
2025-03-25 16:00:00,Car,27.74614246095814,50,0,48.34705798405058,9.69
2025-03-25 16:15:00,Bus,21.228952869102844,11,4,52.10743315619757,9.45
2025-03-25 16:30:00,Two-Wheeler,68.70089153463586,11,5,59.131029871058594,8.53
2025-03-25 16:45:00,Car,25.658655267768452,22,3,48.62337360944418,9.49
2025-03-25 17:00:00,Two-Wheeler,40.84302148353323,7,6,86.30986373435024,12.79
2025-03-25 17:15:00,Bus,42.550447833776076,50,3,92.51076915016677,6.35
2025-03-25 17:30:00,Two-Wheeler,37.383665875544864,11,4,75.21377876021762,6.24
2025-03-25 17:45:00,Car,19.357807961067387,22,3,64.47307120940572,8.8
2025-03-25 18:00:00,Bus,88.78245088934644,7,0,77.93666993329,11.31
2025-03-25 18:15:00,Bus,24.712208787739733,7,0,67.04088747113285,5.35
2025-03-25 18:30:00,Car,29.225971567876186,22,2,100.0,11.18
2025-03-25 18:45:00,Bus,32.81281258429854,11,6,85.04151594058183,7.16
2025-03-25 19:00:00,Two-Wheeler,33.023104879761725,11,0,61.49061657346357,11.89
2025-03-25 19:15:00,Bus,31.906169175038855,50,2,97.42954617683822,7.11
2025-03-25 19:30:00,Two-Wheeler,70.65905550355069,22,11,99.97220198635392,5.82
2025-03-25 19:45:00,Two-Wheeler,17.118057857805667,50,7,67.9467056843791,5.12
2025-03-25 20:00:00,Two-Wheeler,86.40529831512683,11,6,100.0,5.3
2025-03-25 20:15:00,Bus,25.156853029415032,11,5,93.21238443207069,9.66
2025-03-25 20:30:00,Bus,20.272515721115894,22,0,88.48747425170471,11.56
2025-03-25 20:45:00,Bus,24.171431792224727,22,5,66.9260046153124,7.43
2025-03-25 21:00:00,Car,29.930221880290834,11,3,76.35732944490964,14.79
2025-03-25 21:15:00,Bus,38.924254393113934,22,4,78.20973689942882,14.14
2025-03-25 21:30:00,Car,51.40676446754509,11,7,79.20070119550897,7.34
2025-03-25 21:45:00,Car,30.734656499617508,11,7,76.41248335773298,14.56
2025-03-25 22:00:00,Car,23.757186109037633,22,7,17.671210190995005,9.42
2025-03-25 22:15:00,Bus,17.768335414982225,22,7,32.73377780570976,12.02
2025-03-25 22:30:00,Car,50.12744542522346,11,3,18.676174080923857,13.56
2025-03-25 22:45:00,Bus,22.46214762974605,11,7,20.12852780044399,12.12
2025-03-25 23:00:00,Car,24.33187727210767,7,6,35.12206876285612,6.43
2025-03-25 23:15:00,Bus,61.034839774647104,22,4,20.05588338776008,12.32
2025-03-25 23:30:00,Two-Wheeler,28.385605357721136,7,0,26.27678043742894,14.67
2025-03-25 23:45:00,Car,15.3388906212901,50,3,31.563874642229607,7.75
2025-03-26 00:00:00,Car,38.51718045491168,50,1,12.302665726548069,8.74
2025-03-26 00:15:00,Car,15.924205029047048,11,10,30.548431530621464,13.88
2025-03-26 00:30:00,Two-Wheeler,43.33808088285399,7,7,20.34628070643832,12.63
2025-03-26 00:45:00,Two-Wheeler,65.12376498129129,50,5,19.686168806697403,12.1
2025-03-26 01:00:00,Bus,50.236902626839075,50,2,12.668433898000995,5.96
2025-03-26 01:15:00,Two-Wheeler,31.341132564258448,50,4,17.94102689439457,13.03
2025-03-26 01:30:00,Bus,46.28938244688826,11,9,27.341073326943423,9.93
2025-03-26 01:45:00,Bus,22.477564814709098,11,9,23.613313706204465,13.54
2025-03-26 02:00:00,Car,34.585355231650595,50,7,19.363386189692584,9.31
2025-03-26 02:15:00,Bus,16.451098156304084,22,7,20.465665693062512,11.51
2025-03-26 02:30:00,Bus,51.119600221104804,50,5,33.285812896704314,7.71
2025-03-26 02:45:00,Car,46.610999551415716,7,9,28.955924831755688,14.25
2025-03-26 03:00:00,Two-Wheeler,43.195166035715836,7,4,33.09665833122048,9.39
2025-03-26 03:15:00,Bus,20.990785840811494,22,5,19.53293070740296,9.53
2025-03-26 03:30:00,Car,63.6031683508691,7,5,32.95177956303422,14.65
2025-03-26 03:45:00,Car,34.109521690582405,50,3,24.224262679010693,10.91
2025-03-26 04:00:00,Car,15.725586847232766,22,0,27.98785784454599,6.91
2025-03-26 04:15:00,Bus,46.88302608289039,7,4,16.449798619529968,6.77
2025-03-26 04:30:00,Car,14.748880806979605,7,6,29.001979783761584,10.47
2025-03-26 04:45:00,Two-Wheeler,57.40555822927556,22,2,30.10590088251944,8.66
2025-03-26 05:00:00,Car,59.56699013165496,22,4,32.83379989698899,8.3
2025-03-26 05:15:00,Bus,25.58209720196318,50,0,26.094993356410857,13.69
2025-03-26 05:30:00,Car,21.157014636124803,50,5,29.551486197133315,7.48
2025-03-26 05:45:00,Bus,29.32101342253793,50,2,22.32738609303484,9.89
2025-03-26 06:00:00,Car,23.101404019091916,11,7,22.91545264778382,8.94
2025-03-26 06:15:00,Bus,47.52209503660963,11,0,17.12768418946914,14.57
2025-03-26 06:30:00,Two-Wheeler,66.24179629618759,50,6,29.721219836158657,6.73
2025-03-26 06:45:00,Bus,10.744649280442824,50,4,25.329881138681607,10.64
2025-03-26 07:00:00,Car,36.20224167474849,11,3,95.4165297999078,9.81
2025-03-26 07:15:00,Car,18.989476773506865,11,6,78.96332935205085,10.14
2025-03-26 07:30:00,Bus,48.22749306429837,22,2,98.98886717947565,8.69
2025-03-26 07:45:00,Car,26.04049749995537,11,1,87.53764047691443,10.41
2025-03-26 08:00:00,Two-Wheeler,35.0933426043656,7,5,95.96331418284026,12.41
2025-03-26 08:15:00,Car,45.34956465773097,7,2,76.4997239899929,10.53
2025-03-26 08:30:00,Two-Wheeler,17.39748041878378,22,6,73.20360657521232,9.14
2025-03-26 08:45:00,Bus,89.39097273004136,7,5,93.51047293035832,9.06
2025-03-26 09:00:00,Bus,50.85562525795751,22,4,100.0,11.66
2025-03-26 09:15:00,Bus,20.531964565894082,22,1,97.188011387703,8.89
2025-03-26 09:30:00,Two-Wheeler,22.427926950561833,7,2,72.1896741575707,5.77
2025-03-26 09:45:00,Bus,48.99873636323078,11,0,77.06899974778123,12.68
2025-03-26 10:00:00,Two-Wheeler,64.59632417103155,50,2,65.62184788683544,8.69
2025-03-26 10:15:00,Car,29.0280941354781,22,8,98.20508970461876,11.16
2025-03-26 10:30:00,Two-Wheeler,27.45459341474907,50,6,88.23451549088341,8.23
2025-03-26 10:45:00,Car,55.50300713508075,7,9,100.0,14.33
2025-03-26 11:00:00,Car,24.212497099248417,50,5,47.085899594139356,9.51
2025-03-26 11:15:00,Car,34.48573642662875,50,4,47.44719476304414,13.94
2025-03-26 11:30:00,Car,25.004871171150633,7,8,55.08663078120054,10.41
2025-03-26 11:45:00,Two-Wheeler,42.55855740419068,11,6,38.29843730247958,6.85
2025-03-26 12:00:00,Car,16.012492903488265,7,9,48.50987600951811,5.69
2025-03-26 12:15:00,Car,15.614417382821896,50,0,32.45358696370103,5.19
2025-03-26 12:30:00,Bus,36.51258741234276,22,8,53.13686447444512,7.96
2025-03-26 12:45:00,Bus,30.68465214044746,11,3,50.12178964348382,9.28
2025-03-26 13:00:00,Car,32.68249905662023,22,5,46.39762486353154,10.58
2025-03-26 13:15:00,Bus,15.287013091936217,22,4,50.43681267392527,7.87
2025-03-26 13:30:00,Two-Wheeler,20.859428949104483,7,10,55.23676272965776,13.05
2025-03-26 13:45:00,Two-Wheeler,12.092912408943171,50,4,44.40266692483026,6.31
2025-03-26 14:00:00,Two-Wheeler,27.22370181408761,11,6,55.017182540376545,12.08
2025-03-26 14:15:00,Car,25.741462071740845,7,5,36.5143012691956,6.6
2025-03-26 14:30:00,Car,61.44811916674584,11,6,52.06497452154188,7.21
2025-03-26 14:45:00,Two-Wheeler,36.38886874976238,22,5,62.809862520316216,10.18
2025-03-26 15:00:00,Bus,46.25555947000897,50,4,38.306784021616146,13.27
2025-03-26 15:15:00,Car,32.66787896415838,11,3,37.495614813335436,5.08
2025-03-26 15:30:00,Two-Wheeler,32.7951169789908,11,4,37.12499616027951,14.94
2025-03-26 15:45:00,Two-Wheeler,7.5021954191645355,22,8,67.76766472059258,6.65
2025-03-26 16:00:00,Car,45.613968916480545,11,4,55.39319579892904,12.33
2025-03-26 16:15:00,Car,54.71186410722047,22,2,59.05195042444773,10.29
2025-03-26 16:30:00,Car,53.03222491969925,7,6,64.73243385152814,5.29
2025-03-26 16:45:00,Car,25.063920669342092,11,6,58.776912329786356,6.02
2025-03-26 17:00:00,Car,31.220104518588748,22,0,80.57994113918404,12.45
2025-03-26 17:15:00,Car,29.201183798261585,7,3,99.82734673952083,12.13
2025-03-26 17:30:00,Two-Wheeler,66.02059482875079,11,3,83.09673256837283,8.39
2025-03-26 17:45:00,Car,86.20720339452478,7,6,100.0,7.03
2025-03-26 18:00:00,Car,80.85662945172088,11,0,62.684113586218885,6.48
2025-03-26 18:15:00,Car,35.26317632182221,22,6,94.91057327190629,5.64
2025-03-26 18:30:00,Bus,40.999029869609195,22,6,71.27384437584367,11.02
2025-03-26 18:45:00,Bus,18.228376233744537,11,5,70.99625642588418,12.43
2025-03-26 19:00:00,Car,48.696656487508044,7,10,100.0,8.75
2025-03-26 19:15:00,Bus,25.322672909011573,22,12,90.17727810164413,14.1
2025-03-26 19:30:00,Bus,52.30836959254677,11,1,100.0,7.84
2025-03-26 19:45:00,Car,33.83773410363825,11,13,100.0,12.08
2025-03-26 20:00:00,Two-Wheeler,27.890285858349717,22,4,64.54023371567422,5.02
2025-03-26 20:15:00,Car,31.17500844651188,11,5,75.04253406813578,9.68
2025-03-26 20:30:00,Bus,28.635508494376452,7,5,71.09175673321634,11.59
2025-03-26 20:45:00,Two-Wheeler,33.7548055924067,50,0,72.86168299989964,5.57
2025-03-26 21:00:00,Two-Wheeler,32.182354728719005,11,5,87.86763293241374,8.7
2025-03-26 21:15:00,Bus,78.98000010320334,11,6,100.0,13.64
2025-03-26 21:30:00,Car,28.699157404682502,22,5,85.07564130008663,14.94
2025-03-26 21:45:00,Two-Wheeler,20.14092198605963,22,1,66.51591006797861,13.3
2025-03-26 22:00:00,Bus,55.2139934014732,50,1,26.350131404954006,6.19
2025-03-26 22:15:00,Bus,19.487686302974975,7,8,28.802972350049558,8.49
2025-03-26 22:30:00,Bus,41.76685938192094,50,3,22.82475564874312,11.46
2025-03-26 22:45:00,Car,13.519087331714951,50,2,13.711897740006641,12.02
2025-03-26 23:00:00,Bus,29.02220491624045,11,1,17.34447467541921,7.15
2025-03-26 23:15:00,Car,53.715482947565775,22,0,19.02051662983211,7.87
2025-03-26 23:30:00,Bus,19.953039311938756,50,5,17.899077916454452,7.57
2025-03-26 23:45:00,Two-Wheeler,82.15411203606648,22,2,14.4461282842408,14.74
2025-03-27 00:00:00,Car,24.644518441584445,50,6,27.026470117433345,5.67
2025-03-27 00:15:00,Bus,87.71905478726333,11,5,29.150546550524442,14.1
2025-03-27 00:30:00,Car,20.10319925393692,11,4,17.439595076972072,11.81
2025-03-27 00:45:00,Car,86.19352310974205,7,5,31.670092302441585,8.63
2025-03-27 01:00:00,Bus,44.334520868515284,22,3,17.4063442956014,10.05
2025-03-27 01:15:00,Bus,42.99026122631537,22,9,37.571959039682966,14.45
2025-03-27 01:30:00,Bus,40.02776169660561,11,10,21.208536506069546,10.86
2025-03-27 01:45:00,Car,48.03969286951433,7,4,18.664423724089517,10.1
2025-03-27 02:00:00,Bus,17.54866863336534,7,4,28.492455725264477,13.4
2025-03-27 02:15:00,Bus,15.179770959669659,11,4,32.62210531497206,5.89
2025-03-27 02:30:00,Car,34.66631138843728,11,0,15.842774082481782,7.16
2025-03-27 02:45:00,Bus,36.73299150212294,22,0,10.51952541694039,13.47
2025-03-27 03:00:00,Bus,31.604004429266045,11,3,30.058409583493564,6.17
2025-03-27 03:15:00,Bus,29.92662718293197,7,8,22.383683813386185,7.99
2025-03-27 03:30:00,Bus,66.17551244323536,22,9,22.00284614271798,10.12
2025-03-27 03:45:00,Two-Wheeler,22.66433906776658,11,2,13.452028894676873,10.51
2025-03-27 04:00:00,Car,43.84174375622529,11,5,19.105879864343887,14.14
2025-03-27 04:15:00,Two-Wheeler,21.87089285969569,7,3,17.083276918650235,5.39
2025-03-27 04:30:00,Bus,75.24258162457069,22,4,30.62423502293417,12.71
2025-03-27 04:45:00,Bus,57.75168385025579,7,0,27.07439499028407,10.71
2025-03-27 05:00:00,Two-Wheeler,82.65945285405918,11,4,23.939197187326236,6.69
2025-03-27 05:15:00,Two-Wheeler,19.824626716803046,50,3,25.90613837916622,12.83
2025-03-27 05:30:00,Bus,50.99042399775316,7,7,36.412185905685014,10.65
2025-03-27 05:45:00,Bus,30.724661463489724,11,8,36.00701830232401,14.33
2025-03-27 06:00:00,Car,51.92686415214464,22,2,12.267293403006288,9.18
2025-03-27 06:15:00,Two-Wheeler,53.541715108580156,11,7,25.097131399299993,8.9
2025-03-27 06:30:00,Bus,31.9947462554755,22,8,28.050534463150456,6.51
2025-03-27 06:45:00,Two-Wheeler,19.614991880074214,7,10,33.2740289291614,7.96
2025-03-27 07:00:00,Car,21.023483798865236,7,8,88.6451827908917,7.49
2025-03-27 07:15:00,Car,59.287513684401915,50,6,88.80723588726123,7.52
2025-03-27 07:30:00,Bus,34.83849869952441,50,10,98.82632239872105,7.77
2025-03-27 07:45:00,Car,56.24815782506436,11,4,87.09076759626151,12.49
2025-03-27 08:00:00,Two-Wheeler,25.462601876229012,7,7,82.7481489468355,12.08
2025-03-27 08:15:00,Bus,50.454390999485874,7,4,83.83701728884216,12.7
2025-03-27 08:30:00,Bus,12.544241860780039,11,2,87.37611122535472,5.17
2025-03-27 08:45:00,Car,44.08994090267076,50,8,97.19744499510308,8.92
2025-03-27 09:00:00,Car,31.74389724284574,50,9,100.0,9.25
2025-03-27 09:15:00,Two-Wheeler,21.95394705487817,11,1,63.865400569054316,11.12
2025-03-27 09:30:00,Bus,53.44841763301012,7,3,80.37165536885924,6.36
2025-03-27 09:45:00,Car,40.328437904540756,22,3,97.36434349300666,14.02
2025-03-27 10:00:00,Two-Wheeler,11.664266071953099,7,3,90.797456234095,13.18
2025-03-27 10:15:00,Bus,18.955213625518784,11,6,83.60977755298562,5.84
2025-03-27 10:30:00,Two-Wheeler,20.94114304231043,11,2,97.98591996207307,7.85
2025-03-27 10:45:00,Two-Wheeler,32.19726773443169,11,4,100.0,14.63
2025-03-27 11:00:00,Car,44.85370954311281,50,1,56.8369199265521,8.84
2025-03-27 11:15:00,Car,62.657621149103235,7,9,47.80419294004286,14.44
2025-03-27 11:30:00,Car,22.65327695805954,7,4,46.956520401852565,13.75
2025-03-27 11:45:00,Car,48.41900897774665,50,0,57.77663054823132,6.77
2025-03-27 12:00:00,Bus,51.601371227919465,22,6,50.05266614774361,14.37
2025-03-27 12:15:00,Two-Wheeler,33.440723533661256,22,7,47.347035639560964,11.13
2025-03-27 12:30:00,Two-Wheeler,48.197439793671165,50,2,55.05594445471428,14.49
2025-03-27 12:45:00,Car,32.44820743084852,11,6,65.11935801325114,11.6
2025-03-27 13:00:00,Two-Wheeler,64.4730694649966,22,3,49.3313180414353,5.13
2025-03-27 13:15:00,Bus,28.695642116586107,7,8,41.21740609985797,8.21
2025-03-27 13:30:00,Car,21.335203543567683,50,0,41.779784000302854,12.96
2025-03-27 13:45:00,Car,15.222609782622468,7,9,44.50170174460821,11.52
2025-03-27 14:00:00,Car,18.866885356885184,7,6,39.51983381469449,6.36
2025-03-27 14:15:00,Car,51.00801757175337,7,7,39.49794828598745,12.81
2025-03-27 14:30:00,Two-Wheeler,78.41243196557555,7,5,37.37865164359964,6.66
2025-03-27 14:45:00,Bus,19.027941050936523,7,5,60.71739042175279,11.78
2025-03-27 15:00:00,Bus,19.65543420490824,11,10,60.477999823860614,5.76
2025-03-27 15:15:00,Bus,20.1371871150823,7,0,47.11157630618493,5.95
2025-03-27 15:30:00,Bus,21.445739878928848,11,4,63.048968237493355,5.36
2025-03-27 15:45:00,Bus,75.96454607338495,50,0,42.94545497196037,14.74
2025-03-27 16:00:00,Two-Wheeler,40.83801670352379,11,9,49.58852702458642,13.73
2025-03-27 16:15:00,Two-Wheeler,17.48981669658398,22,6,39.77141494424121,9.05
2025-03-27 16:30:00,Two-Wheeler,65.22180450945207,7,0,36.05947616160502,12.14
2025-03-27 16:45:00,Car,37.96380401501325,7,6,65.71387107623406,11.85
2025-03-27 17:00:00,Car,60.20452991389578,50,5,70.56015854009433,8.43
2025-03-27 17:15:00,Bus,14.771707459612012,7,5,94.80207332141603,8.0
2025-03-27 17:30:00,Two-Wheeler,25.197994108071345,7,9,70.9759744636421,12.18
2025-03-27 17:45:00,Car,31.609855866363652,50,4,76.16164201536914,7.49
2025-03-27 18:00:00,Two-Wheeler,45.12674651736725,22,2,66.54251399583299,8.77
2025-03-27 18:15:00,Car,42.07218478328633,22,7,87.1166850752989,7.11
2025-03-27 18:30:00,Car,19.899445047966584,11,9,100.0,14.91
2025-03-27 18:45:00,Two-Wheeler,75.61287865915911,7,8,83.64800305394839,14.48
2025-03-27 19:00:00,Two-Wheeler,74.09044039365098,22,0,61.527947683606,5.13
2025-03-27 19:15:00,Car,34.950570807613836,50,5,85.46834856884368,12.52
2025-03-27 19:30:00,Two-Wheeler,37.42332626261933,7,3,72.40227948832145,5.37
2025-03-27 19:45:00,Two-Wheeler,20.709146211009873,11,3,69.75166941651055,8.05
2025-03-27 20:00:00,Bus,71.88426401404082,11,4,75.04302372324861,5.78
2025-03-27 20:15:00,Bus,46.05445037905557,7,5,94.333364456536,10.33
2025-03-27 20:30:00,Two-Wheeler,19.80840504345934,50,4,77.38803540265562,13.13
2025-03-27 20:45:00,Two-Wheeler,16.460283721086913,7,3,77.4163088455463,7.39
2025-03-27 21:00:00,Two-Wheeler,63.284674753113606,7,5,96.20185583225273,9.53
2025-03-27 21:15:00,Car,47.24960130472443,11,0,66.5758377606129,13.84
2025-03-27 21:30:00,Two-Wheeler,45.989655995717406,50,4,99.89525084341682,12.03
2025-03-27 21:45:00,Car,38.248932369013765,50,8,70.47427794148936,7.47
2025-03-27 22:00:00,Bus,28.562254857235686,22,5,34.21643497866873,8.34
2025-03-27 22:15:00,Two-Wheeler,34.24888426614255,7,2,23.619767946679836,10.21
2025-03-27 22:30:00,Car,65.0187820318478,50,8,18.917430946441204,6.55
2025-03-27 22:45:00,Bus,86.56968474134632,50,5,34.79722769318842,5.71
2025-03-27 23:00:00,Two-Wheeler,18.719124856528026,11,4,15.29546165771613,8.33
2025-03-27 23:15:00,Bus,18.758658910627165,11,11,23.724509989818774,10.22
2025-03-27 23:30:00,Car,45.249671726599175,22,9,29.070133118304522,12.86
2025-03-27 23:45:00,Two-Wheeler,30.57952740671641,11,4,19.612021670906913,14.1
2025-03-28 00:00:00,Bus,37.20380327997871,50,5,16.423017202536982,5.11
2025-03-28 00:15:00,Car,33.684594853491575,22,4,25.478767532971247,7.56
2025-03-28 00:30:00,Car,30.448350679600434,50,5,15.530959164486113,14.14
2025-03-28 00:45:00,Car,11.45931901516815,50,10,36.16596371188075,11.23
2025-03-28 01:00:00,Two-Wheeler,23.21219304753535,50,3,30.43756648789686,7.02
2025-03-28 01:15:00,Bus,36.11364340718531,22,7,29.522275694092063,9.2
2025-03-28 01:30:00,Two-Wheeler,56.62603400365443,7,4,25.367463685154,10.64
2025-03-28 01:45:00,Bus,22.008420696008617,11,7,34.63022884252355,9.57
2025-03-28 02:00:00,Car,24.055198105410746,11,2,24.75611280002333,14.13
2025-03-28 02:15:00,Car,37.744856070747986,50,1,19.81315886558435,14.03
2025-03-28 02:30:00,Bus,50.39795564724829,50,1,23.806280621627117,5.86
2025-03-28 02:45:00,Bus,29.639901631054492,22,6,22.03289042018634,8.48
2025-03-28 03:00:00,Two-Wheeler,76.97317041006144,22,6,34.12864241637067,7.63
2025-03-28 03:15:00,Two-Wheeler,89.04385560561127,11,4,20.165635611612295,12.65
2025-03-28 03:30:00,Two-Wheeler,61.23962278641539,22,2,16.102254644972003,7.1
2025-03-28 03:45:00,Car,40.42174430090526,7,9,29.213879677105098,7.79
2025-03-28 04:00:00,Car,63.02106972291805,7,4,33.64801664741675,5.39
2025-03-28 04:15:00,Two-Wheeler,31.90619935824812,11,4,27.74300514442397,7.53
2025-03-28 04:30:00,Car,56.074018414404016,50,2,21.16941507692027,12.09
2025-03-28 04:45:00,Car,30.939638311520035,50,3,24.05688482030466,8.01
2025-03-28 05:00:00,Bus,53.483098647216806,22,10,24.838818053279436,10.53
2025-03-28 05:15:00,Car,16.876789223124756,7,1,30.478937928219356,5.62
2025-03-28 05:30:00,Two-Wheeler,17.98478204878599,50,0,10.708565652059672,7.68
2025-03-28 05:45:00,Two-Wheeler,44.25300221608902,11,0,26.392576498775362,12.73
2025-03-28 06:00:00,Car,53.412724624807694,22,8,24.511785046603787,5.54
2025-03-28 06:15:00,Bus,20.822288847229583,50,6,34.19742275697726,12.58
2025-03-28 06:30:00,Car,53.8215063718292,7,6,17.511731059705248,7.59
2025-03-28 06:45:00,Car,42.09638206965099,50,10,31.485304724045147,10.98
2025-03-28 07:00:00,Car,28.915597563846877,11,1,79.84480636657088,10.11
2025-03-28 07:15:00,Two-Wheeler,15.84960739536092,7,7,77.65283346194322,6.85
2025-03-28 07:30:00,Two-Wheeler,24.68903727698448,11,7,74.84159029347501,5.66
2025-03-28 07:45:00,Bus,15.286650094428712,50,1,65.7293275227977,14.77
2025-03-28 08:00:00,Two-Wheeler,19.778347409739364,11,7,74.76843097466795,6.59
2025-03-28 08:15:00,Bus,52.94843347755506,11,0,91.93453985653807,8.4
2025-03-28 08:30:00,Car,44.9634836872855,11,2,78.34184757945711,8.48
2025-03-28 08:45:00,Bus,32.44721133609774,11,5,76.30936316928567,7.0
2025-03-28 09:00:00,Car,33.76961381315792,11,5,87.06781991243594,6.95
2025-03-28 09:15:00,Two-Wheeler,47.832616020063206,7,5,84.82883674541922,9.52
2025-03-28 09:30:00,Two-Wheeler,38.1444374596296,22,5,73.92543526368188,7.76
2025-03-28 09:45:00,Car,22.55700775158325,7,5,100.0,9.97
2025-03-28 10:00:00,Car,23.82673318462972,11,9,80.73257576986171,8.89
2025-03-28 10:15:00,Car,27.495064156673816,22,5,74.35518091589887,11.63
2025-03-28 10:30:00,Bus,41.266443255560304,50,8,80.96511013470744,6.59
2025-03-28 10:45:00,Car,56.107327103154425,50,8,98.46873705979733,9.96
2025-03-28 11:00:00,Bus,83.51992673381682,11,1,59.96791632432165,7.99
2025-03-28 11:15:00,Bus,46.730897934108256,22,3,55.194126759529524,10.33
2025-03-28 11:30:00,Two-Wheeler,27.12396530316829,11,6,36.45065421623343,14.93
2025-03-28 11:45:00,Bus,51.82827399383011,7,9,43.83753495506698,8.72
2025-03-28 12:00:00,Bus,58.57083331035914,50,9,58.917122686846035,10.97
2025-03-28 12:15:00,Car,30.397013333998196,22,3,57.52251491316787,14.4
2025-03-28 12:30:00,Bus,19.68431862565511,50,5,58.6553470869558,6.99
2025-03-28 12:45:00,Two-Wheeler,36.43087736900672,22,11,70.2248125748248,11.98
2025-03-28 13:00:00,Two-Wheeler,52.62489697724743,7,1,54.8431645760311,14.54
2025-03-28 13:15:00,Bus,59.21104442706701,7,4,58.0130097258056,10.09
2025-03-28 13:30:00,Two-Wheeler,15.301702242747869,7,3,36.95486630058151,5.4
2025-03-28 13:45:00,Bus,59.39207104868193,7,5,38.135467961665476,12.05
2025-03-28 14:00:00,Bus,34.638223116563005,50,0,33.113828935088634,8.34
2025-03-28 14:15:00,Car,65.68640070731179,22,2,43.495241673502285,6.95
2025-03-28 14:30:00,Two-Wheeler,12.013672293350213,22,6,54.52295012026812,7.87
2025-03-28 14:45:00,Car,40.745227829713485,50,1,45.3781168983711,9.29
2025-03-28 15:00:00,Bus,15.324656093660895,7,5,56.51008841881903,10.61
2025-03-28 15:15:00,Bus,80.12202605339607,50,10,45.9083180094055,7.45
2025-03-28 15:30:00,Bus,87.23815280025318,50,0,58.51728690250336,6.36
2025-03-28 15:45:00,Car,46.34202141725709,7,5,62.80379774877642,5.59
2025-03-28 16:00:00,Car,20.192679612480383,50,6,50.84124027936559,12.88
2025-03-28 16:15:00,Two-Wheeler,28.759531721288095,7,4,55.17066704942954,5.88
2025-03-28 16:30:00,Two-Wheeler,44.52582476430959,11,2,53.111824768232395,6.29
2025-03-28 16:45:00,Bus,27.85287268478736,50,1,49.52533875002896,5.37
2025-03-28 17:00:00,Bus,24.46173493862897,11,7,100.0,11.04
2025-03-28 17:15:00,Bus,28.175295973728698,22,7,78.6924015433204,7.56
2025-03-28 17:30:00,Two-Wheeler,60.36907121971642,50,10,99.82364840560734,5.71
2025-03-28 17:45:00,Two-Wheeler,54.25756645902561,50,6,85.95124185361853,8.25
2025-03-28 18:00:00,Bus,19.882348238179777,50,4,94.34649472257755,12.17
2025-03-28 18:15:00,Bus,31.763842099399803,11,10,93.18207105189396,12.41
2025-03-28 18:30:00,Car,33.37576970811215,7,4,100.0,14.64
2025-03-28 18:45:00,Bus,24.889835953332728,22,3,100.0,5.84
2025-03-28 19:00:00,Bus,33.65119479314612,50,8,93.23264175141412,8.26
2025-03-28 19:15:00,Two-Wheeler,25.650493045991873,7,0,76.45204217636433,11.78
2025-03-28 19:30:00,Two-Wheeler,46.42324790498624,50,0,91.85284275393647,6.95
2025-03-28 19:45:00,Bus,14.020065367756263,11,4,87.32304083009123,5.96
2025-03-28 20:00:00,Bus,44.637155998180475,11,5,76.464151495068,9.12
2025-03-28 20:15:00,Bus,27.06338349211247,7,9,100.0,13.63
2025-03-28 20:30:00,Two-Wheeler,30.344661388899592,11,10,94.86731343192763,12.0
2025-03-28 20:45:00,Car,24.068833536879467,22,1,70.54290269951254,5.02
2025-03-28 21:00:00,Two-Wheeler,56.81104783077662,50,0,81.90899188327556,5.08
2025-03-28 21:15:00,Two-Wheeler,38.46245245142857,7,5,86.79313625891669,10.09
2025-03-28 21:30:00,Two-Wheeler,63.392725524317036,50,6,76.3791873903957,14.33
2025-03-28 21:45:00,Car,30.64169358390722,22,4,80.83882291006,14.14
2025-03-28 22:00:00,Bus,28.290299236554112,22,5,31.85257939337103,12.57
2025-03-28 22:15:00,Two-Wheeler,26.97979099252226,11,6,23.468609364848884,9.59
2025-03-28 22:30:00,Two-Wheeler,34.50273473121767,7,4,21.879759121269785,14.83
2025-03-28 22:45:00,Two-Wheeler,44.231826805978606,11,5,19.590496011646103,7.46
2025-03-28 23:00:00,Car,89.1795276779954,50,9,34.2060065866481,14.09
2025-03-28 23:15:00,Bus,9.107003836267744,22,5,19.6582344083794,14.67
2025-03-28 23:30:00,Two-Wheeler,12.43655771966287,11,1,30.858874360199774,8.24
2025-03-28 23:45:00,Bus,49.606616916617,7,4,24.06896391624384,9.9
2025-03-29 00:00:00,Two-Wheeler,28.772684781061614,22,6,25.992568891333008,14.85
2025-03-29 00:15:00,Two-Wheeler,41.17037314292456,50,9,32.81691755111682,7.53
